2025-10-30 20:08:30,764 [INFO] === Flask Dashboard started ===
2025-10-30 20:08:30,766 [INFO] Loading model and scaler...
2025-10-30 20:08:37,522 [INFO] Model and scaler loaded successfully.
2025-10-30 20:08:37,769 [INFO] [31m[1mWARNING: This is a development server. Do not use it in a production deployment. Use a production WSGI server instead.[0m
 * Running on all addresses (0.0.0.0)
 * Running on http://127.0.0.1:5000
 * Running on http://192.168.1.28:5000
2025-10-30 20:08:37,770 [INFO] [33mPress CTRL+C to quit[0m
2025-10-30 20:08:37,774 [INFO]  * Restarting with stat
2025-10-30 20:08:39,905 [INFO] === Flask Dashboard started ===
2025-10-30 20:08:39,906 [INFO] Loading model and scaler...
2025-10-30 20:08:41,815 [INFO] Model and scaler loaded successfully.
2025-10-30 20:08:41,845 [WARNING]  * Debugger is active!
2025-10-30 20:08:41,852 [INFO]  * Debugger PIN: 130-245-796
2025-10-30 20:08:51,667 [INFO] 192.168.1.28 - - [30/Oct/2025 20:08:51] "GET / HTTP/1.1" 200 -
2025-10-30 20:08:51,996 [INFO] 192.168.1.28 - - [30/Oct/2025 20:08:51] "GET /static/style.css HTTP/1.1" 200 -
2025-10-30 20:08:52,290 [INFO] 192.168.1.28 - - [30/Oct/2025 20:08:52] "[33mGET /favicon.ico HTTP/1.1[0m" 404 -
2025-10-30 20:08:59,971 [INFO] 192.168.1.28 - - [30/Oct/2025 20:08:59] "[32mPOST /login HTTP/1.1[0m" 302 -
2025-10-30 20:09:00,686 [DEBUG] matplotlib data path: C:\Users\Abhishek\AppData\Roaming\Python\Python313\site-packages\matplotlib\mpl-data
2025-10-30 20:09:00,731 [DEBUG] CONFIGDIR=C:\Users\Abhishek\.matplotlib
2025-10-30 20:09:00,735 [DEBUG] interactive is False
2025-10-30 20:09:00,736 [DEBUG] platform is win32
2025-10-30 20:09:00,904 [DEBUG] CACHEDIR=C:\Users\Abhishek\.matplotlib
2025-10-30 20:09:00,935 [DEBUG] Using fontManager instance from C:\Users\Abhishek\.matplotlib\fontlist-v390.json
2025-10-30 20:09:01,909 [DEBUG] Loaded backend Agg version v2.2.
2025-10-30 20:09:01,916 [DEBUG] findfont: Matching sans\-serif:style=normal:variant=normal:weight=normal:stretch=normal:size=10.0.
2025-10-30 20:09:01,917 [DEBUG] findfont: score(FontEntry(fname='C:\\Users\\Abhishek\\AppData\\Roaming\\Python\\Python313\\site-packages\\matplotlib\\mpl-data\\fonts\\ttf\\cmr10.ttf', name='cmr10', style='normal', variant='normal', weight=400, stretch='normal', size='scalable')) = 10.05
2025-10-30 20:09:01,917 [DEBUG] findfont: score(FontEntry(fname='C:\\Users\\Abhishek\\AppData\\Roaming\\Python\\Python313\\site-packages\\matplotlib\\mpl-data\\fonts\\ttf\\DejaVuSansMono-Bold.ttf', name='DejaVu Sans Mono', style='normal', variant='normal', weight=700, stretch='normal', size='scalable')) = 10.335
2025-10-30 20:09:01,918 [DEBUG] findfont: score(FontEntry(fname='C:\\Users\\Abhishek\\AppData\\Roaming\\Python\\Python313\\site-packages\\matplotlib\\mpl-data\\fonts\\ttf\\STIXGeneralBol.ttf', name='STIXGeneral', style='normal', variant='normal', weight=700, stretch='normal', size='scalable')) = 10.335
2025-10-30 20:09:01,918 [DEBUG] findfont: score(FontEntry(fname='C:\\Users\\Abhishek\\AppData\\Roaming\\Python\\Python313\\site-packages\\matplotlib\\mpl-data\\fonts\\ttf\\cmb10.ttf', name='cmb10', style='normal', variant='normal', weight=400, stretch='normal', size='scalable')) = 10.05
2025-10-30 20:09:01,919 [DEBUG] findfont: score(FontEntry(fname='C:\\Users\\Abhishek\\AppData\\Roaming\\Python\\Python313\\site-packages\\matplotlib\\mpl-data\\fonts\\ttf\\cmss10.ttf', name='cmss10', style='normal', variant='normal', weight=400, stretch='normal', size='scalable')) = 10.05
2025-10-30 20:09:01,919 [DEBUG] findfont: score(FontEntry(fname='C:\\Users\\Abhishek\\AppData\\Roaming\\Python\\Python313\\site-packages\\matplotlib\\mpl-data\\fonts\\ttf\\DejaVuSans.ttf', name='DejaVu Sans', style='normal', variant='normal', weight=400, stretch='normal', size='scalable')) = 0.05
2025-10-30 20:09:01,920 [DEBUG] findfont: score(FontEntry(fname='C:\\Users\\Abhishek\\AppData\\Roaming\\Python\\Python313\\site-packages\\matplotlib\\mpl-data\\fonts\\ttf\\STIXSizFourSymBol.ttf', name='STIXSizeFourSym', style='normal', variant='normal', weight=700, stretch='normal', size='scalable')) = 10.335
2025-10-30 20:09:01,920 [DEBUG] findfont: score(FontEntry(fname='C:\\Users\\Abhishek\\AppData\\Roaming\\Python\\Python313\\site-packages\\matplotlib\\mpl-data\\fonts\\ttf\\STIXGeneralItalic.ttf', name='STIXGeneral', style='italic', variant='normal', weight=400, stretch='normal', size='scalable')) = 11.05
2025-10-30 20:09:01,921 [DEBUG] findfont: score(FontEntry(fname='C:\\Users\\Abhishek\\AppData\\Roaming\\Python\\Python313\\site-packages\\matplotlib\\mpl-data\\fonts\\ttf\\DejaVuSans-BoldOblique.ttf', name='DejaVu Sans', style='oblique', variant='normal', weight=700, stretch='normal', size='scalable')) = 1.335
2025-10-30 20:09:01,921 [DEBUG] findfont: score(FontEntry(fname='C:\\Users\\Abhishek\\AppData\\Roaming\\Python\\Python313\\site-packages\\matplotlib\\mpl-data\\fonts\\ttf\\DejaVuSans-Bold.ttf', name='DejaVu Sans', style='normal', variant='normal', weight=700, stretch='normal', size='scalable')) = 0.33499999999999996
2025-10-30 20:09:01,922 [DEBUG] findfont: score(FontEntry(fname='C:\\Users\\Abhishek\\AppData\\Roaming\\Python\\Python313\\site-packages\\matplotlib\\mpl-data\\fonts\\ttf\\STIXNonUni.ttf', name='STIXNonUnicode', style='normal', variant='normal', weight=400, stretch='normal', size='scalable')) = 10.05
2025-10-30 20:09:01,922 [DEBUG] findfont: score(FontEntry(fname='C:\\Users\\Abhishek\\AppData\\Roaming\\Python\\Python313\\site-packages\\matplotlib\\mpl-data\\fonts\\ttf\\DejaVuSansMono.ttf', name='DejaVu Sans Mono', style='normal', variant='normal', weight=400, stretch='normal', size='scalable')) = 10.05
2025-10-30 20:09:01,923 [DEBUG] findfont: score(FontEntry(fname='C:\\Users\\Abhishek\\AppData\\Roaming\\Python\\Python313\\site-packages\\matplotlib\\mpl-data\\fonts\\ttf\\STIXSizOneSymBol.ttf', name='STIXSizeOneSym', style='normal', variant='normal', weight=700, stretch='normal', size='scalable')) = 10.335
2025-10-30 20:09:01,923 [DEBUG] findfont: score(FontEntry(fname='C:\\Users\\Abhishek\\AppData\\Roaming\\Python\\Python313\\site-packages\\matplotlib\\mpl-data\\fonts\\ttf\\DejaVuSerif-Italic.ttf', name='DejaVu Serif', style='italic', variant='normal', weight=400, stretch='normal', size='scalable')) = 11.05
2025-10-30 20:09:01,924 [DEBUG] findfont: score(FontEntry(fname='C:\\Users\\Abhishek\\AppData\\Roaming\\Python\\Python313\\site-packages\\matplotlib\\mpl-data\\fonts\\ttf\\STIXNonUniBol.ttf', name='STIXNonUnicode', style='normal', variant='normal', weight=700, stretch='normal', size='scalable')) = 10.335
2025-10-30 20:09:01,924 [DEBUG] findfont: score(FontEntry(fname='C:\\Users\\Abhishek\\AppData\\Roaming\\Python\\Python313\\site-packages\\matplotlib\\mpl-data\\fonts\\ttf\\STIXSizFiveSymReg.ttf', name='STIXSizeFiveSym', style='normal', variant='normal', weight=400, stretch='normal', size='scalable')) = 10.05
2025-10-30 20:09:01,925 [DEBUG] findfont: score(FontEntry(fname='C:\\Users\\Abhishek\\AppData\\Roaming\\Python\\Python313\\site-packages\\matplotlib\\mpl-data\\fonts\\ttf\\DejaVuSerifDisplay.ttf', name='DejaVu Serif Display', style='normal', variant='normal', weight=400, stretch='normal', size='scalable')) = 10.05
2025-10-30 20:09:01,925 [DEBUG] findfont: score(FontEntry(fname='C:\\Users\\Abhishek\\AppData\\Roaming\\Python\\Python313\\site-packages\\matplotlib\\mpl-data\\fonts\\ttf\\STIXSizFourSymReg.ttf', name='STIXSizeFourSym', style='normal', variant='normal', weight=400, stretch='normal', size='scalable')) = 10.05
2025-10-30 20:09:01,926 [DEBUG] findfont: score(FontEntry(fname='C:\\Users\\Abhishek\\AppData\\Roaming\\Python\\Python313\\site-packages\\matplotlib\\mpl-data\\fonts\\ttf\\DejaVuSansMono-BoldOblique.ttf', name='DejaVu Sans Mono', style='oblique', variant='normal', weight=700, stretch='normal', size='scalable')) = 11.335
2025-10-30 20:09:01,926 [DEBUG] findfont: score(FontEntry(fname='C:\\Users\\Abhishek\\AppData\\Roaming\\Python\\Python313\\site-packages\\matplotlib\\mpl-data\\fonts\\ttf\\DejaVuSans-Oblique.ttf', name='DejaVu Sans', style='oblique', variant='normal', weight=400, stretch='normal', size='scalable')) = 1.05
2025-10-30 20:09:01,927 [DEBUG] findfont: score(FontEntry(fname='C:\\Users\\Abhishek\\AppData\\Roaming\\Python\\Python313\\site-packages\\matplotlib\\mpl-data\\fonts\\ttf\\STIXGeneralBolIta.ttf', name='STIXGeneral', style='italic', variant='normal', weight=700, stretch='normal', size='scalable')) = 11.335
2025-10-30 20:09:01,928 [DEBUG] findfont: score(FontEntry(fname='C:\\Users\\Abhishek\\AppData\\Roaming\\Python\\Python313\\site-packages\\matplotlib\\mpl-data\\fonts\\ttf\\DejaVuSerif.ttf', name='DejaVu Serif', style='normal', variant='normal', weight=400, stretch='normal', size='scalable')) = 10.05
2025-10-30 20:09:01,929 [DEBUG] findfont: score(FontEntry(fname='C:\\Users\\Abhishek\\AppData\\Roaming\\Python\\Python313\\site-packages\\matplotlib\\mpl-data\\fonts\\ttf\\cmsy10.ttf', name='cmsy10', style='normal', variant='normal', weight=400, stretch='normal', size='scalable')) = 10.05
2025-10-30 20:09:01,930 [DEBUG] findfont: score(FontEntry(fname='C:\\Users\\Abhishek\\AppData\\Roaming\\Python\\Python313\\site-packages\\matplotlib\\mpl-data\\fonts\\ttf\\STIXNonUniIta.ttf', name='STIXNonUnicode', style='italic', variant='normal', weight=400, stretch='normal', size='scalable')) = 11.05
2025-10-30 20:09:01,931 [DEBUG] findfont: score(FontEntry(fname='C:\\Users\\Abhishek\\AppData\\Roaming\\Python\\Python313\\site-packages\\matplotlib\\mpl-data\\fonts\\ttf\\STIXSizTwoSymReg.ttf', name='STIXSizeTwoSym', style='normal', variant='normal', weight=400, stretch='normal', size='scalable')) = 10.05
2025-10-30 20:09:01,932 [DEBUG] findfont: score(FontEntry(fname='C:\\Users\\Abhishek\\AppData\\Roaming\\Python\\Python313\\site-packages\\matplotlib\\mpl-data\\fonts\\ttf\\cmmi10.ttf', name='cmmi10', style='normal', variant='normal', weight=400, stretch='normal', size='scalable')) = 10.05
2025-10-30 20:09:01,932 [DEBUG] findfont: score(FontEntry(fname='C:\\Users\\Abhishek\\AppData\\Roaming\\Python\\Python313\\site-packages\\matplotlib\\mpl-data\\fonts\\ttf\\DejaVuSerif-Bold.ttf', name='DejaVu Serif', style='normal', variant='normal', weight=700, stretch='normal', size='scalable')) = 10.335
2025-10-30 20:09:01,933 [DEBUG] findfont: score(FontEntry(fname='C:\\Users\\Abhishek\\AppData\\Roaming\\Python\\Python313\\site-packages\\matplotlib\\mpl-data\\fonts\\ttf\\DejaVuSansDisplay.ttf', name='DejaVu Sans Display', style='normal', variant='normal', weight=400, stretch='normal', size='scalable')) = 10.05
2025-10-30 20:09:01,934 [DEBUG] findfont: score(FontEntry(fname='C:\\Users\\Abhishek\\AppData\\Roaming\\Python\\Python313\\site-packages\\matplotlib\\mpl-data\\fonts\\ttf\\DejaVuSansMono-Oblique.ttf', name='DejaVu Sans Mono', style='oblique', variant='normal', weight=400, stretch='normal', size='scalable')) = 11.05
2025-10-30 20:09:01,934 [DEBUG] findfont: score(FontEntry(fname='C:\\Users\\Abhishek\\AppData\\Roaming\\Python\\Python313\\site-packages\\matplotlib\\mpl-data\\fonts\\ttf\\STIXSizThreeSymBol.ttf', name='STIXSizeThreeSym', style='normal', variant='normal', weight=700, stretch='normal', size='scalable')) = 10.335
2025-10-30 20:09:01,935 [DEBUG] findfont: score(FontEntry(fname='C:\\Users\\Abhishek\\AppData\\Roaming\\Python\\Python313\\site-packages\\matplotlib\\mpl-data\\fonts\\ttf\\STIXSizThreeSymReg.ttf', name='STIXSizeThreeSym', style='normal', variant='normal', weight=400, stretch='normal', size='scalable')) = 10.05
2025-10-30 20:09:01,935 [DEBUG] findfont: score(FontEntry(fname='C:\\Users\\Abhishek\\AppData\\Roaming\\Python\\Python313\\site-packages\\matplotlib\\mpl-data\\fonts\\ttf\\cmex10.ttf', name='cmex10', style='normal', variant='normal', weight=400, stretch='normal', size='scalable')) = 10.05
2025-10-30 20:09:01,936 [DEBUG] findfont: score(FontEntry(fname='C:\\Users\\Abhishek\\AppData\\Roaming\\Python\\Python313\\site-packages\\matplotlib\\mpl-data\\fonts\\ttf\\cmtt10.ttf', name='cmtt10', style='normal', variant='normal', weight=400, stretch='normal', size='scalable')) = 10.05
2025-10-30 20:09:01,936 [DEBUG] findfont: score(FontEntry(fname='C:\\Users\\Abhishek\\AppData\\Roaming\\Python\\Python313\\site-packages\\matplotlib\\mpl-data\\fonts\\ttf\\STIXSizTwoSymBol.ttf', name='STIXSizeTwoSym', style='normal', variant='normal', weight=700, stretch='normal', size='scalable')) = 10.335
2025-10-30 20:09:01,937 [DEBUG] findfont: score(FontEntry(fname='C:\\Users\\Abhishek\\AppData\\Roaming\\Python\\Python313\\site-packages\\matplotlib\\mpl-data\\fonts\\ttf\\STIXGeneral.ttf', name='STIXGeneral', style='normal', variant='normal', weight=400, stretch='normal', size='scalable')) = 10.05
2025-10-30 20:09:01,937 [DEBUG] findfont: score(FontEntry(fname='C:\\Users\\Abhishek\\AppData\\Roaming\\Python\\Python313\\site-packages\\matplotlib\\mpl-data\\fonts\\ttf\\DejaVuSerif-BoldItalic.ttf', name='DejaVu Serif', style='italic', variant='normal', weight=700, stretch='normal', size='scalable')) = 11.335
2025-10-30 20:09:01,938 [DEBUG] findfont: score(FontEntry(fname='C:\\Users\\Abhishek\\AppData\\Roaming\\Python\\Python313\\site-packages\\matplotlib\\mpl-data\\fonts\\ttf\\STIXNonUniBolIta.ttf', name='STIXNonUnicode', style='italic', variant='normal', weight=700, stretch='normal', size='scalable')) = 11.335
2025-10-30 20:09:01,940 [DEBUG] findfont: score(FontEntry(fname='C:\\Users\\Abhishek\\AppData\\Roaming\\Python\\Python313\\site-packages\\matplotlib\\mpl-data\\fonts\\ttf\\STIXSizOneSymReg.ttf', name='STIXSizeOneSym', style='normal', variant='normal', weight=400, stretch='normal', size='scalable')) = 10.05
2025-10-30 20:09:01,940 [DEBUG] findfont: score(FontEntry(fname='C:\\Windows\\Fonts\\GOTHICBI.TTF', name='Century Gothic', style='italic', variant='normal', weight=700, stretch='normal', size='scalable')) = 11.335
2025-10-30 20:09:01,941 [DEBUG] findfont: score(FontEntry(fname='C:\\Windows\\Fonts\\seguiemj.ttf', name='Segoe UI Emoji', style='normal', variant='normal', weight=400, stretch='normal', size='scalable')) = 10.05
2025-10-30 20:09:01,942 [DEBUG] findfont: score(FontEntry(fname='C:\\Windows\\Fonts\\FRABK.TTF', name='Franklin Gothic Book', style='normal', variant='normal', weight=400, stretch='normal', size='scalable')) = 10.05
2025-10-30 20:09:01,943 [DEBUG] findfont: score(FontEntry(fname='C:\\Windows\\Fonts\\georgiai.ttf', name='Georgia', style='italic', variant='normal', weight=400, stretch='normal', size='scalable')) = 11.05
2025-10-30 20:09:01,944 [DEBUG] findfont: score(FontEntry(fname='C:\\Windows\\Fonts\\SNAP____.TTF', name='Snap ITC', style='normal', variant='normal', weight=400, stretch='normal', size='scalable')) = 10.05
2025-10-30 20:09:01,946 [DEBUG] findfont: score(FontEntry(fname='C:\\Windows\\Fonts\\segoepr.ttf', name='Segoe Print', style='normal', variant='normal', weight=400, stretch='normal', size='scalable')) = 10.05
2025-10-30 20:09:01,948 [DEBUG] findfont: score(FontEntry(fname='C:\\Windows\\Fonts\\seguisb.ttf', name='Segoe UI', style='normal', variant='normal', weight=600, stretch='normal', size='scalable')) = 10.24
2025-10-30 20:09:01,948 [DEBUG] findfont: score(FontEntry(fname='C:\\Windows\\Fonts\\FELIXTI.TTF', name='Felix Titling', style='normal', variant='normal', weight=400, stretch='normal', size='scalable')) = 10.05
2025-10-30 20:09:01,949 [DEBUG] findfont: score(FontEntry(fname='C:\\Windows\\Fonts\\GARA.TTF', name='Garamond', style='normal', variant='normal', weight=400, stretch='normal', size='scalable')) = 10.05
2025-10-30 20:09:01,950 [DEBUG] findfont: score(FontEntry(fname='C:\\Windows\\Fonts\\ariblk.ttf', name='Arial', style='normal', variant='normal', weight=900, stretch='normal', size='scalable')) = 6.888636363636364
2025-10-30 20:09:01,951 [DEBUG] findfont: score(FontEntry(fname='C:\\Windows\\Fonts\\Gabriola.ttf', name='Gabriola', style='normal', variant='normal', weight=400, stretch='normal', size='scalable')) = 10.05
2025-10-30 20:09:01,952 [DEBUG] findfont: score(FontEntry(fname='C:\\Windows\\Fonts\\ARIALN.TTF', name='Arial', style='normal', variant='normal', weight=400, stretch='condensed', size='scalable')) = 6.613636363636363
2025-10-30 20:09:01,953 [DEBUG] findfont: score(FontEntry(fname='C:\\Windows\\Fonts\\TCCM____.TTF', name='Tw Cen MT Condensed', style='normal', variant='normal', weight=400, stretch='condensed', size='scalable')) = 10.25
2025-10-30 20:09:01,954 [DEBUG] findfont: score(FontEntry(fname='C:\\Windows\\Fonts\\LATINWD.TTF', name='Wide Latin', style='normal', variant='normal', weight=400, stretch='expanded', size='scalable')) = 10.25
2025-10-30 20:09:01,955 [DEBUG] findfont: score(FontEntry(fname='C:\\Windows\\Fonts\\LTYPE.TTF', name='Lucida Sans Typewriter', style='normal', variant='normal', weight=400, stretch='normal', size='scalable')) = 10.05
2025-10-30 20:09:01,956 [DEBUG] findfont: score(FontEntry(fname='C:\\Windows\\Fonts\\BSSYM7.TTF', name='Bookshelf Symbol 7', style='normal', variant='normal', weight=400, stretch='normal', size='scalable')) = 10.05
2025-10-30 20:09:01,957 [DEBUG] findfont: score(FontEntry(fname='C:\\Windows\\Fonts\\GIL_____.TTF', name='Gill Sans MT', style='normal', variant='normal', weight=400, stretch='normal', size='scalable')) = 10.05
2025-10-30 20:09:01,957 [DEBUG] findfont: score(FontEntry(fname='C:\\Windows\\Fonts\\pala.ttf', name='Palatino Linotype', style='normal', variant='normal', weight=400, stretch='normal', size='scalable')) = 10.05
2025-10-30 20:09:01,958 [DEBUG] findfont: score(FontEntry(fname='C:\\Windows\\Fonts\\GARAIT.TTF', name='Garamond', style='italic', variant='normal', weight=400, stretch='normal', size='scalable')) = 11.05
2025-10-30 20:09:01,958 [DEBUG] findfont: score(FontEntry(fname='C:\\Windows\\Fonts\\CURLZ___.TTF', name='Curlz MT', style='normal', variant='normal', weight=400, stretch='normal', size='scalable')) = 10.05
2025-10-30 20:09:01,959 [DEBUG] findfont: score(FontEntry(fname='C:\\Windows\\Fonts\\corbelli.ttf', name='Corbel', style='italic', variant='normal', weight=300, stretch='normal', size='scalable')) = 11.145
2025-10-30 20:09:01,959 [DEBUG] findfont: score(FontEntry(fname='C:\\Windows\\Fonts\\COOPBL.TTF', name='Cooper Black', style='normal', variant='normal', weight=400, stretch='normal', size='scalable')) = 10.05
2025-10-30 20:09:01,960 [DEBUG] findfont: score(FontEntry(fname='C:\\Windows\\Fonts\\ARLRDBD.TTF', name='Arial Rounded MT Bold', style='normal', variant='normal', weight=400, stretch='normal', size='scalable')) = 10.05
2025-10-30 20:09:01,963 [DEBUG] findfont: score(FontEntry(fname='C:\\Windows\\Fonts\\trebuc.ttf', name='Trebuchet MS', style='normal', variant='normal', weight=400, stretch='normal', size='scalable')) = 10.05
2025-10-30 20:09:01,964 [DEBUG] findfont: score(FontEntry(fname='C:\\Windows\\Fonts\\LFAXD.TTF', name='Lucida Fax', style='normal', variant='normal', weight=600, stretch='normal', size='scalable')) = 10.24
2025-10-30 20:09:01,964 [DEBUG] findfont: score(FontEntry(fname='C:\\Windows\\Fonts\\courbi.ttf', name='Courier New', style='italic', variant='normal', weight=700, stretch='normal', size='scalable')) = 11.335
2025-10-30 20:09:01,965 [DEBUG] findfont: score(FontEntry(fname='C:\\Windows\\Fonts\\CALISTBI.TTF', name='Calisto MT', style='italic', variant='normal', weight=700, stretch='normal', size='scalable')) = 11.335
2025-10-30 20:09:01,965 [DEBUG] findfont: score(FontEntry(fname='C:\\Windows\\Fonts\\segoeuisl.ttf', name='Segoe UI', style='normal', variant='normal', weight=350, stretch='normal', size='scalable')) = 10.0975
2025-10-30 20:09:01,966 [DEBUG] findfont: score(FontEntry(fname='C:\\Windows\\Fonts\\couri.ttf', name='Courier New', style='italic', variant='normal', weight=400, stretch='normal', size='scalable')) = 11.05
2025-10-30 20:09:01,967 [DEBUG] findfont: score(FontEntry(fname='C:\\Windows\\Fonts\\SCRIPTBL.TTF', name='Script MT Bold', style='normal', variant='normal', weight=700, stretch='normal', size='scalable')) = 10.335
2025-10-30 20:09:01,967 [DEBUG] findfont: score(FontEntry(fname='C:\\Windows\\Fonts\\ELEPHNTI.TTF', name='Elephant', style='italic', variant='normal', weight=400, stretch='normal', size='scalable')) = 11.05
2025-10-30 20:09:01,968 [DEBUG] findfont: score(FontEntry(fname='C:\\Windows\\Fonts\\LSANS.TTF', name='Lucida Sans', style='normal', variant='normal', weight=400, stretch='normal', size='scalable')) = 10.05
2025-10-30 20:09:01,968 [DEBUG] findfont: score(FontEntry(fname='C:\\Windows\\Fonts\\RAVIE.TTF', name='Ravie', style='normal', variant='normal', weight=400, stretch='normal', size='scalable')) = 10.05
2025-10-30 20:09:01,969 [DEBUG] findfont: score(FontEntry(fname='C:\\Windows\\Fonts\\LTYPEO.TTF', name='Lucida Sans Typewriter', style='oblique', variant='normal', weight=400, stretch='normal', size='scalable')) = 11.05
2025-10-30 20:09:01,970 [DEBUG] findfont: score(FontEntry(fname='C:\\Windows\\Fonts\\framd.ttf', name='Franklin Gothic Medium', style='normal', variant='normal', weight=400, stretch='normal', size='scalable')) = 10.05
2025-10-30 20:09:01,970 [DEBUG] findfont: score(FontEntry(fname='C:\\Windows\\Fonts\\mmrtext.ttf', name='Myanmar Text', style='normal', variant='normal', weight=400, stretch='normal', size='scalable')) = 10.05
2025-10-30 20:09:01,970 [DEBUG] findfont: score(FontEntry(fname='C:\\Windows\\Fonts\\ENGR.TTF', name='Engravers MT', style='normal', variant='normal', weight=500, stretch='normal', size='scalable')) = 10.145
2025-10-30 20:09:01,971 [DEBUG] findfont: score(FontEntry(fname='C:\\Windows\\Fonts\\FREESCPT.TTF', name='Freestyle Script', style='normal', variant='normal', weight=400, stretch='normal', size='scalable')) = 10.05
2025-10-30 20:09:01,971 [DEBUG] findfont: score(FontEntry(fname='C:\\Windows\\Fonts\\BOD_B.TTF', name='Bodoni MT', style='normal', variant='normal', weight=700, stretch='normal', size='scalable')) = 10.335
2025-10-30 20:09:01,972 [DEBUG] findfont: score(FontEntry(fname='C:\\Windows\\Fonts\\segoeprb.ttf', name='Segoe Print', style='normal', variant='normal', weight=700, stretch='normal', size='scalable')) = 10.335
2025-10-30 20:09:01,972 [DEBUG] findfont: score(FontEntry(fname='C:\\Windows\\Fonts\\GOTHIC.TTF', name='Century Gothic', style='normal', variant='normal', weight=400, stretch='normal', size='scalable')) = 10.05
2025-10-30 20:09:01,972 [DEBUG] findfont: score(FontEntry(fname='C:\\Windows\\Fonts\\consola.ttf', name='Consolas', style='normal', variant='normal', weight=400, stretch='normal', size='scalable')) = 10.05
2025-10-30 20:09:01,973 [DEBUG] findfont: score(FontEntry(fname='C:\\Windows\\Fonts\\constani.ttf', name='Constantia', style='italic', variant='normal', weight=400, stretch='normal', size='scalable')) = 11.05
2025-10-30 20:09:01,974 [DEBUG] findfont: score(FontEntry(fname='C:\\Windows\\Fonts\\MOD20.TTF', name='Modern No. 20', style='normal', variant='normal', weight=400, stretch='normal', size='scalable')) = 10.05
2025-10-30 20:09:01,974 [DEBUG] findfont: score(FontEntry(fname='C:\\Windows\\Fonts\\BELLI.TTF', name='Bell MT', style='italic', variant='normal', weight=400, stretch='normal', size='scalable')) = 11.05
2025-10-30 20:09:01,975 [DEBUG] findfont: score(FontEntry(fname='C:\\Windows\\Fonts\\ARIALNB.TTF', name='Arial', style='normal', variant='normal', weight=700, stretch='condensed', size='scalable')) = 6.8986363636363635
2025-10-30 20:09:01,976 [DEBUG] findfont: score(FontEntry(fname='C:\\Windows\\Fonts\\LSANSD.TTF', name='Lucida Sans', style='normal', variant='normal', weight=600, stretch='normal', size='scalable')) = 10.24
2025-10-30 20:09:01,976 [DEBUG] findfont: score(FontEntry(fname='C:\\Windows\\Fonts\\COPRGTB.TTF', name='Copperplate Gothic Bold', style='normal', variant='normal', weight=400, stretch='normal', size='scalable')) = 10.05
2025-10-30 20:09:01,977 [DEBUG] findfont: score(FontEntry(fname='C:\\Windows\\Fonts\\ariali.ttf', name='Arial', style='italic', variant='normal', weight=400, stretch='normal', size='scalable')) = 7.413636363636363
2025-10-30 20:09:01,978 [DEBUG] findfont: score(FontEntry(fname='C:\\Windows\\Fonts\\ERASLGHT.TTF', name='Eras Light ITC', style='normal', variant='normal', weight=400, stretch='normal', size='scalable')) = 10.05
2025-10-30 20:09:01,979 [DEBUG] findfont: score(FontEntry(fname='C:\\Windows\\Fonts\\REFSPCL.TTF', name='MS Reference Specialty', style='normal', variant='normal', weight=400, stretch='normal', size='scalable')) = 10.05
2025-10-30 20:09:01,979 [DEBUG] findfont: score(FontEntry(fname='C:\\Windows\\Fonts\\WINGDNG3.TTF', name='Wingdings 3', style='normal', variant='normal', weight=400, stretch='normal', size='scalable')) = 10.05
2025-10-30 20:09:01,980 [DEBUG] findfont: score(FontEntry(fname='C:\\Windows\\Fonts\\GOUDYSTO.TTF', name='Goudy Stout', style='normal', variant='normal', weight=400, stretch='normal', size='scalable')) = 10.05
2025-10-30 20:09:01,981 [DEBUG] findfont: score(FontEntry(fname='C:\\Windows\\Fonts\\LFAXI.TTF', name='Lucida Fax', style='italic', variant='normal', weight=400, stretch='normal', size='scalable')) = 11.05
2025-10-30 20:09:01,982 [DEBUG] findfont: score(FontEntry(fname='C:\\Windows\\Fonts\\LeelUIsl.ttf', name='Leelawadee UI', style='normal', variant='normal', weight=350, stretch='normal', size='scalable')) = 10.0975
2025-10-30 20:09:01,983 [DEBUG] findfont: score(FontEntry(fname='C:\\Windows\\Fonts\\GOTHICI.TTF', name='Century Gothic', style='italic', variant='normal', weight=400, stretch='normal', size='scalable')) = 11.05
2025-10-30 20:09:01,984 [DEBUG] findfont: score(FontEntry(fname='C:\\Windows\\Fonts\\hpsimplifiedjpan-light.ttf', name='HP Simplified Jpan', style='normal', variant='normal', weight=300, stretch='normal', size='scalable')) = 10.145
2025-10-30 20:09:01,985 [DEBUG] findfont: score(FontEntry(fname='C:\\Windows\\Fonts\\PALSCRI.TTF', name='Palace Script MT', style='normal', variant='normal', weight=400, stretch='normal', size='scalable')) = 10.05
2025-10-30 20:09:01,986 [DEBUG] findfont: score(FontEntry(fname='C:\\Windows\\Fonts\\VINERITC.TTF', name='Viner Hand ITC', style='normal', variant='normal', weight=400, stretch='normal', size='scalable')) = 10.05
2025-10-30 20:09:01,986 [DEBUG] findfont: score(FontEntry(fname='C:\\Windows\\Fonts\\simsunb.ttf', name='SimSun-ExtB', style='normal', variant='normal', weight=400, stretch='normal', size='scalable')) = 10.05
2025-10-30 20:09:01,987 [DEBUG] findfont: score(FontEntry(fname='C:\\Windows\\Fonts\\webdings.ttf', name='Webdings', style='normal', variant='normal', weight=400, stretch='normal', size='scalable')) = 10.05
2025-10-30 20:09:01,987 [DEBUG] findfont: score(FontEntry(fname='C:\\Windows\\Fonts\\HPSimplified_Rg.ttf', name='HP Simplified', style='normal', variant='normal', weight=400, stretch='normal', size='scalable')) = 10.05
2025-10-30 20:09:01,988 [DEBUG] findfont: score(FontEntry(fname='C:\\Windows\\Fonts\\segoeuii.ttf', name='Segoe UI', style='italic', variant='normal', weight=400, stretch='normal', size='scalable')) = 11.05
2025-10-30 20:09:01,989 [DEBUG] findfont: score(FontEntry(fname='C:\\Windows\\Fonts\\calibriz.ttf', name='Calibri', style='italic', variant='normal', weight=700, stretch='normal', size='scalable')) = 11.335
2025-10-30 20:09:01,989 [DEBUG] findfont: score(FontEntry(fname='C:\\Windows\\Fonts\\BERNHC.TTF', name='Bernard MT Condensed', style='normal', variant='normal', weight=400, stretch='condensed', size='scalable')) = 10.25
2025-10-30 20:09:01,991 [DEBUG] findfont: score(FontEntry(fname='C:\\Windows\\Fonts\\LBRITED.TTF', name='Lucida Bright', style='normal', variant='normal', weight=600, stretch='normal', size='scalable')) = 10.24
2025-10-30 20:09:01,992 [DEBUG] findfont: score(FontEntry(fname='C:\\Windows\\Fonts\\calibril.ttf', name='Calibri', style='normal', variant='normal', weight=300, stretch='normal', size='scalable')) = 10.145
2025-10-30 20:09:01,993 [DEBUG] findfont: score(FontEntry(fname='C:\\Windows\\Fonts\\MTEXTRA.TTF', name='MT Extra', style='normal', variant='normal', weight=400, stretch='normal', size='scalable')) = 10.05
2025-10-30 20:09:01,997 [DEBUG] findfont: score(FontEntry(fname='C:\\Windows\\Fonts\\LBRITEI.TTF', name='Lucida Bright', style='italic', variant='normal', weight=400, stretch='normal', size='scalable')) = 11.05
2025-10-30 20:09:01,999 [DEBUG] findfont: score(FontEntry(fname='C:\\Windows\\Fonts\\Nirmala.ttc', name='Nirmala UI', style='normal', variant='normal', weight=400, stretch='normal', size='scalable')) = 10.05
2025-10-30 20:09:02,000 [DEBUG] findfont: score(FontEntry(fname='C:\\Windows\\Fonts\\cambriai.ttf', name='Cambria', style='italic', variant='normal', weight=400, stretch='normal', size='scalable')) = 11.05
2025-10-30 20:09:02,001 [DEBUG] findfont: score(FontEntry(fname='C:\\Windows\\Fonts\\PRISTINA.TTF', name='Pristina', style='normal', variant='normal', weight=400, stretch='normal', size='scalable')) = 10.05
2025-10-30 20:09:02,002 [DEBUG] findfont: score(FontEntry(fname='C:\\Windows\\Fonts\\SansSerifCollection.ttf', name='Sans Serif Collection', style='normal', variant='normal', weight=400, stretch='normal', size='scalable')) = 10.05
2025-10-30 20:09:02,003 [DEBUG] findfont: score(FontEntry(fname='C:\\Windows\\Fonts\\constanb.ttf', name='Constantia', style='normal', variant='normal', weight=700, stretch='normal', size='scalable')) = 10.335
2025-10-30 20:09:02,004 [DEBUG] findfont: score(FontEntry(fname='C:\\Windows\\Fonts\\TCM_____.TTF', name='Tw Cen MT', style='normal', variant='normal', weight=400, stretch='normal', size='scalable')) = 10.05
2025-10-30 20:09:02,005 [DEBUG] findfont: score(FontEntry(fname='C:\\Windows\\Fonts\\msjh.ttc', name='Microsoft JhengHei', style='normal', variant='normal', weight=400, stretch='normal', size='scalable')) = 10.05
2025-10-30 20:09:02,006 [DEBUG] findfont: score(FontEntry(fname='C:\\Windows\\Fonts\\sylfaen.ttf', name='Sylfaen', style='normal', variant='normal', weight=400, stretch='normal', size='scalable')) = 10.05
2025-10-30 20:09:02,008 [DEBUG] findfont: score(FontEntry(fname='C:\\Windows\\Fonts\\SCHLBKBI.TTF', name='Century Schoolbook', style='italic', variant='normal', weight=700, stretch='normal', size='scalable')) = 11.335
2025-10-30 20:09:02,009 [DEBUG] findfont: score(FontEntry(fname='C:\\Windows\\Fonts\\INFROMAN.TTF', name='Informal Roman', style='normal', variant='normal', weight=400, stretch='normal', size='scalable')) = 10.05
2025-10-30 20:09:02,010 [DEBUG] findfont: score(FontEntry(fname='C:\\Windows\\Fonts\\seguibli.ttf', name='Segoe UI', style='italic', variant='normal', weight=900, stretch='normal', size='scalable')) = 11.525
2025-10-30 20:09:02,014 [DEBUG] findfont: score(FontEntry(fname='C:\\Windows\\Fonts\\TCB_____.TTF', name='Tw Cen MT', style='normal', variant='normal', weight=700, stretch='normal', size='scalable')) = 10.335
2025-10-30 20:09:02,016 [DEBUG] findfont: score(FontEntry(fname='C:\\Windows\\Fonts\\WINGDNG2.TTF', name='Wingdings 2', style='normal', variant='normal', weight=400, stretch='normal', size='scalable')) = 10.05
2025-10-30 20:09:02,017 [DEBUG] findfont: score(FontEntry(fname='C:\\Windows\\Fonts\\FRAHVIT.TTF', name='Franklin Gothic Heavy', style='italic', variant='normal', weight=400, stretch='normal', size='scalable')) = 11.05
2025-10-30 20:09:02,018 [DEBUG] findfont: score(FontEntry(fname='C:\\Windows\\Fonts\\PERTILI.TTF', name='Perpetua Titling MT', style='normal', variant='normal', weight=300, stretch='normal', size='scalable')) = 10.145
2025-10-30 20:09:02,019 [DEBUG] findfont: score(FontEntry(fname='C:\\Windows\\Fonts\\LeelawUI.ttf', name='Leelawadee UI', style='normal', variant='normal', weight=400, stretch='normal', size='scalable')) = 10.05
2025-10-30 20:09:02,021 [DEBUG] findfont: score(FontEntry(fname='C:\\Windows\\Fonts\\CHILLER.TTF', name='Chiller', style='normal', variant='normal', weight=400, stretch='normal', size='scalable')) = 10.05
2025-10-30 20:09:02,022 [DEBUG] findfont: score(FontEntry(fname='C:\\Windows\\Fonts\\segoeui.ttf', name='Segoe UI', style='normal', variant='normal', weight=400, stretch='normal', size='scalable')) = 10.05
2025-10-30 20:09:02,023 [DEBUG] findfont: score(FontEntry(fname='C:\\Windows\\Fonts\\LFAX.TTF', name='Lucida Fax', style='normal', variant='normal', weight=400, stretch='normal', size='scalable')) = 10.05
2025-10-30 20:09:02,024 [DEBUG] findfont: score(FontEntry(fname='C:\\Windows\\Fonts\\CALIST.TTF', name='Calisto MT', style='normal', variant='normal', weight=400, stretch='normal', size='scalable')) = 10.05
2025-10-30 20:09:02,025 [DEBUG] findfont: score(FontEntry(fname='C:\\Windows\\Fonts\\palab.ttf', name='Palatino Linotype', style='normal', variant='normal', weight=700, stretch='normal', size='scalable')) = 10.335
2025-10-30 20:09:02,026 [DEBUG] findfont: score(FontEntry(fname='C:\\Windows\\Fonts\\CENTAUR.TTF', name='Centaur', style='normal', variant='normal', weight=400, stretch='normal', size='scalable')) = 10.05
2025-10-30 20:09:02,027 [DEBUG] findfont: score(FontEntry(fname='C:\\Windows\\Fonts\\LHANDW.TTF', name='Lucida Handwriting', style='italic', variant='normal', weight=400, stretch='normal', size='scalable')) = 11.05
2025-10-30 20:09:02,030 [DEBUG] findfont: score(FontEntry(fname='C:\\Windows\\Fonts\\segoesc.ttf', name='Segoe Script', style='normal', variant='normal', weight=400, stretch='normal', size='scalable')) = 10.05
2025-10-30 20:09:02,031 [DEBUG] findfont: score(FontEntry(fname='C:\\Windows\\Fonts\\palabi.ttf', name='Palatino Linotype', style='italic', variant='normal', weight=700, stretch='normal', size='scalable')) = 11.335
2025-10-30 20:09:02,032 [DEBUG] findfont: score(FontEntry(fname='C:\\Windows\\Fonts\\timesbd.ttf', name='Times New Roman', style='normal', variant='normal', weight=700, stretch='normal', size='scalable')) = 10.335
2025-10-30 20:09:02,033 [DEBUG] findfont: score(FontEntry(fname='C:\\Windows\\Fonts\\JOKERMAN.TTF', name='Jokerman', style='normal', variant='normal', weight=400, stretch='normal', size='scalable')) = 10.05
2025-10-30 20:09:02,033 [DEBUG] findfont: score(FontEntry(fname='C:\\Windows\\Fonts\\framdit.ttf', name='Franklin Gothic Medium', style='italic', variant='normal', weight=400, stretch='normal', size='scalable')) = 11.05
2025-10-30 20:09:02,034 [DEBUG] findfont: score(FontEntry(fname='C:\\Windows\\Fonts\\calibri.ttf', name='Calibri', style='normal', variant='normal', weight=400, stretch='normal', size='scalable')) = 10.05
2025-10-30 20:09:02,035 [DEBUG] findfont: score(FontEntry(fname='C:\\Windows\\Fonts\\georgia.ttf', name='Georgia', style='normal', variant='normal', weight=400, stretch='normal', size='scalable')) = 10.05
2025-10-30 20:09:02,036 [DEBUG] findfont: score(FontEntry(fname='C:\\Windows\\Fonts\\SCHLBKB.TTF', name='Century Schoolbook', style='normal', variant='normal', weight=700, stretch='normal', size='scalable')) = 10.335
2025-10-30 20:09:02,036 [DEBUG] findfont: score(FontEntry(fname='C:\\Windows\\Fonts\\ERASMD.TTF', name='Eras Medium ITC', style='normal', variant='normal', weight=400, stretch='normal', size='scalable')) = 10.05
2025-10-30 20:09:02,037 [DEBUG] findfont: score(FontEntry(fname='C:\\Windows\\Fonts\\COPRGTL.TTF', name='Copperplate Gothic Light', style='normal', variant='normal', weight=400, stretch='normal', size='scalable')) = 10.05
2025-10-30 20:09:02,038 [DEBUG] findfont: score(FontEntry(fname='C:\\Windows\\Fonts\\bahnschrift.ttf', name='Bahnschrift', style='normal', variant='normal', weight=400, stretch='normal', size='scalable')) = 10.05
2025-10-30 20:09:02,038 [DEBUG] findfont: score(FontEntry(fname='C:\\Windows\\Fonts\\BRITANIC.TTF', name='Britannic Bold', style='normal', variant='normal', weight=400, stretch='normal', size='scalable')) = 10.05
2025-10-30 20:09:02,039 [DEBUG] findfont: score(FontEntry(fname='C:\\Windows\\Fonts\\LSANSDI.TTF', name='Lucida Sans', style='italic', variant='normal', weight=600, stretch='normal', size='scalable')) = 11.24
2025-10-30 20:09:02,039 [DEBUG] findfont: score(FontEntry(fname='C:\\Windows\\Fonts\\HARNGTON.TTF', name='Harrington', style='normal', variant='normal', weight=400, stretch='normal', size='scalable')) = 10.05
2025-10-30 20:09:02,040 [DEBUG] findfont: score(FontEntry(fname='C:\\Windows\\Fonts\\BOD_PSTC.TTF', name='Bodoni MT', style='normal', variant='normal', weight=300, stretch='normal', size='scalable')) = 10.145
2025-10-30 20:09:02,040 [DEBUG] findfont: score(FontEntry(fname='C:\\Windows\\Fonts\\COLONNA.TTF', name='Colonna MT', style='normal', variant='normal', weight=400, stretch='normal', size='scalable')) = 10.05
2025-10-30 20:09:02,041 [DEBUG] findfont: score(FontEntry(fname='C:\\Windows\\Fonts\\monbaiti.ttf', name='Mongolian Baiti', style='normal', variant='normal', weight=400, stretch='normal', size='scalable')) = 10.05
2025-10-30 20:09:02,041 [DEBUG] findfont: score(FontEntry(fname='C:\\Windows\\Fonts\\HPSimplified_It.ttf', name='HP Simplified', style='italic', variant='normal', weight=400, stretch='normal', size='scalable')) = 11.05
2025-10-30 20:09:02,042 [DEBUG] findfont: score(FontEntry(fname='C:\\Windows\\Fonts\\SitkaVF.ttf', name='Sitka', style='normal', variant='normal', weight=400, stretch='normal', size='scalable')) = 10.05
2025-10-30 20:09:02,042 [DEBUG] findfont: score(FontEntry(fname='C:\\Windows\\Fonts\\ebrima.ttf', name='Ebrima', style='normal', variant='normal', weight=400, stretch='normal', size='scalable')) = 10.05
2025-10-30 20:09:02,043 [DEBUG] findfont: score(FontEntry(fname='C:\\Windows\\Fonts\\YuGothR.ttc', name='Yu Gothic', style='normal', variant='normal', weight=400, stretch='normal', size='scalable')) = 10.05
2025-10-30 20:09:02,044 [DEBUG] findfont: score(FontEntry(fname='C:\\Windows\\Fonts\\timesbi.ttf', name='Times New Roman', style='italic', variant='normal', weight=700, stretch='normal', size='scalable')) = 11.335
2025-10-30 20:09:02,046 [DEBUG] findfont: score(FontEntry(fname='C:\\Windows\\Fonts\\LBRITEDI.TTF', name='Lucida Bright', style='italic', variant='normal', weight=600, stretch='normal', size='scalable')) = 11.24
2025-10-30 20:09:02,047 [DEBUG] findfont: score(FontEntry(fname='C:\\Windows\\Fonts\\STENCIL.TTF', name='Stencil', style='normal', variant='normal', weight=400, stretch='normal', size='scalable')) = 10.05
2025-10-30 20:09:02,048 [DEBUG] findfont: score(FontEntry(fname='C:\\Windows\\Fonts\\lucon.ttf', name='Lucida Console', style='normal', variant='normal', weight=400, stretch='normal', size='scalable')) = 10.05
2025-10-30 20:09:02,049 [DEBUG] findfont: score(FontEntry(fname='C:\\Windows\\Fonts\\ITCKRIST.TTF', name='Kristen ITC', style='normal', variant='normal', weight=400, stretch='normal', size='scalable')) = 10.05
2025-10-30 20:09:02,050 [DEBUG] findfont: score(FontEntry(fname='C:\\Windows\\Fonts\\ALGER.TTF', name='Algerian', style='normal', variant='normal', weight=400, stretch='normal', size='scalable')) = 10.05
2025-10-30 20:09:02,051 [DEBUG] findfont: score(FontEntry(fname='C:\\Windows\\Fonts\\HPSimplified.ttf', name='HP Simplified', style='normal', variant='normal', weight=700, stretch='normal', size='scalable')) = 10.335
2025-10-30 20:09:02,052 [DEBUG] findfont: score(FontEntry(fname='C:\\Windows\\Fonts\\courbd.ttf', name='Courier New', style='normal', variant='normal', weight=700, stretch='normal', size='scalable')) = 10.335
2025-10-30 20:09:02,052 [DEBUG] findfont: score(FontEntry(fname='C:\\Windows\\Fonts\\SimsunExtG.ttf', name='SimSun-ExtG', style='normal', variant='normal', weight=400, stretch='normal', size='scalable')) = 10.05
2025-10-30 20:09:02,053 [DEBUG] findfont: score(FontEntry(fname='C:\\Windows\\Fonts\\HPSimplified_BdIt.ttf', name='HP Simplified', style='italic', variant='normal', weight=700, stretch='normal', size='scalable')) = 11.335
2025-10-30 20:09:02,053 [DEBUG] findfont: score(FontEntry(fname='C:\\Windows\\Fonts\\taileb.ttf', name='Microsoft Tai Le', style='normal', variant='normal', weight=700, stretch='normal', size='scalable')) = 10.335
2025-10-30 20:09:02,054 [DEBUG] findfont: score(FontEntry(fname='C:\\Windows\\Fonts\\FRADM.TTF', name='Franklin Gothic Demi', style='normal', variant='normal', weight=400, stretch='normal', size='scalable')) = 10.05
2025-10-30 20:09:02,055 [DEBUG] findfont: score(FontEntry(fname='C:\\Windows\\Fonts\\seguihis.ttf', name='Segoe UI Historic', style='normal', variant='normal', weight=400, stretch='normal', size='scalable')) = 10.05
2025-10-30 20:09:02,055 [DEBUG] findfont: score(FontEntry(fname='C:\\Windows\\Fonts\\wingding.ttf', name='Wingdings', style='normal', variant='normal', weight=400, stretch='normal', size='scalable')) = 10.05
2025-10-30 20:09:02,056 [DEBUG] findfont: score(FontEntry(fname='C:\\Windows\\Fonts\\BRLNSB.TTF', name='Berlin Sans FB', style='normal', variant='normal', weight=700, stretch='normal', size='scalable')) = 10.335
2025-10-30 20:09:02,058 [DEBUG] findfont: score(FontEntry(fname='C:\\Windows\\Fonts\\ROCC____.TTF', name='Rockwell Condensed', style='normal', variant='normal', weight=400, stretch='condensed', size='scalable')) = 10.25
2025-10-30 20:09:02,058 [DEBUG] findfont: score(FontEntry(fname='C:\\Windows\\Fonts\\NIAGENG.TTF', name='Niagara Engraved', style='normal', variant='normal', weight=400, stretch='normal', size='scalable')) = 10.05
2025-10-30 20:09:02,059 [DEBUG] findfont: score(FontEntry(fname='C:\\Windows\\Fonts\\mmrtextb.ttf', name='Myanmar Text', style='normal', variant='normal', weight=700, stretch='normal', size='scalable')) = 10.335
2025-10-30 20:09:02,059 [DEBUG] findfont: score(FontEntry(fname='C:\\Windows\\Fonts\\Candara.ttf', name='Candara', style='normal', variant='normal', weight=400, stretch='normal', size='scalable')) = 10.05
2025-10-30 20:09:02,060 [DEBUG] findfont: score(FontEntry(fname='C:\\Windows\\Fonts\\verdanai.ttf', name='Verdana', style='italic', variant='normal', weight=400, stretch='normal', size='scalable')) = 4.6863636363636365
2025-10-30 20:09:02,060 [DEBUG] findfont: score(FontEntry(fname='C:\\Windows\\Fonts\\FRAHV.TTF', name='Franklin Gothic Heavy', style='normal', variant='normal', weight=400, stretch='normal', size='scalable')) = 10.05
2025-10-30 20:09:02,064 [DEBUG] findfont: score(FontEntry(fname='C:\\Windows\\Fonts\\ITCEDSCR.TTF', name='Edwardian Script ITC', style='normal', variant='normal', weight=400, stretch='normal', size='scalable')) = 10.05
2025-10-30 20:09:02,065 [DEBUG] findfont: score(FontEntry(fname='C:\\Windows\\Fonts\\ROCK.TTF', name='Rockwell', style='normal', variant='normal', weight=400, stretch='normal', size='scalable')) = 10.05
2025-10-30 20:09:02,067 [DEBUG] findfont: score(FontEntry(fname='C:\\Windows\\Fonts\\BOOKOSBI.TTF', name='Bookman Old Style', style='italic', variant='normal', weight=600, stretch='normal', size='scalable')) = 11.24
2025-10-30 20:09:02,068 [DEBUG] findfont: score(FontEntry(fname='C:\\Windows\\Fonts\\LBRITE.TTF', name='Lucida Bright', style='normal', variant='normal', weight=400, stretch='normal', size='scalable')) = 10.05
2025-10-30 20:09:02,069 [DEBUG] findfont: score(FontEntry(fname='C:\\Windows\\Fonts\\consolab.ttf', name='Consolas', style='normal', variant='normal', weight=700, stretch='normal', size='scalable')) = 10.335
2025-10-30 20:09:02,070 [DEBUG] findfont: score(FontEntry(fname='C:\\Windows\\Fonts\\POORICH.TTF', name='Poor Richard', style='normal', variant='normal', weight=400, stretch='normal', size='scalable')) = 10.05
2025-10-30 20:09:02,070 [DEBUG] findfont: score(FontEntry(fname='C:\\Windows\\Fonts\\himalaya.ttf', name='Microsoft Himalaya', style='normal', variant='normal', weight=400, stretch='normal', size='scalable')) = 10.05
2025-10-30 20:09:02,071 [DEBUG] findfont: score(FontEntry(fname='C:\\Windows\\Fonts\\hpsimplifiedhans-regular.ttf', name='HP Simplified Hans', style='normal', variant='normal', weight=400, stretch='normal', size='scalable')) = 10.05
2025-10-30 20:09:02,071 [DEBUG] findfont: score(FontEntry(fname='C:\\Windows\\Fonts\\VLADIMIR.TTF', name='Vladimir Script', style='normal', variant='normal', weight=400, stretch='normal', size='scalable')) = 10.05
2025-10-30 20:09:02,072 [DEBUG] findfont: score(FontEntry(fname='C:\\Windows\\Fonts\\BOD_I.TTF', name='Bodoni MT', style='italic', variant='normal', weight=400, stretch='normal', size='scalable')) = 11.05
2025-10-30 20:09:02,072 [DEBUG] findfont: score(FontEntry(fname='C:\\Windows\\Fonts\\ERASBD.TTF', name='Eras Bold ITC', style='normal', variant='normal', weight=400, stretch='normal', size='scalable')) = 10.05
2025-10-30 20:09:02,073 [DEBUG] findfont: score(FontEntry(fname='C:\\Windows\\Fonts\\BAUHS93.TTF', name='Bauhaus 93', style='normal', variant='normal', weight=400, stretch='normal', size='scalable')) = 10.05
2025-10-30 20:09:02,073 [DEBUG] findfont: score(FontEntry(fname='C:\\Windows\\Fonts\\ROCKB.TTF', name='Rockwell', style='normal', variant='normal', weight=700, stretch='normal', size='scalable')) = 10.335
2025-10-30 20:09:02,074 [DEBUG] findfont: score(FontEntry(fname='C:\\Windows\\Fonts\\PARCHM.TTF', name='Parchment', style='normal', variant='normal', weight=400, stretch='normal', size='scalable')) = 10.05
2025-10-30 20:09:02,075 [DEBUG] findfont: score(FontEntry(fname='C:\\Windows\\Fonts\\ROCCB___.TTF', name='Rockwell Condensed', style='normal', variant='normal', weight=700, stretch='condensed', size='scalable')) = 10.535
2025-10-30 20:09:02,075 [DEBUG] findfont: score(FontEntry(fname='C:\\Windows\\Fonts\\SHOWG.TTF', name='Showcard Gothic', style='normal', variant='normal', weight=400, stretch='normal', size='scalable')) = 10.05
2025-10-30 20:09:02,076 [DEBUG] findfont: score(FontEntry(fname='C:\\Windows\\Fonts\\MISTRAL.TTF', name='Mistral', style='normal', variant='normal', weight=400, stretch='normal', size='scalable')) = 10.05
2025-10-30 20:09:02,077 [DEBUG] findfont: score(FontEntry(fname='C:\\Windows\\Fonts\\FRAMDCN.TTF', name='Franklin Gothic Medium Cond', style='normal', variant='normal', weight=400, stretch='condensed', size='scalable')) = 10.25
2025-10-30 20:09:02,079 [DEBUG] findfont: score(FontEntry(fname='C:\\Windows\\Fonts\\ITCBLKAD.TTF', name='Blackadder ITC', style='normal', variant='normal', weight=400, stretch='normal', size='scalable')) = 10.05
2025-10-30 20:09:02,080 [DEBUG] findfont: score(FontEntry(fname='C:\\Windows\\Fonts\\hpsimplifiedjpan-regular.ttf', name='HP Simplified Jpan', style='normal', variant='normal', weight=400, stretch='normal', size='scalable')) = 10.05
2025-10-30 20:09:02,082 [DEBUG] findfont: score(FontEntry(fname='C:\\Windows\\Fonts\\constanz.ttf', name='Constantia', style='italic', variant='normal', weight=700, stretch='normal', size='scalable')) = 11.335
2025-10-30 20:09:02,082 [DEBUG] findfont: score(FontEntry(fname='C:\\Windows\\Fonts\\LeelaUIb.ttf', name='Leelawadee UI', style='normal', variant='normal', weight=700, stretch='normal', size='scalable')) = 10.335
2025-10-30 20:09:02,083 [DEBUG] findfont: score(FontEntry(fname='C:\\Windows\\Fonts\\MTCORSVA.TTF', name='Monotype Corsiva', style='normal', variant='normal', weight=400, stretch='normal', size='scalable')) = 10.05
2025-10-30 20:09:02,084 [DEBUG] findfont: score(FontEntry(fname='C:\\Windows\\Fonts\\LTYPEBO.TTF', name='Lucida Sans Typewriter', style='oblique', variant='normal', weight=600, stretch='normal', size='scalable')) = 11.24
2025-10-30 20:09:02,085 [DEBUG] findfont: score(FontEntry(fname='C:\\Windows\\Fonts\\GILSANUB.TTF', name='Gill Sans Ultra Bold', style='normal', variant='normal', weight=400, stretch='normal', size='scalable')) = 10.05
2025-10-30 20:09:02,086 [DEBUG] findfont: score(FontEntry(fname='C:\\Windows\\Fonts\\BOD_BLAR.TTF', name='Bodoni MT', style='normal', variant='normal', weight=900, stretch='normal', size='scalable')) = 10.525
2025-10-30 20:09:02,087 [DEBUG] findfont: score(FontEntry(fname='C:\\Windows\\Fonts\\comicbd.ttf', name='Comic Sans MS', style='normal', variant='normal', weight=700, stretch='normal', size='scalable')) = 10.335
2025-10-30 20:09:02,087 [DEBUG] findfont: score(FontEntry(fname='C:\\Windows\\Fonts\\DUBAI-LIGHT.TTF', name='Dubai', style='normal', variant='normal', weight=300, stretch='normal', size='scalable')) = 10.145
2025-10-30 20:09:02,088 [DEBUG] findfont: score(FontEntry(fname='C:\\Windows\\Fonts\\msyh.ttc', name='Microsoft YaHei', style='normal', variant='normal', weight=400, stretch='normal', size='scalable')) = 10.05
2025-10-30 20:09:02,088 [DEBUG] findfont: score(FontEntry(fname='C:\\Windows\\Fonts\\CALIFI.TTF', name='Californian FB', style='italic', variant='normal', weight=400, stretch='normal', size='scalable')) = 11.05
2025-10-30 20:09:02,089 [DEBUG] findfont: score(FontEntry(fname='C:\\Windows\\Fonts\\TCCB____.TTF', name='Tw Cen MT Condensed', style='normal', variant='normal', weight=700, stretch='condensed', size='scalable')) = 10.535
2025-10-30 20:09:02,089 [DEBUG] findfont: score(FontEntry(fname='C:\\Windows\\Fonts\\corbel.ttf', name='Corbel', style='normal', variant='normal', weight=400, stretch='normal', size='scalable')) = 10.05
2025-10-30 20:09:02,090 [DEBUG] findfont: score(FontEntry(fname='C:\\Windows\\Fonts\\ERASDEMI.TTF', name='Eras Demi ITC', style='normal', variant='normal', weight=400, stretch='normal', size='scalable')) = 10.05
2025-10-30 20:09:02,090 [DEBUG] findfont: score(FontEntry(fname='C:\\Windows\\Fonts\\AGENCYR.TTF', name='Agency FB', style='normal', variant='normal', weight=400, stretch='normal', size='scalable')) = 10.05
2025-10-30 20:09:02,091 [DEBUG] findfont: score(FontEntry(fname='C:\\Windows\\Fonts\\Candaral.ttf', name='Candara', style='normal', variant='normal', weight=400, stretch='normal', size='scalable')) = 10.05
2025-10-30 20:09:02,091 [DEBUG] findfont: score(FontEntry(fname='C:\\Windows\\Fonts\\RAGE.TTF', name='Rage Italic', style='italic', variant='normal', weight=400, stretch='normal', size='scalable')) = 11.05
2025-10-30 20:09:02,092 [DEBUG] findfont: score(FontEntry(fname='C:\\Windows\\Fonts\\malgun.ttf', name='Malgun Gothic', style='normal', variant='normal', weight=400, stretch='normal', size='scalable')) = 10.05
2025-10-30 20:09:02,093 [DEBUG] findfont: score(FontEntry(fname='C:\\Windows\\Fonts\\ROCKEB.TTF', name='Rockwell Extra Bold', style='normal', variant='normal', weight=800, stretch='normal', size='scalable')) = 10.43
2025-10-30 20:09:02,093 [DEBUG] findfont: score(FontEntry(fname='C:\\Windows\\Fonts\\malgunbd.ttf', name='Malgun Gothic', style='normal', variant='normal', weight=700, stretch='normal', size='scalable')) = 10.335
2025-10-30 20:09:02,094 [DEBUG] findfont: score(FontEntry(fname='C:\\Windows\\Fonts\\ANTQUABI.TTF', name='Book Antiqua', style='italic', variant='normal', weight=700, stretch='normal', size='scalable')) = 11.335
2025-10-30 20:09:02,097 [DEBUG] findfont: score(FontEntry(fname='C:\\Windows\\Fonts\\Candarali.ttf', name='Candara', style='italic', variant='normal', weight=400, stretch='normal', size='scalable')) = 11.05
2025-10-30 20:09:02,098 [DEBUG] findfont: score(FontEntry(fname='C:\\Windows\\Fonts\\TEMPSITC.TTF', name='Tempus Sans ITC', style='normal', variant='normal', weight=400, stretch='normal', size='scalable')) = 10.05
2025-10-30 20:09:02,099 [DEBUG] findfont: score(FontEntry(fname='C:\\Windows\\Fonts\\trebucit.ttf', name='Trebuchet MS', style='italic', variant='normal', weight=400, stretch='normal', size='scalable')) = 11.05
2025-10-30 20:09:02,100 [DEBUG] findfont: score(FontEntry(fname='C:\\Windows\\Fonts\\mvboli.ttf', name='MV Boli', style='normal', variant='normal', weight=400, stretch='normal', size='scalable')) = 10.05
2025-10-30 20:09:02,101 [DEBUG] findfont: score(FontEntry(fname='C:\\Windows\\Fonts\\ntailu.ttf', name='Microsoft New Tai Lue', style='normal', variant='normal', weight=400, stretch='normal', size='scalable')) = 10.05
2025-10-30 20:09:02,102 [DEBUG] findfont: score(FontEntry(fname='C:\\Windows\\Fonts\\gadugib.ttf', name='Gadugi', style='normal', variant='normal', weight=700, stretch='normal', size='scalable')) = 10.335
2025-10-30 20:09:02,103 [DEBUG] findfont: score(FontEntry(fname='C:\\Windows\\Fonts\\cour.ttf', name='Courier New', style='normal', variant='normal', weight=400, stretch='normal', size='scalable')) = 10.05
2025-10-30 20:09:02,104 [DEBUG] findfont: score(FontEntry(fname='C:\\Windows\\Fonts\\taile.ttf', name='Microsoft Tai Le', style='normal', variant='normal', weight=400, stretch='normal', size='scalable')) = 10.05
2025-10-30 20:09:02,104 [DEBUG] findfont: score(FontEntry(fname='C:\\Windows\\Fonts\\BRADHITC.TTF', name='Bradley Hand ITC', style='normal', variant='normal', weight=400, stretch='normal', size='scalable')) = 10.05
2025-10-30 20:09:02,105 [DEBUG] findfont: score(FontEntry(fname='C:\\Windows\\Fonts\\FRSCRIPT.TTF', name='French Script MT', style='normal', variant='normal', weight=400, stretch='normal', size='scalable')) = 10.05
2025-10-30 20:09:02,106 [DEBUG] findfont: score(FontEntry(fname='C:\\Windows\\Fonts\\HTOWERT.TTF', name='High Tower Text', style='normal', variant='normal', weight=400, stretch='normal', size='scalable')) = 10.05
2025-10-30 20:09:02,107 [DEBUG] findfont: score(FontEntry(fname='C:\\Windows\\Fonts\\GLECB.TTF', name='Gloucester MT Extra Condensed', style='normal', variant='normal', weight=400, stretch='condensed', size='scalable')) = 10.25
2025-10-30 20:09:02,107 [DEBUG] findfont: score(FontEntry(fname='C:\\Windows\\Fonts\\PLAYBILL.TTF', name='Playbill', style='normal', variant='normal', weight=400, stretch='normal', size='scalable')) = 10.05
2025-10-30 20:09:02,108 [DEBUG] findfont: score(FontEntry(fname='C:\\Windows\\Fonts\\LSANSI.TTF', name='Lucida Sans', style='italic', variant='normal', weight=400, stretch='normal', size='scalable')) = 11.05
2025-10-30 20:09:02,108 [DEBUG] findfont: score(FontEntry(fname='C:\\Windows\\Fonts\\GIGI.TTF', name='Gigi', style='normal', variant='normal', weight=400, stretch='normal', size='scalable')) = 10.05
2025-10-30 20:09:02,109 [DEBUG] findfont: score(FontEntry(fname='C:\\Windows\\Fonts\\phagspa.ttf', name='Microsoft PhagsPa', style='normal', variant='normal', weight=400, stretch='normal', size='scalable')) = 10.05
2025-10-30 20:09:02,110 [DEBUG] findfont: score(FontEntry(fname='C:\\Windows\\Fonts\\comic.ttf', name='Comic Sans MS', style='normal', variant='normal', weight=400, stretch='normal', size='scalable')) = 10.05
2025-10-30 20:09:02,114 [DEBUG] findfont: score(FontEntry(fname='C:\\Windows\\Fonts\\mingliub.ttc', name='MingLiU-ExtB', style='normal', variant='normal', weight=400, stretch='normal', size='scalable')) = 10.05
2025-10-30 20:09:02,115 [DEBUG] findfont: score(FontEntry(fname='C:\\Windows\\Fonts\\constan.ttf', name='Constantia', style='normal', variant='normal', weight=400, stretch='normal', size='scalable')) = 10.05
2025-10-30 20:09:02,117 [DEBUG] findfont: score(FontEntry(fname='C:\\Windows\\Fonts\\seguisym.ttf', name='Segoe UI Symbol', style='normal', variant='normal', weight=400, stretch='normal', size='scalable')) = 10.05
2025-10-30 20:09:02,117 [DEBUG] findfont: score(FontEntry(fname='C:\\Windows\\Fonts\\DUBAI-BOLD.TTF', name='Dubai', style='normal', variant='normal', weight=700, stretch='normal', size='scalable')) = 10.335
2025-10-30 20:09:02,118 [DEBUG] findfont: score(FontEntry(fname='C:\\Windows\\Fonts\\verdana.ttf', name='Verdana', style='normal', variant='normal', weight=400, stretch='normal', size='scalable')) = 3.6863636363636365
2025-10-30 20:09:02,119 [DEBUG] findfont: score(FontEntry(fname='C:\\Windows\\Fonts\\malgunsl.ttf', name='Malgun Gothic', style='normal', variant='normal', weight=300, stretch='normal', size='scalable')) = 10.145
2025-10-30 20:09:02,120 [DEBUG] findfont: score(FontEntry(fname='C:\\Windows\\Fonts\\seguibl.ttf', name='Segoe UI', style='normal', variant='normal', weight=900, stretch='normal', size='scalable')) = 10.525
2025-10-30 20:09:02,121 [DEBUG] findfont: score(FontEntry(fname='C:\\Windows\\Fonts\\PERTIBD.TTF', name='Perpetua Titling MT', style='normal', variant='normal', weight=700, stretch='normal', size='scalable')) = 10.335
2025-10-30 20:09:02,121 [DEBUG] findfont: score(FontEntry(fname='C:\\Windows\\Fonts\\segoeuiz.ttf', name='Segoe UI', style='italic', variant='normal', weight=700, stretch='normal', size='scalable')) = 11.335
2025-10-30 20:09:02,122 [DEBUG] findfont: score(FontEntry(fname='C:\\Windows\\Fonts\\YuGothL.ttc', name='Yu Gothic', style='normal', variant='normal', weight=300, stretch='normal', size='scalable')) = 10.145
2025-10-30 20:09:02,123 [DEBUG] findfont: score(FontEntry(fname='C:\\Windows\\Fonts\\GILLUBCD.TTF', name='Gill Sans Ultra Bold Condensed', style='normal', variant='normal', weight=400, stretch='condensed', size='scalable')) = 10.25
2025-10-30 20:09:02,123 [DEBUG] findfont: score(FontEntry(fname='C:\\Windows\\Fonts\\micross.ttf', name='Microsoft Sans Serif', style='normal', variant='normal', weight=400, stretch='normal', size='scalable')) = 10.05
2025-10-30 20:09:02,124 [DEBUG] findfont: score(FontEntry(fname='C:\\Windows\\Fonts\\CALIFR.TTF', name='Californian FB', style='normal', variant='normal', weight=400, stretch='normal', size='scalable')) = 10.05
2025-10-30 20:09:02,125 [DEBUG] findfont: score(FontEntry(fname='C:\\Windows\\Fonts\\ROCKI.TTF', name='Rockwell', style='italic', variant='normal', weight=400, stretch='normal', size='scalable')) = 11.05
2025-10-30 20:09:02,126 [DEBUG] findfont: score(FontEntry(fname='C:\\Windows\\Fonts\\BOD_CR.TTF', name='Bodoni MT', style='normal', variant='normal', weight=400, stretch='condensed', size='scalable')) = 10.25
2025-10-30 20:09:02,126 [DEBUG] findfont: score(FontEntry(fname='C:\\Windows\\Fonts\\BOD_CB.TTF', name='Bodoni MT', style='normal', variant='normal', weight=700, stretch='condensed', size='scalable')) = 10.535
2025-10-30 20:09:02,127 [DEBUG] findfont: score(FontEntry(fname='C:\\Windows\\Fonts\\YuGothM.ttc', name='Yu Gothic', style='normal', variant='normal', weight=500, stretch='normal', size='scalable')) = 10.145
2025-10-30 20:09:02,130 [DEBUG] findfont: score(FontEntry(fname='C:\\Windows\\Fonts\\SegUIVar.ttf', name='Segoe UI Variable', style='normal', variant='normal', weight=400, stretch='normal', size='scalable')) = 10.05
2025-10-30 20:09:02,131 [DEBUG] findfont: score(FontEntry(fname='C:\\Windows\\Fonts\\trebucbd.ttf', name='Trebuchet MS', style='normal', variant='normal', weight=700, stretch='normal', size='scalable')) = 10.335
2025-10-30 20:09:02,132 [DEBUG] findfont: score(FontEntry(fname='C:\\Windows\\Fonts\\timesi.ttf', name='Times New Roman', style='italic', variant='normal', weight=400, stretch='normal', size='scalable')) = 11.05
2025-10-30 20:09:02,133 [DEBUG] findfont: score(FontEntry(fname='C:\\Windows\\Fonts\\MAIAN.TTF', name='Maiandra GD', style='normal', variant='normal', weight=400, stretch='normal', size='scalable')) = 10.05
2025-10-30 20:09:02,135 [DEBUG] findfont: score(FontEntry(fname='C:\\Windows\\Fonts\\BOOKOSB.TTF', name='Bookman Old Style', style='normal', variant='normal', weight=600, stretch='normal', size='scalable')) = 10.24
2025-10-30 20:09:02,136 [DEBUG] findfont: score(FontEntry(fname='C:\\Windows\\Fonts\\BOD_R.TTF', name='Bodoni MT', style='normal', variant='normal', weight=400, stretch='normal', size='scalable')) = 10.05
2025-10-30 20:09:02,137 [DEBUG] findfont: score(FontEntry(fname='C:\\Windows\\Fonts\\HTOWERTI.TTF', name='High Tower Text', style='italic', variant='normal', weight=400, stretch='normal', size='scalable')) = 11.05
2025-10-30 20:09:02,138 [DEBUG] findfont: score(FontEntry(fname='C:\\Windows\\Fonts\\msyi.ttf', name='Microsoft Yi Baiti', style='normal', variant='normal', weight=400, stretch='normal', size='scalable')) = 10.05
2025-10-30 20:09:02,138 [DEBUG] findfont: score(FontEntry(fname='C:\\Windows\\Fonts\\HPSimplified_Lt.ttf', name='HP Simplified', style='normal', variant='normal', weight=300, stretch='normal', size='scalable')) = 10.145
2025-10-30 20:09:02,139 [DEBUG] findfont: score(FontEntry(fname='C:\\Windows\\Fonts\\MATURASC.TTF', name='Matura MT Script Capitals', style='normal', variant='normal', weight=400, stretch='normal', size='scalable')) = 10.05
2025-10-30 20:09:02,140 [DEBUG] findfont: score(FontEntry(fname='C:\\Windows\\Fonts\\FRADMCN.TTF', name='Franklin Gothic Demi Cond', style='normal', variant='normal', weight=400, stretch='condensed', size='scalable')) = 10.25
2025-10-30 20:09:02,141 [DEBUG] findfont: score(FontEntry(fname='C:\\Windows\\Fonts\\GOUDOSB.TTF', name='Goudy Old Style', style='normal', variant='normal', weight=700, stretch='normal', size='scalable')) = 10.335
2025-10-30 20:09:02,142 [DEBUG] findfont: score(FontEntry(fname='C:\\Windows\\Fonts\\BKANT.TTF', name='Book Antiqua', style='normal', variant='normal', weight=400, stretch='normal', size='scalable')) = 10.05
2025-10-30 20:09:02,143 [DEBUG] findfont: score(FontEntry(fname='C:\\Windows\\Fonts\\OCRAEXT.TTF', name='OCR A Extended', style='normal', variant='normal', weight=400, stretch='expanded', size='scalable')) = 10.25
2025-10-30 20:09:02,146 [DEBUG] findfont: score(FontEntry(fname='C:\\Windows\\Fonts\\phagspab.ttf', name='Microsoft PhagsPa', style='normal', variant='normal', weight=700, stretch='normal', size='scalable')) = 10.335
2025-10-30 20:09:02,148 [DEBUG] findfont: score(FontEntry(fname='C:\\Windows\\Fonts\\BOD_CI.TTF', name='Bodoni MT', style='italic', variant='normal', weight=400, stretch='condensed', size='scalable')) = 11.25
2025-10-30 20:09:02,149 [DEBUG] findfont: score(FontEntry(fname='C:\\Windows\\Fonts\\trebucbi.ttf', name='Trebuchet MS', style='italic', variant='normal', weight=700, stretch='normal', size='scalable')) = 11.335
2025-10-30 20:09:02,150 [DEBUG] findfont: score(FontEntry(fname='C:\\Windows\\Fonts\\msyhbd.ttc', name='Microsoft YaHei', style='normal', variant='normal', weight=700, stretch='normal', size='scalable')) = 10.335
2025-10-30 20:09:02,151 [DEBUG] findfont: score(FontEntry(fname='C:\\Windows\\Fonts\\corbelb.ttf', name='Corbel', style='normal', variant='normal', weight=700, stretch='normal', size='scalable')) = 10.335
2025-10-30 20:09:02,151 [DEBUG] findfont: score(FontEntry(fname='C:\\Windows\\Fonts\\LFAXDI.TTF', name='Lucida Fax', style='italic', variant='normal', weight=600, stretch='normal', size='scalable')) = 11.24
2025-10-30 20:09:02,152 [DEBUG] findfont: score(FontEntry(fname='C:\\Windows\\Fonts\\cambria.ttc', name='Cambria', style='normal', variant='normal', weight=400, stretch='normal', size='scalable')) = 10.05
2025-10-30 20:09:02,152 [DEBUG] findfont: score(FontEntry(fname='C:\\Windows\\Fonts\\segoeuil.ttf', name='Segoe UI', style='normal', variant='normal', weight=300, stretch='normal', size='scalable')) = 10.145
2025-10-30 20:09:02,152 [DEBUG] findfont: score(FontEntry(fname='C:\\Windows\\Fonts\\GOUDOS.TTF', name='Goudy Old Style', style='normal', variant='normal', weight=400, stretch='normal', size='scalable')) = 10.05
2025-10-30 20:09:02,153 [DEBUG] findfont: score(FontEntry(fname='C:\\Windows\\Fonts\\BOOKOSI.TTF', name='Bookman Old Style', style='italic', variant='normal', weight=300, stretch='normal', size='scalable')) = 11.145
2025-10-30 20:09:02,154 [DEBUG] findfont: score(FontEntry(fname='C:\\Windows\\Fonts\\BRUSHSCI.TTF', name='Brush Script MT', style='italic', variant='normal', weight=400, stretch='normal', size='scalable')) = 11.05
2025-10-30 20:09:02,155 [DEBUG] findfont: score(FontEntry(fname='C:\\Windows\\Fonts\\TCBI____.TTF', name='Tw Cen MT', style='italic', variant='normal', weight=700, stretch='normal', size='scalable')) = 11.335
2025-10-30 20:09:02,155 [DEBUG] findfont: score(FontEntry(fname='C:\\Windows\\Fonts\\HATTEN.TTF', name='Haettenschweiler', style='normal', variant='normal', weight=400, stretch='normal', size='scalable')) = 10.05
2025-10-30 20:09:02,156 [DEBUG] findfont: score(FontEntry(fname='C:\\Windows\\Fonts\\ANTQUAB.TTF', name='Book Antiqua', style='normal', variant='normal', weight=700, stretch='normal', size='scalable')) = 10.335
2025-10-30 20:09:02,156 [DEBUG] findfont: score(FontEntry(fname='C:\\Windows\\Fonts\\palai.ttf', name='Palatino Linotype', style='italic', variant='normal', weight=400, stretch='normal', size='scalable')) = 11.05
2025-10-30 20:09:02,157 [DEBUG] findfont: score(FontEntry(fname='C:\\Windows\\Fonts\\PERI____.TTF', name='Perpetua', style='italic', variant='normal', weight=400, stretch='normal', size='scalable')) = 11.05
2025-10-30 20:09:02,158 [DEBUG] findfont: score(FontEntry(fname='C:\\Windows\\Fonts\\corbeli.ttf', name='Corbel', style='italic', variant='normal', weight=400, stretch='normal', size='scalable')) = 11.05
2025-10-30 20:09:02,159 [DEBUG] findfont: score(FontEntry(fname='C:\\Windows\\Fonts\\SegoeIcons.ttf', name='Segoe Fluent Icons', style='normal', variant='normal', weight=400, stretch='normal', size='scalable')) = 10.05
2025-10-30 20:09:02,160 [DEBUG] findfont: score(FontEntry(fname='C:\\Windows\\Fonts\\PAPYRUS.TTF', name='Papyrus', style='normal', variant='normal', weight=400, stretch='normal', size='scalable')) = 10.05
2025-10-30 20:09:02,163 [DEBUG] findfont: score(FontEntry(fname='C:\\Windows\\Fonts\\comici.ttf', name='Comic Sans MS', style='italic', variant='normal', weight=400, stretch='normal', size='scalable')) = 11.05
2025-10-30 20:09:02,165 [DEBUG] findfont: score(FontEntry(fname='C:\\Windows\\Fonts\\GILI____.TTF', name='Gill Sans MT', style='italic', variant='normal', weight=400, stretch='normal', size='scalable')) = 11.05
2025-10-30 20:09:02,166 [DEBUG] findfont: score(FontEntry(fname='C:\\Windows\\Fonts\\arialbi.ttf', name='Arial', style='italic', variant='normal', weight=700, stretch='normal', size='scalable')) = 7.698636363636363
2025-10-30 20:09:02,167 [DEBUG] findfont: score(FontEntry(fname='C:\\Windows\\Fonts\\l_10646.ttf', name='Lucida Sans Unicode', style='normal', variant='normal', weight=400, stretch='normal', size='scalable')) = 10.05
2025-10-30 20:09:02,168 [DEBUG] findfont: score(FontEntry(fname='C:\\Windows\\Fonts\\impact.ttf', name='Impact', style='normal', variant='normal', weight=400, stretch='normal', size='scalable')) = 10.05
2025-10-30 20:09:02,169 [DEBUG] findfont: score(FontEntry(fname='C:\\Windows\\Fonts\\CALISTI.TTF', name='Calisto MT', style='italic', variant='normal', weight=400, stretch='normal', size='scalable')) = 11.05
2025-10-30 20:09:02,170 [DEBUG] findfont: score(FontEntry(fname='C:\\Windows\\Fonts\\segoescb.ttf', name='Segoe Script', style='normal', variant='normal', weight=700, stretch='normal', size='scalable')) = 10.335
2025-10-30 20:09:02,170 [DEBUG] findfont: score(FontEntry(fname='C:\\Windows\\Fonts\\verdanaz.ttf', name='Verdana', style='italic', variant='normal', weight=700, stretch='normal', size='scalable')) = 4.971363636363637
2025-10-30 20:09:02,171 [DEBUG] findfont: score(FontEntry(fname='C:\\Windows\\Fonts\\ARIALNBI.TTF', name='Arial', style='italic', variant='normal', weight=700, stretch='condensed', size='scalable')) = 7.8986363636363635
2025-10-30 20:09:02,172 [DEBUG] findfont: score(FontEntry(fname='C:\\Windows\\Fonts\\OLDENGL.TTF', name='Old English Text MT', style='normal', variant='normal', weight=400, stretch='normal', size='scalable')) = 10.05
2025-10-30 20:09:02,173 [DEBUG] findfont: score(FontEntry(fname='C:\\Windows\\Fonts\\simsun.ttc', name='SimSun', style='normal', variant='normal', weight=400, stretch='normal', size='scalable')) = 10.05
2025-10-30 20:09:02,173 [DEBUG] findfont: score(FontEntry(fname='C:\\Windows\\Fonts\\comicz.ttf', name='Comic Sans MS', style='italic', variant='normal', weight=700, stretch='normal', size='scalable')) = 11.335
2025-10-30 20:09:02,174 [DEBUG] findfont: score(FontEntry(fname='C:\\Windows\\Fonts\\msgothic.ttc', name='MS Gothic', style='normal', variant='normal', weight=400, stretch='normal', size='scalable')) = 10.05
2025-10-30 20:09:02,175 [DEBUG] findfont: score(FontEntry(fname='C:\\Windows\\Fonts\\GARABD.TTF', name='Garamond', style='normal', variant='normal', weight=700, stretch='normal', size='scalable')) = 10.335
2025-10-30 20:09:02,175 [DEBUG] findfont: score(FontEntry(fname='C:\\Windows\\Fonts\\PERBI___.TTF', name='Perpetua', style='italic', variant='normal', weight=700, stretch='normal', size='scalable')) = 11.335
2025-10-30 20:09:02,176 [DEBUG] findfont: score(FontEntry(fname='C:\\Windows\\Fonts\\TCMI____.TTF', name='Tw Cen MT', style='italic', variant='normal', weight=400, stretch='normal', size='scalable')) = 11.05
2025-10-30 20:09:02,176 [DEBUG] findfont: score(FontEntry(fname='C:\\Windows\\Fonts\\VIVALDII.TTF', name='Vivaldi', style='italic', variant='normal', weight=400, stretch='normal', size='scalable')) = 11.05
2025-10-30 20:09:02,177 [DEBUG] findfont: score(FontEntry(fname='C:\\Windows\\Fonts\\ROCKBI.TTF', name='Rockwell', style='italic', variant='normal', weight=700, stretch='normal', size='scalable')) = 11.335
2025-10-30 20:09:02,179 [DEBUG] findfont: score(FontEntry(fname='C:\\Windows\\Fonts\\javatext.ttf', name='Javanese Text', style='normal', variant='normal', weight=400, stretch='normal', size='scalable')) = 10.05
2025-10-30 20:09:02,180 [DEBUG] findfont: score(FontEntry(fname='C:\\Windows\\Fonts\\BROADW.TTF', name='Broadway', style='normal', variant='normal', weight=400, stretch='normal', size='scalable')) = 10.05
2025-10-30 20:09:02,181 [DEBUG] findfont: score(FontEntry(fname='C:\\Windows\\Fonts\\OUTLOOK.TTF', name='MS Outlook', style='normal', variant='normal', weight=400, stretch='normal', size='scalable')) = 10.05
2025-10-30 20:09:02,182 [DEBUG] findfont: score(FontEntry(fname='C:\\Windows\\Fonts\\Inkfree.ttf', name='Ink Free', style='normal', variant='normal', weight=400, stretch='normal', size='scalable')) = 10.05
2025-10-30 20:09:02,182 [DEBUG] findfont: score(FontEntry(fname='C:\\Windows\\Fonts\\CALIFB.TTF', name='Californian FB', style='normal', variant='normal', weight=700, stretch='normal', size='scalable')) = 10.335
2025-10-30 20:09:02,183 [DEBUG] findfont: score(FontEntry(fname='C:\\Windows\\Fonts\\LCALLIG.TTF', name='Lucida Calligraphy', style='italic', variant='normal', weight=400, stretch='normal', size='scalable')) = 11.05
2025-10-30 20:09:02,183 [DEBUG] findfont: score(FontEntry(fname='C:\\Windows\\Fonts\\NIAGSOL.TTF', name='Niagara Solid', style='normal', variant='normal', weight=400, stretch='normal', size='scalable')) = 10.05
2025-10-30 20:09:02,184 [DEBUG] findfont: score(FontEntry(fname='C:\\Windows\\Fonts\\segmdl2.ttf', name='Segoe MDL2 Assets', style='normal', variant='normal', weight=400, stretch='normal', size='scalable')) = 10.05
2025-10-30 20:09:02,185 [DEBUG] findfont: score(FontEntry(fname='C:\\Windows\\Fonts\\cambriaz.ttf', name='Cambria', style='italic', variant='normal', weight=700, stretch='normal', size='scalable')) = 11.335
2025-10-30 20:09:02,185 [DEBUG] findfont: score(FontEntry(fname='C:\\Windows\\Fonts\\GILBI___.TTF', name='Gill Sans MT', style='italic', variant='normal', weight=700, stretch='normal', size='scalable')) = 11.335
2025-10-30 20:09:02,186 [DEBUG] findfont: score(FontEntry(fname='C:\\Windows\\Fonts\\MAGNETOB.TTF', name='Magneto', style='normal', variant='normal', weight=700, stretch='normal', size='scalable')) = 10.335
2025-10-30 20:09:02,186 [DEBUG] findfont: score(FontEntry(fname='C:\\Windows\\Fonts\\FRABKIT.TTF', name='Franklin Gothic Book', style='italic', variant='normal', weight=400, stretch='normal', size='scalable')) = 11.05
2025-10-30 20:09:02,187 [DEBUG] findfont: score(FontEntry(fname='C:\\Windows\\Fonts\\REFSAN.TTF', name='MS Reference Sans Serif', style='normal', variant='normal', weight=400, stretch='normal', size='scalable')) = 10.05
2025-10-30 20:09:02,188 [DEBUG] findfont: score(FontEntry(fname='C:\\Windows\\Fonts\\tahoma.ttf', name='Tahoma', style='normal', variant='normal', weight=400, stretch='normal', size='scalable')) = 10.05
2025-10-30 20:09:02,188 [DEBUG] findfont: score(FontEntry(fname='C:\\Windows\\Fonts\\cambriab.ttf', name='Cambria', style='normal', variant='normal', weight=700, stretch='normal', size='scalable')) = 10.335
2025-10-30 20:09:02,188 [DEBUG] findfont: score(FontEntry(fname='C:\\Windows\\Fonts\\JUICE___.TTF', name='Juice ITC', style='normal', variant='normal', weight=400, stretch='normal', size='scalable')) = 10.05
2025-10-30 20:09:02,189 [DEBUG] findfont: score(FontEntry(fname='C:\\Windows\\Fonts\\BOD_CBI.TTF', name='Bodoni MT', style='italic', variant='normal', weight=700, stretch='condensed', size='scalable')) = 11.535
2025-10-30 20:09:02,190 [DEBUG] findfont: score(FontEntry(fname='C:\\Windows\\Fonts\\HARLOWSI.TTF', name='Harlow Solid Italic', style='italic', variant='normal', weight=400, stretch='normal', size='scalable')) = 11.05
2025-10-30 20:09:02,190 [DEBUG] findfont: score(FontEntry(fname='C:\\Windows\\Fonts\\msyhl.ttc', name='Microsoft YaHei', style='normal', variant='normal', weight=290, stretch='normal', size='scalable')) = 10.1545
2025-10-30 20:09:02,191 [DEBUG] findfont: score(FontEntry(fname='C:\\Windows\\Fonts\\BOOKOS.TTF', name='Bookman Old Style', style='normal', variant='normal', weight=300, stretch='normal', size='scalable')) = 10.145
2025-10-30 20:09:02,191 [DEBUG] findfont: score(FontEntry(fname='C:\\Windows\\Fonts\\FRADMIT.TTF', name='Franklin Gothic Demi', style='italic', variant='normal', weight=400, stretch='normal', size='scalable')) = 11.05
2025-10-30 20:09:02,192 [DEBUG] findfont: score(FontEntry(fname='C:\\Windows\\Fonts\\SCHLBKI.TTF', name='Century Schoolbook', style='italic', variant='normal', weight=400, stretch='normal', size='scalable')) = 11.05
2025-10-30 20:09:02,192 [DEBUG] findfont: score(FontEntry(fname='C:\\Windows\\Fonts\\GILB____.TTF', name='Gill Sans MT', style='normal', variant='normal', weight=700, stretch='normal', size='scalable')) = 10.335
2025-10-30 20:09:02,193 [DEBUG] findfont: score(FontEntry(fname='C:\\Windows\\Fonts\\GOTHICB.TTF', name='Century Gothic', style='normal', variant='normal', weight=700, stretch='normal', size='scalable')) = 10.335
2025-10-30 20:09:02,193 [DEBUG] findfont: score(FontEntry(fname='C:\\Windows\\Fonts\\segoeuib.ttf', name='Segoe UI', style='normal', variant='normal', weight=700, stretch='normal', size='scalable')) = 10.335
2025-10-30 20:09:02,195 [DEBUG] findfont: score(FontEntry(fname='C:\\Windows\\Fonts\\Candarai.ttf', name='Candara', style='italic', variant='normal', weight=400, stretch='normal', size='scalable')) = 11.05
2025-10-30 20:09:02,196 [DEBUG] findfont: score(FontEntry(fname='C:\\Windows\\Fonts\\seguili.ttf', name='Segoe UI', style='italic', variant='normal', weight=300, stretch='normal', size='scalable')) = 11.145
2025-10-30 20:09:02,196 [DEBUG] findfont: score(FontEntry(fname='C:\\Windows\\Fonts\\arial.ttf', name='Arial', style='normal', variant='normal', weight=400, stretch='normal', size='scalable')) = 6.413636363636363
2025-10-30 20:09:02,197 [DEBUG] findfont: score(FontEntry(fname='C:\\Windows\\Fonts\\hpsimplifiedhans-light.ttf', name='HP Simplified Hans', style='normal', variant='normal', weight=300, stretch='normal', size='scalable')) = 10.145
2025-10-30 20:09:02,198 [DEBUG] findfont: score(FontEntry(fname='C:\\Windows\\Fonts\\ntailub.ttf', name='Microsoft New Tai Lue', style='normal', variant='normal', weight=700, stretch='normal', size='scalable')) = 10.335
2025-10-30 20:09:02,198 [DEBUG] findfont: score(FontEntry(fname='C:\\Windows\\Fonts\\seguisbi.ttf', name='Segoe UI', style='italic', variant='normal', weight=600, stretch='normal', size='scalable')) = 11.24
2025-10-30 20:09:02,199 [DEBUG] findfont: score(FontEntry(fname='C:\\Windows\\Fonts\\ANTQUAI.TTF', name='Book Antiqua', style='italic', variant='normal', weight=400, stretch='normal', size='scalable')) = 11.05
2025-10-30 20:09:02,199 [DEBUG] findfont: score(FontEntry(fname='C:\\Windows\\Fonts\\msjhl.ttc', name='Microsoft JhengHei', style='normal', variant='normal', weight=290, stretch='normal', size='scalable')) = 10.1545
2025-10-30 20:09:02,200 [DEBUG] findfont: score(FontEntry(fname='C:\\Windows\\Fonts\\calibrili.ttf', name='Calibri', style='italic', variant='normal', weight=300, stretch='normal', size='scalable')) = 11.145
2025-10-30 20:09:02,200 [DEBUG] findfont: score(FontEntry(fname='C:\\Windows\\Fonts\\TCCEB.TTF', name='Tw Cen MT Condensed Extra Bold', style='normal', variant='normal', weight=400, stretch='condensed', size='scalable')) = 10.25
2025-10-30 20:09:02,201 [DEBUG] findfont: score(FontEntry(fname='C:\\Windows\\Fonts\\georgiaz.ttf', name='Georgia', style='italic', variant='normal', weight=700, stretch='normal', size='scalable')) = 11.335
2025-10-30 20:09:02,201 [DEBUG] findfont: score(FontEntry(fname='C:\\Windows\\Fonts\\BASKVILL.TTF', name='Baskerville Old Face', style='normal', variant='normal', weight=400, stretch='normal', size='scalable')) = 10.05
2025-10-30 20:09:02,202 [DEBUG] findfont: score(FontEntry(fname='C:\\Windows\\Fonts\\CASTELAR.TTF', name='Castellar', style='normal', variant='normal', weight=400, stretch='normal', size='scalable')) = 10.05
2025-10-30 20:09:02,203 [DEBUG] findfont: score(FontEntry(fname='C:\\Windows\\Fonts\\DUBAI-REGULAR.TTF', name='Dubai', style='normal', variant='normal', weight=400, stretch='normal', size='scalable')) = 10.05
2025-10-30 20:09:02,203 [DEBUG] findfont: score(FontEntry(fname='C:\\Windows\\Fonts\\ONYX.TTF', name='Onyx', style='normal', variant='normal', weight=400, stretch='normal', size='scalable')) = 10.05
2025-10-30 20:09:02,204 [DEBUG] findfont: score(FontEntry(fname='C:\\Windows\\Fonts\\georgiab.ttf', name='Georgia', style='normal', variant='normal', weight=700, stretch='normal', size='scalable')) = 10.335
2025-10-30 20:09:02,204 [DEBUG] findfont: score(FontEntry(fname='C:\\Windows\\Fonts\\CENSCBK.TTF', name='Century Schoolbook', style='normal', variant='normal', weight=400, stretch='normal', size='scalable')) = 10.05
2025-10-30 20:09:02,204 [DEBUG] findfont: score(FontEntry(fname='C:\\Windows\\Fonts\\times.ttf', name='Times New Roman', style='normal', variant='normal', weight=400, stretch='normal', size='scalable')) = 10.05
2025-10-30 20:09:02,205 [DEBUG] findfont: score(FontEntry(fname='C:\\Windows\\Fonts\\DUBAI-MEDIUM.TTF', name='Dubai', style='normal', variant='normal', weight=500, stretch='normal', size='scalable')) = 10.145
2025-10-30 20:09:02,205 [DEBUG] findfont: score(FontEntry(fname='C:\\Windows\\Fonts\\ebrimabd.ttf', name='Ebrima', style='normal', variant='normal', weight=700, stretch='normal', size='scalable')) = 10.335
2025-10-30 20:09:02,206 [DEBUG] findfont: score(FontEntry(fname='C:\\Windows\\Fonts\\Candarab.ttf', name='Candara', style='normal', variant='normal', weight=700, stretch='normal', size='scalable')) = 10.335
2025-10-30 20:09:02,206 [DEBUG] findfont: score(FontEntry(fname='C:\\Windows\\Fonts\\BRLNSR.TTF', name='Berlin Sans FB', style='normal', variant='normal', weight=400, stretch='normal', size='scalable')) = 10.05
2025-10-30 20:09:02,207 [DEBUG] findfont: score(FontEntry(fname='C:\\Windows\\Fonts\\GLSNECB.TTF', name='Gill Sans MT Ext Condensed Bold', style='normal', variant='normal', weight=400, stretch='condensed', size='scalable')) = 10.25
2025-10-30 20:09:02,207 [DEBUG] findfont: score(FontEntry(fname='C:\\Windows\\Fonts\\KUNSTLER.TTF', name='Kunstler Script', style='normal', variant='normal', weight=400, stretch='normal', size='scalable')) = 10.05
2025-10-30 20:09:02,208 [DEBUG] findfont: score(FontEntry(fname='C:\\Windows\\Fonts\\ELEPHNT.TTF', name='Elephant', style='normal', variant='normal', weight=400, stretch='normal', size='scalable')) = 10.05
2025-10-30 20:09:02,209 [DEBUG] findfont: score(FontEntry(fname='C:\\Windows\\Fonts\\PERB____.TTF', name='Perpetua', style='normal', variant='normal', weight=700, stretch='normal', size='scalable')) = 10.335
2025-10-30 20:09:02,209 [DEBUG] findfont: score(FontEntry(fname='C:\\Windows\\Fonts\\BELL.TTF', name='Bell MT', style='normal', variant='normal', weight=400, stretch='normal', size='scalable')) = 10.05
2025-10-30 20:09:02,209 [DEBUG] findfont: score(FontEntry(fname='C:\\Windows\\Fonts\\verdanab.ttf', name='Verdana', style='normal', variant='normal', weight=700, stretch='normal', size='scalable')) = 3.9713636363636367
2025-10-30 20:09:02,210 [DEBUG] findfont: score(FontEntry(fname='C:\\Windows\\Fonts\\gadugi.ttf', name='Gadugi', style='normal', variant='normal', weight=400, stretch='normal', size='scalable')) = 10.05
2025-10-30 20:09:02,213 [DEBUG] findfont: score(FontEntry(fname='C:\\Windows\\Fonts\\calibrib.ttf', name='Calibri', style='normal', variant='normal', weight=700, stretch='normal', size='scalable')) = 10.335
2025-10-30 20:09:02,214 [DEBUG] findfont: score(FontEntry(fname='C:\\Windows\\Fonts\\BRLNSDB.TTF', name='Berlin Sans FB Demi', style='normal', variant='normal', weight=700, stretch='normal', size='scalable')) = 10.335
2025-10-30 20:09:02,217 [DEBUG] findfont: score(FontEntry(fname='C:\\Windows\\Fonts\\GILC____.TTF', name='Gill Sans MT Condensed', style='normal', variant='normal', weight=400, stretch='condensed', size='scalable')) = 10.25
2025-10-30 20:09:02,218 [DEBUG] findfont: score(FontEntry(fname='C:\\Windows\\Fonts\\CENTURY.TTF', name='Century', style='normal', variant='normal', weight=400, stretch='normal', size='scalable')) = 10.05
2025-10-30 20:09:02,218 [DEBUG] findfont: score(FontEntry(fname='C:\\Windows\\Fonts\\PER_____.TTF', name='Perpetua', style='normal', variant='normal', weight=400, stretch='normal', size='scalable')) = 10.05
2025-10-30 20:09:02,219 [DEBUG] findfont: score(FontEntry(fname='C:\\Windows\\Fonts\\AGENCYB.TTF', name='Agency FB', style='normal', variant='normal', weight=700, stretch='normal', size='scalable')) = 10.335
2025-10-30 20:09:02,219 [DEBUG] findfont: score(FontEntry(fname='C:\\Windows\\Fonts\\GOUDOSI.TTF', name='Goudy Old Style', style='italic', variant='normal', weight=400, stretch='normal', size='scalable')) = 11.05
2025-10-30 20:09:02,220 [DEBUG] findfont: score(FontEntry(fname='C:\\Windows\\Fonts\\calibrii.ttf', name='Calibri', style='italic', variant='normal', weight=400, stretch='normal', size='scalable')) = 11.05
2025-10-30 20:09:02,221 [DEBUG] findfont: score(FontEntry(fname='C:\\Windows\\Fonts\\arialbd.ttf', name='Arial', style='normal', variant='normal', weight=700, stretch='normal', size='scalable')) = 6.698636363636363
2025-10-30 20:09:02,221 [DEBUG] findfont: score(FontEntry(fname='C:\\Windows\\Fonts\\FTLTLT.TTF', name='Footlight MT Light', style='normal', variant='normal', weight=300, stretch='normal', size='scalable')) = 10.145
2025-10-30 20:09:02,222 [DEBUG] findfont: score(FontEntry(fname='C:\\Windows\\Fonts\\LTYPEB.TTF', name='Lucida Sans Typewriter', style='normal', variant='normal', weight=600, stretch='normal', size='scalable')) = 10.24
2025-10-30 20:09:02,223 [DEBUG] findfont: score(FontEntry(fname='C:\\Windows\\Fonts\\HPSimplified_LtIt.ttf', name='HP Simplified', style='italic', variant='normal', weight=300, stretch='normal', size='scalable')) = 11.145
2025-10-30 20:09:02,223 [DEBUG] findfont: score(FontEntry(fname='C:\\Windows\\Fonts\\symbol.ttf', name='Symbol', style='normal', variant='normal', weight=400, stretch='normal', size='scalable')) = 10.05
2025-10-30 20:09:02,224 [DEBUG] findfont: score(FontEntry(fname='C:\\Windows\\Fonts\\seguisli.ttf', name='Segoe UI', style='italic', variant='normal', weight=350, stretch='normal', size='scalable')) = 11.0975
2025-10-30 20:09:02,224 [DEBUG] findfont: score(FontEntry(fname='C:\\Windows\\Fonts\\BOD_BLAI.TTF', name='Bodoni MT', style='italic', variant='normal', weight=900, stretch='normal', size='scalable')) = 11.525
2025-10-30 20:09:02,224 [DEBUG] findfont: score(FontEntry(fname='C:\\Windows\\Fonts\\BELLB.TTF', name='Bell MT', style='normal', variant='normal', weight=700, stretch='normal', size='scalable')) = 10.335
2025-10-30 20:09:02,225 [DEBUG] findfont: score(FontEntry(fname='C:\\Windows\\Fonts\\tahomabd.ttf', name='Tahoma', style='normal', variant='normal', weight=700, stretch='normal', size='scalable')) = 10.335
2025-10-30 20:09:02,225 [DEBUG] findfont: score(FontEntry(fname='C:\\Windows\\Fonts\\BOD_BI.TTF', name='Bodoni MT', style='italic', variant='normal', weight=700, stretch='normal', size='scalable')) = 11.335
2025-10-30 20:09:02,225 [DEBUG] findfont: score(FontEntry(fname='C:\\Windows\\Fonts\\CALISTB.TTF', name='Calisto MT', style='normal', variant='normal', weight=700, stretch='normal', size='scalable')) = 10.335
2025-10-30 20:09:02,226 [DEBUG] findfont: score(FontEntry(fname='C:\\Windows\\Fonts\\SitkaVF-Italic.ttf', name='Sitka', style='italic', variant='normal', weight=400, stretch='normal', size='scalable')) = 11.05
2025-10-30 20:09:02,226 [DEBUG] findfont: score(FontEntry(fname='C:\\Windows\\Fonts\\YuGothB.ttc', name='Yu Gothic', style='normal', variant='normal', weight=700, stretch='normal', size='scalable')) = 10.335
2025-10-30 20:09:02,227 [DEBUG] findfont: score(FontEntry(fname='C:\\Windows\\Fonts\\IMPRISHA.TTF', name='Imprint MT Shadow', style='normal', variant='normal', weight=400, stretch='normal', size='scalable')) = 10.05
2025-10-30 20:09:02,228 [DEBUG] findfont: score(FontEntry(fname='C:\\Windows\\Fonts\\Candaraz.ttf', name='Candara', style='italic', variant='normal', weight=700, stretch='normal', size='scalable')) = 11.335
2025-10-30 20:09:02,229 [DEBUG] findfont: score(FontEntry(fname='C:\\Windows\\Fonts\\corbelz.ttf', name='Corbel', style='italic', variant='normal', weight=700, stretch='normal', size='scalable')) = 11.335
2025-10-30 20:09:02,230 [DEBUG] findfont: score(FontEntry(fname='C:\\Windows\\Fonts\\corbell.ttf', name='Corbel', style='normal', variant='normal', weight=300, stretch='normal', size='scalable')) = 10.145
2025-10-30 20:09:02,232 [DEBUG] findfont: score(FontEntry(fname='C:\\Windows\\Fonts\\msjhbd.ttc', name='Microsoft JhengHei', style='normal', variant='normal', weight=700, stretch='normal', size='scalable')) = 10.335
2025-10-30 20:09:02,233 [DEBUG] findfont: score(FontEntry(fname='C:\\Windows\\Fonts\\ARIALNI.TTF', name='Arial', style='italic', variant='normal', weight=400, stretch='condensed', size='scalable')) = 7.613636363636363
2025-10-30 20:09:02,234 [DEBUG] findfont: score(FontEntry(fname='C:\\Windows\\Fonts\\consolai.ttf', name='Consolas', style='italic', variant='normal', weight=400, stretch='normal', size='scalable')) = 11.05
2025-10-30 20:09:02,234 [DEBUG] findfont: score(FontEntry(fname='C:\\Windows\\Fonts\\consolaz.ttf', name='Consolas', style='italic', variant='normal', weight=700, stretch='normal', size='scalable')) = 11.335
2025-10-30 20:09:02,234 [DEBUG] findfont: score(FontEntry(fname='C:\\Windows\\Fonts\\FORTE.TTF', name='Forte', style='normal', variant='normal', weight=400, stretch='normal', size='scalable')) = 10.05
2025-10-30 20:09:02,235 [DEBUG] findfont: Matching sans\-serif:style=normal:variant=normal:weight=normal:stretch=normal:size=10.0 to DejaVu Sans ('C:\\Users\\Abhishek\\AppData\\Roaming\\Python\\Python313\\site-packages\\matplotlib\\mpl-data\\fonts\\ttf\\DejaVuSans.ttf') with score of 0.050000.
2025-10-30 20:09:02,399 [DEBUG] findfont: Matching sans\-serif:style=normal:variant=normal:weight=normal:stretch=normal:size=12.0.
2025-10-30 20:09:02,400 [DEBUG] findfont: score(FontEntry(fname='C:\\Users\\Abhishek\\AppData\\Roaming\\Python\\Python313\\site-packages\\matplotlib\\mpl-data\\fonts\\ttf\\cmr10.ttf', name='cmr10', style='normal', variant='normal', weight=400, stretch='normal', size='scalable')) = 10.05
2025-10-30 20:09:02,400 [DEBUG] findfont: score(FontEntry(fname='C:\\Users\\Abhishek\\AppData\\Roaming\\Python\\Python313\\site-packages\\matplotlib\\mpl-data\\fonts\\ttf\\DejaVuSansMono-Bold.ttf', name='DejaVu Sans Mono', style='normal', variant='normal', weight=700, stretch='normal', size='scalable')) = 10.335
2025-10-30 20:09:02,400 [DEBUG] findfont: score(FontEntry(fname='C:\\Users\\Abhishek\\AppData\\Roaming\\Python\\Python313\\site-packages\\matplotlib\\mpl-data\\fonts\\ttf\\STIXGeneralBol.ttf', name='STIXGeneral', style='normal', variant='normal', weight=700, stretch='normal', size='scalable')) = 10.335
2025-10-30 20:09:02,401 [DEBUG] findfont: score(FontEntry(fname='C:\\Users\\Abhishek\\AppData\\Roaming\\Python\\Python313\\site-packages\\matplotlib\\mpl-data\\fonts\\ttf\\cmb10.ttf', name='cmb10', style='normal', variant='normal', weight=400, stretch='normal', size='scalable')) = 10.05
2025-10-30 20:09:02,402 [DEBUG] findfont: score(FontEntry(fname='C:\\Users\\Abhishek\\AppData\\Roaming\\Python\\Python313\\site-packages\\matplotlib\\mpl-data\\fonts\\ttf\\cmss10.ttf', name='cmss10', style='normal', variant='normal', weight=400, stretch='normal', size='scalable')) = 10.05
2025-10-30 20:09:02,403 [DEBUG] findfont: score(FontEntry(fname='C:\\Users\\Abhishek\\AppData\\Roaming\\Python\\Python313\\site-packages\\matplotlib\\mpl-data\\fonts\\ttf\\DejaVuSans.ttf', name='DejaVu Sans', style='normal', variant='normal', weight=400, stretch='normal', size='scalable')) = 0.05
2025-10-30 20:09:02,403 [DEBUG] findfont: score(FontEntry(fname='C:\\Users\\Abhishek\\AppData\\Roaming\\Python\\Python313\\site-packages\\matplotlib\\mpl-data\\fonts\\ttf\\STIXSizFourSymBol.ttf', name='STIXSizeFourSym', style='normal', variant='normal', weight=700, stretch='normal', size='scalable')) = 10.335
2025-10-30 20:09:02,404 [DEBUG] findfont: score(FontEntry(fname='C:\\Users\\Abhishek\\AppData\\Roaming\\Python\\Python313\\site-packages\\matplotlib\\mpl-data\\fonts\\ttf\\STIXGeneralItalic.ttf', name='STIXGeneral', style='italic', variant='normal', weight=400, stretch='normal', size='scalable')) = 11.05
2025-10-30 20:09:02,405 [DEBUG] findfont: score(FontEntry(fname='C:\\Users\\Abhishek\\AppData\\Roaming\\Python\\Python313\\site-packages\\matplotlib\\mpl-data\\fonts\\ttf\\DejaVuSans-BoldOblique.ttf', name='DejaVu Sans', style='oblique', variant='normal', weight=700, stretch='normal', size='scalable')) = 1.335
2025-10-30 20:09:02,405 [DEBUG] findfont: score(FontEntry(fname='C:\\Users\\Abhishek\\AppData\\Roaming\\Python\\Python313\\site-packages\\matplotlib\\mpl-data\\fonts\\ttf\\DejaVuSans-Bold.ttf', name='DejaVu Sans', style='normal', variant='normal', weight=700, stretch='normal', size='scalable')) = 0.33499999999999996
2025-10-30 20:09:02,406 [DEBUG] findfont: score(FontEntry(fname='C:\\Users\\Abhishek\\AppData\\Roaming\\Python\\Python313\\site-packages\\matplotlib\\mpl-data\\fonts\\ttf\\STIXNonUni.ttf', name='STIXNonUnicode', style='normal', variant='normal', weight=400, stretch='normal', size='scalable')) = 10.05
2025-10-30 20:09:02,406 [DEBUG] findfont: score(FontEntry(fname='C:\\Users\\Abhishek\\AppData\\Roaming\\Python\\Python313\\site-packages\\matplotlib\\mpl-data\\fonts\\ttf\\DejaVuSansMono.ttf', name='DejaVu Sans Mono', style='normal', variant='normal', weight=400, stretch='normal', size='scalable')) = 10.05
2025-10-30 20:09:02,407 [DEBUG] findfont: score(FontEntry(fname='C:\\Users\\Abhishek\\AppData\\Roaming\\Python\\Python313\\site-packages\\matplotlib\\mpl-data\\fonts\\ttf\\STIXSizOneSymBol.ttf', name='STIXSizeOneSym', style='normal', variant='normal', weight=700, stretch='normal', size='scalable')) = 10.335
2025-10-30 20:09:02,408 [DEBUG] findfont: score(FontEntry(fname='C:\\Users\\Abhishek\\AppData\\Roaming\\Python\\Python313\\site-packages\\matplotlib\\mpl-data\\fonts\\ttf\\DejaVuSerif-Italic.ttf', name='DejaVu Serif', style='italic', variant='normal', weight=400, stretch='normal', size='scalable')) = 11.05
2025-10-30 20:09:02,409 [DEBUG] findfont: score(FontEntry(fname='C:\\Users\\Abhishek\\AppData\\Roaming\\Python\\Python313\\site-packages\\matplotlib\\mpl-data\\fonts\\ttf\\STIXNonUniBol.ttf', name='STIXNonUnicode', style='normal', variant='normal', weight=700, stretch='normal', size='scalable')) = 10.335
2025-10-30 20:09:02,410 [DEBUG] findfont: score(FontEntry(fname='C:\\Users\\Abhishek\\AppData\\Roaming\\Python\\Python313\\site-packages\\matplotlib\\mpl-data\\fonts\\ttf\\STIXSizFiveSymReg.ttf', name='STIXSizeFiveSym', style='normal', variant='normal', weight=400, stretch='normal', size='scalable')) = 10.05
2025-10-30 20:09:02,411 [DEBUG] findfont: score(FontEntry(fname='C:\\Users\\Abhishek\\AppData\\Roaming\\Python\\Python313\\site-packages\\matplotlib\\mpl-data\\fonts\\ttf\\DejaVuSerifDisplay.ttf', name='DejaVu Serif Display', style='normal', variant='normal', weight=400, stretch='normal', size='scalable')) = 10.05
2025-10-30 20:09:02,412 [DEBUG] findfont: score(FontEntry(fname='C:\\Users\\Abhishek\\AppData\\Roaming\\Python\\Python313\\site-packages\\matplotlib\\mpl-data\\fonts\\ttf\\STIXSizFourSymReg.ttf', name='STIXSizeFourSym', style='normal', variant='normal', weight=400, stretch='normal', size='scalable')) = 10.05
2025-10-30 20:09:02,413 [DEBUG] findfont: score(FontEntry(fname='C:\\Users\\Abhishek\\AppData\\Roaming\\Python\\Python313\\site-packages\\matplotlib\\mpl-data\\fonts\\ttf\\DejaVuSansMono-BoldOblique.ttf', name='DejaVu Sans Mono', style='oblique', variant='normal', weight=700, stretch='normal', size='scalable')) = 11.335
2025-10-30 20:09:02,414 [DEBUG] findfont: score(FontEntry(fname='C:\\Users\\Abhishek\\AppData\\Roaming\\Python\\Python313\\site-packages\\matplotlib\\mpl-data\\fonts\\ttf\\DejaVuSans-Oblique.ttf', name='DejaVu Sans', style='oblique', variant='normal', weight=400, stretch='normal', size='scalable')) = 1.05
2025-10-30 20:09:02,415 [DEBUG] findfont: score(FontEntry(fname='C:\\Users\\Abhishek\\AppData\\Roaming\\Python\\Python313\\site-packages\\matplotlib\\mpl-data\\fonts\\ttf\\STIXGeneralBolIta.ttf', name='STIXGeneral', style='italic', variant='normal', weight=700, stretch='normal', size='scalable')) = 11.335
2025-10-30 20:09:02,416 [DEBUG] findfont: score(FontEntry(fname='C:\\Users\\Abhishek\\AppData\\Roaming\\Python\\Python313\\site-packages\\matplotlib\\mpl-data\\fonts\\ttf\\DejaVuSerif.ttf', name='DejaVu Serif', style='normal', variant='normal', weight=400, stretch='normal', size='scalable')) = 10.05
2025-10-30 20:09:02,417 [DEBUG] findfont: score(FontEntry(fname='C:\\Users\\Abhishek\\AppData\\Roaming\\Python\\Python313\\site-packages\\matplotlib\\mpl-data\\fonts\\ttf\\cmsy10.ttf', name='cmsy10', style='normal', variant='normal', weight=400, stretch='normal', size='scalable')) = 10.05
2025-10-30 20:09:02,418 [DEBUG] findfont: score(FontEntry(fname='C:\\Users\\Abhishek\\AppData\\Roaming\\Python\\Python313\\site-packages\\matplotlib\\mpl-data\\fonts\\ttf\\STIXNonUniIta.ttf', name='STIXNonUnicode', style='italic', variant='normal', weight=400, stretch='normal', size='scalable')) = 11.05
2025-10-30 20:09:02,418 [DEBUG] findfont: score(FontEntry(fname='C:\\Users\\Abhishek\\AppData\\Roaming\\Python\\Python313\\site-packages\\matplotlib\\mpl-data\\fonts\\ttf\\STIXSizTwoSymReg.ttf', name='STIXSizeTwoSym', style='normal', variant='normal', weight=400, stretch='normal', size='scalable')) = 10.05
2025-10-30 20:09:02,419 [DEBUG] findfont: score(FontEntry(fname='C:\\Users\\Abhishek\\AppData\\Roaming\\Python\\Python313\\site-packages\\matplotlib\\mpl-data\\fonts\\ttf\\cmmi10.ttf', name='cmmi10', style='normal', variant='normal', weight=400, stretch='normal', size='scalable')) = 10.05
2025-10-30 20:09:02,420 [DEBUG] findfont: score(FontEntry(fname='C:\\Users\\Abhishek\\AppData\\Roaming\\Python\\Python313\\site-packages\\matplotlib\\mpl-data\\fonts\\ttf\\DejaVuSerif-Bold.ttf', name='DejaVu Serif', style='normal', variant='normal', weight=700, stretch='normal', size='scalable')) = 10.335
2025-10-30 20:09:02,421 [DEBUG] findfont: score(FontEntry(fname='C:\\Users\\Abhishek\\AppData\\Roaming\\Python\\Python313\\site-packages\\matplotlib\\mpl-data\\fonts\\ttf\\DejaVuSansDisplay.ttf', name='DejaVu Sans Display', style='normal', variant='normal', weight=400, stretch='normal', size='scalable')) = 10.05
2025-10-30 20:09:02,421 [DEBUG] findfont: score(FontEntry(fname='C:\\Users\\Abhishek\\AppData\\Roaming\\Python\\Python313\\site-packages\\matplotlib\\mpl-data\\fonts\\ttf\\DejaVuSansMono-Oblique.ttf', name='DejaVu Sans Mono', style='oblique', variant='normal', weight=400, stretch='normal', size='scalable')) = 11.05
2025-10-30 20:09:02,421 [DEBUG] findfont: score(FontEntry(fname='C:\\Users\\Abhishek\\AppData\\Roaming\\Python\\Python313\\site-packages\\matplotlib\\mpl-data\\fonts\\ttf\\STIXSizThreeSymBol.ttf', name='STIXSizeThreeSym', style='normal', variant='normal', weight=700, stretch='normal', size='scalable')) = 10.335
2025-10-30 20:09:02,422 [DEBUG] findfont: score(FontEntry(fname='C:\\Users\\Abhishek\\AppData\\Roaming\\Python\\Python313\\site-packages\\matplotlib\\mpl-data\\fonts\\ttf\\STIXSizThreeSymReg.ttf', name='STIXSizeThreeSym', style='normal', variant='normal', weight=400, stretch='normal', size='scalable')) = 10.05
2025-10-30 20:09:02,422 [DEBUG] findfont: score(FontEntry(fname='C:\\Users\\Abhishek\\AppData\\Roaming\\Python\\Python313\\site-packages\\matplotlib\\mpl-data\\fonts\\ttf\\cmex10.ttf', name='cmex10', style='normal', variant='normal', weight=400, stretch='normal', size='scalable')) = 10.05
2025-10-30 20:09:02,423 [DEBUG] findfont: score(FontEntry(fname='C:\\Users\\Abhishek\\AppData\\Roaming\\Python\\Python313\\site-packages\\matplotlib\\mpl-data\\fonts\\ttf\\cmtt10.ttf', name='cmtt10', style='normal', variant='normal', weight=400, stretch='normal', size='scalable')) = 10.05
2025-10-30 20:09:02,423 [DEBUG] findfont: score(FontEntry(fname='C:\\Users\\Abhishek\\AppData\\Roaming\\Python\\Python313\\site-packages\\matplotlib\\mpl-data\\fonts\\ttf\\STIXSizTwoSymBol.ttf', name='STIXSizeTwoSym', style='normal', variant='normal', weight=700, stretch='normal', size='scalable')) = 10.335
2025-10-30 20:09:02,424 [DEBUG] findfont: score(FontEntry(fname='C:\\Users\\Abhishek\\AppData\\Roaming\\Python\\Python313\\site-packages\\matplotlib\\mpl-data\\fonts\\ttf\\STIXGeneral.ttf', name='STIXGeneral', style='normal', variant='normal', weight=400, stretch='normal', size='scalable')) = 10.05
2025-10-30 20:09:02,424 [DEBUG] findfont: score(FontEntry(fname='C:\\Users\\Abhishek\\AppData\\Roaming\\Python\\Python313\\site-packages\\matplotlib\\mpl-data\\fonts\\ttf\\DejaVuSerif-BoldItalic.ttf', name='DejaVu Serif', style='italic', variant='normal', weight=700, stretch='normal', size='scalable')) = 11.335
2025-10-30 20:09:02,425 [DEBUG] findfont: score(FontEntry(fname='C:\\Users\\Abhishek\\AppData\\Roaming\\Python\\Python313\\site-packages\\matplotlib\\mpl-data\\fonts\\ttf\\STIXNonUniBolIta.ttf', name='STIXNonUnicode', style='italic', variant='normal', weight=700, stretch='normal', size='scalable')) = 11.335
2025-10-30 20:09:02,425 [DEBUG] findfont: score(FontEntry(fname='C:\\Users\\Abhishek\\AppData\\Roaming\\Python\\Python313\\site-packages\\matplotlib\\mpl-data\\fonts\\ttf\\STIXSizOneSymReg.ttf', name='STIXSizeOneSym', style='normal', variant='normal', weight=400, stretch='normal', size='scalable')) = 10.05
2025-10-30 20:09:02,426 [DEBUG] findfont: score(FontEntry(fname='C:\\Windows\\Fonts\\GOTHICBI.TTF', name='Century Gothic', style='italic', variant='normal', weight=700, stretch='normal', size='scalable')) = 11.335
2025-10-30 20:09:02,427 [DEBUG] findfont: score(FontEntry(fname='C:\\Windows\\Fonts\\seguiemj.ttf', name='Segoe UI Emoji', style='normal', variant='normal', weight=400, stretch='normal', size='scalable')) = 10.05
2025-10-30 20:09:02,427 [DEBUG] findfont: score(FontEntry(fname='C:\\Windows\\Fonts\\FRABK.TTF', name='Franklin Gothic Book', style='normal', variant='normal', weight=400, stretch='normal', size='scalable')) = 10.05
2025-10-30 20:09:02,430 [DEBUG] findfont: score(FontEntry(fname='C:\\Windows\\Fonts\\georgiai.ttf', name='Georgia', style='italic', variant='normal', weight=400, stretch='normal', size='scalable')) = 11.05
2025-10-30 20:09:02,431 [DEBUG] findfont: score(FontEntry(fname='C:\\Windows\\Fonts\\SNAP____.TTF', name='Snap ITC', style='normal', variant='normal', weight=400, stretch='normal', size='scalable')) = 10.05
2025-10-30 20:09:02,432 [DEBUG] findfont: score(FontEntry(fname='C:\\Windows\\Fonts\\segoepr.ttf', name='Segoe Print', style='normal', variant='normal', weight=400, stretch='normal', size='scalable')) = 10.05
2025-10-30 20:09:02,432 [DEBUG] findfont: score(FontEntry(fname='C:\\Windows\\Fonts\\seguisb.ttf', name='Segoe UI', style='normal', variant='normal', weight=600, stretch='normal', size='scalable')) = 10.24
2025-10-30 20:09:02,433 [DEBUG] findfont: score(FontEntry(fname='C:\\Windows\\Fonts\\FELIXTI.TTF', name='Felix Titling', style='normal', variant='normal', weight=400, stretch='normal', size='scalable')) = 10.05
2025-10-30 20:09:02,433 [DEBUG] findfont: score(FontEntry(fname='C:\\Windows\\Fonts\\GARA.TTF', name='Garamond', style='normal', variant='normal', weight=400, stretch='normal', size='scalable')) = 10.05
2025-10-30 20:09:02,434 [DEBUG] findfont: score(FontEntry(fname='C:\\Windows\\Fonts\\ariblk.ttf', name='Arial', style='normal', variant='normal', weight=900, stretch='normal', size='scalable')) = 6.888636363636364
2025-10-30 20:09:02,434 [DEBUG] findfont: score(FontEntry(fname='C:\\Windows\\Fonts\\Gabriola.ttf', name='Gabriola', style='normal', variant='normal', weight=400, stretch='normal', size='scalable')) = 10.05
2025-10-30 20:09:02,435 [DEBUG] findfont: score(FontEntry(fname='C:\\Windows\\Fonts\\ARIALN.TTF', name='Arial', style='normal', variant='normal', weight=400, stretch='condensed', size='scalable')) = 6.613636363636363
2025-10-30 20:09:02,435 [DEBUG] findfont: score(FontEntry(fname='C:\\Windows\\Fonts\\TCCM____.TTF', name='Tw Cen MT Condensed', style='normal', variant='normal', weight=400, stretch='condensed', size='scalable')) = 10.25
2025-10-30 20:09:02,436 [DEBUG] findfont: score(FontEntry(fname='C:\\Windows\\Fonts\\LATINWD.TTF', name='Wide Latin', style='normal', variant='normal', weight=400, stretch='expanded', size='scalable')) = 10.25
2025-10-30 20:09:02,436 [DEBUG] findfont: score(FontEntry(fname='C:\\Windows\\Fonts\\LTYPE.TTF', name='Lucida Sans Typewriter', style='normal', variant='normal', weight=400, stretch='normal', size='scalable')) = 10.05
2025-10-30 20:09:02,437 [DEBUG] findfont: score(FontEntry(fname='C:\\Windows\\Fonts\\BSSYM7.TTF', name='Bookshelf Symbol 7', style='normal', variant='normal', weight=400, stretch='normal', size='scalable')) = 10.05
2025-10-30 20:09:02,437 [DEBUG] findfont: score(FontEntry(fname='C:\\Windows\\Fonts\\GIL_____.TTF', name='Gill Sans MT', style='normal', variant='normal', weight=400, stretch='normal', size='scalable')) = 10.05
2025-10-30 20:09:02,438 [DEBUG] findfont: score(FontEntry(fname='C:\\Windows\\Fonts\\pala.ttf', name='Palatino Linotype', style='normal', variant='normal', weight=400, stretch='normal', size='scalable')) = 10.05
2025-10-30 20:09:02,438 [DEBUG] findfont: score(FontEntry(fname='C:\\Windows\\Fonts\\GARAIT.TTF', name='Garamond', style='italic', variant='normal', weight=400, stretch='normal', size='scalable')) = 11.05
2025-10-30 20:09:02,439 [DEBUG] findfont: score(FontEntry(fname='C:\\Windows\\Fonts\\CURLZ___.TTF', name='Curlz MT', style='normal', variant='normal', weight=400, stretch='normal', size='scalable')) = 10.05
2025-10-30 20:09:02,439 [DEBUG] findfont: score(FontEntry(fname='C:\\Windows\\Fonts\\corbelli.ttf', name='Corbel', style='italic', variant='normal', weight=300, stretch='normal', size='scalable')) = 11.145
2025-10-30 20:09:02,440 [DEBUG] findfont: score(FontEntry(fname='C:\\Windows\\Fonts\\COOPBL.TTF', name='Cooper Black', style='normal', variant='normal', weight=400, stretch='normal', size='scalable')) = 10.05
2025-10-30 20:09:02,440 [DEBUG] findfont: score(FontEntry(fname='C:\\Windows\\Fonts\\ARLRDBD.TTF', name='Arial Rounded MT Bold', style='normal', variant='normal', weight=400, stretch='normal', size='scalable')) = 10.05
2025-10-30 20:09:02,441 [DEBUG] findfont: score(FontEntry(fname='C:\\Windows\\Fonts\\trebuc.ttf', name='Trebuchet MS', style='normal', variant='normal', weight=400, stretch='normal', size='scalable')) = 10.05
2025-10-30 20:09:02,442 [DEBUG] findfont: score(FontEntry(fname='C:\\Windows\\Fonts\\LFAXD.TTF', name='Lucida Fax', style='normal', variant='normal', weight=600, stretch='normal', size='scalable')) = 10.24
2025-10-30 20:09:02,443 [DEBUG] findfont: score(FontEntry(fname='C:\\Windows\\Fonts\\courbi.ttf', name='Courier New', style='italic', variant='normal', weight=700, stretch='normal', size='scalable')) = 11.335
2025-10-30 20:09:02,443 [DEBUG] findfont: score(FontEntry(fname='C:\\Windows\\Fonts\\CALISTBI.TTF', name='Calisto MT', style='italic', variant='normal', weight=700, stretch='normal', size='scalable')) = 11.335
2025-10-30 20:09:02,445 [DEBUG] findfont: score(FontEntry(fname='C:\\Windows\\Fonts\\segoeuisl.ttf', name='Segoe UI', style='normal', variant='normal', weight=350, stretch='normal', size='scalable')) = 10.0975
2025-10-30 20:09:02,445 [DEBUG] findfont: score(FontEntry(fname='C:\\Windows\\Fonts\\couri.ttf', name='Courier New', style='italic', variant='normal', weight=400, stretch='normal', size='scalable')) = 11.05
2025-10-30 20:09:02,446 [DEBUG] findfont: score(FontEntry(fname='C:\\Windows\\Fonts\\SCRIPTBL.TTF', name='Script MT Bold', style='normal', variant='normal', weight=700, stretch='normal', size='scalable')) = 10.335
2025-10-30 20:09:02,447 [DEBUG] findfont: score(FontEntry(fname='C:\\Windows\\Fonts\\ELEPHNTI.TTF', name='Elephant', style='italic', variant='normal', weight=400, stretch='normal', size='scalable')) = 11.05
2025-10-30 20:09:02,448 [DEBUG] findfont: score(FontEntry(fname='C:\\Windows\\Fonts\\LSANS.TTF', name='Lucida Sans', style='normal', variant='normal', weight=400, stretch='normal', size='scalable')) = 10.05
2025-10-30 20:09:02,448 [DEBUG] findfont: score(FontEntry(fname='C:\\Windows\\Fonts\\RAVIE.TTF', name='Ravie', style='normal', variant='normal', weight=400, stretch='normal', size='scalable')) = 10.05
2025-10-30 20:09:02,449 [DEBUG] findfont: score(FontEntry(fname='C:\\Windows\\Fonts\\LTYPEO.TTF', name='Lucida Sans Typewriter', style='oblique', variant='normal', weight=400, stretch='normal', size='scalable')) = 11.05
2025-10-30 20:09:02,449 [DEBUG] findfont: score(FontEntry(fname='C:\\Windows\\Fonts\\framd.ttf', name='Franklin Gothic Medium', style='normal', variant='normal', weight=400, stretch='normal', size='scalable')) = 10.05
2025-10-30 20:09:02,450 [DEBUG] findfont: score(FontEntry(fname='C:\\Windows\\Fonts\\mmrtext.ttf', name='Myanmar Text', style='normal', variant='normal', weight=400, stretch='normal', size='scalable')) = 10.05
2025-10-30 20:09:02,450 [DEBUG] findfont: score(FontEntry(fname='C:\\Windows\\Fonts\\ENGR.TTF', name='Engravers MT', style='normal', variant='normal', weight=500, stretch='normal', size='scalable')) = 10.145
2025-10-30 20:09:02,450 [DEBUG] findfont: score(FontEntry(fname='C:\\Windows\\Fonts\\FREESCPT.TTF', name='Freestyle Script', style='normal', variant='normal', weight=400, stretch='normal', size='scalable')) = 10.05
2025-10-30 20:09:02,451 [DEBUG] findfont: score(FontEntry(fname='C:\\Windows\\Fonts\\BOD_B.TTF', name='Bodoni MT', style='normal', variant='normal', weight=700, stretch='normal', size='scalable')) = 10.335
2025-10-30 20:09:02,451 [DEBUG] findfont: score(FontEntry(fname='C:\\Windows\\Fonts\\segoeprb.ttf', name='Segoe Print', style='normal', variant='normal', weight=700, stretch='normal', size='scalable')) = 10.335
2025-10-30 20:09:02,452 [DEBUG] findfont: score(FontEntry(fname='C:\\Windows\\Fonts\\GOTHIC.TTF', name='Century Gothic', style='normal', variant='normal', weight=400, stretch='normal', size='scalable')) = 10.05
2025-10-30 20:09:02,452 [DEBUG] findfont: score(FontEntry(fname='C:\\Windows\\Fonts\\consola.ttf', name='Consolas', style='normal', variant='normal', weight=400, stretch='normal', size='scalable')) = 10.05
2025-10-30 20:09:02,452 [DEBUG] findfont: score(FontEntry(fname='C:\\Windows\\Fonts\\constani.ttf', name='Constantia', style='italic', variant='normal', weight=400, stretch='normal', size='scalable')) = 11.05
2025-10-30 20:09:02,453 [DEBUG] findfont: score(FontEntry(fname='C:\\Windows\\Fonts\\MOD20.TTF', name='Modern No. 20', style='normal', variant='normal', weight=400, stretch='normal', size='scalable')) = 10.05
2025-10-30 20:09:02,453 [DEBUG] findfont: score(FontEntry(fname='C:\\Windows\\Fonts\\BELLI.TTF', name='Bell MT', style='italic', variant='normal', weight=400, stretch='normal', size='scalable')) = 11.05
2025-10-30 20:09:02,454 [DEBUG] findfont: score(FontEntry(fname='C:\\Windows\\Fonts\\ARIALNB.TTF', name='Arial', style='normal', variant='normal', weight=700, stretch='condensed', size='scalable')) = 6.8986363636363635
2025-10-30 20:09:02,455 [DEBUG] findfont: score(FontEntry(fname='C:\\Windows\\Fonts\\LSANSD.TTF', name='Lucida Sans', style='normal', variant='normal', weight=600, stretch='normal', size='scalable')) = 10.24
2025-10-30 20:09:02,455 [DEBUG] findfont: score(FontEntry(fname='C:\\Windows\\Fonts\\COPRGTB.TTF', name='Copperplate Gothic Bold', style='normal', variant='normal', weight=400, stretch='normal', size='scalable')) = 10.05
2025-10-30 20:09:02,456 [DEBUG] findfont: score(FontEntry(fname='C:\\Windows\\Fonts\\ariali.ttf', name='Arial', style='italic', variant='normal', weight=400, stretch='normal', size='scalable')) = 7.413636363636363
2025-10-30 20:09:02,457 [DEBUG] findfont: score(FontEntry(fname='C:\\Windows\\Fonts\\ERASLGHT.TTF', name='Eras Light ITC', style='normal', variant='normal', weight=400, stretch='normal', size='scalable')) = 10.05
2025-10-30 20:09:02,458 [DEBUG] findfont: score(FontEntry(fname='C:\\Windows\\Fonts\\REFSPCL.TTF', name='MS Reference Specialty', style='normal', variant='normal', weight=400, stretch='normal', size='scalable')) = 10.05
2025-10-30 20:09:02,459 [DEBUG] findfont: score(FontEntry(fname='C:\\Windows\\Fonts\\WINGDNG3.TTF', name='Wingdings 3', style='normal', variant='normal', weight=400, stretch='normal', size='scalable')) = 10.05
2025-10-30 20:09:02,459 [DEBUG] findfont: score(FontEntry(fname='C:\\Windows\\Fonts\\GOUDYSTO.TTF', name='Goudy Stout', style='normal', variant='normal', weight=400, stretch='normal', size='scalable')) = 10.05
2025-10-30 20:09:02,460 [DEBUG] findfont: score(FontEntry(fname='C:\\Windows\\Fonts\\LFAXI.TTF', name='Lucida Fax', style='italic', variant='normal', weight=400, stretch='normal', size='scalable')) = 11.05
2025-10-30 20:09:02,461 [DEBUG] findfont: score(FontEntry(fname='C:\\Windows\\Fonts\\LeelUIsl.ttf', name='Leelawadee UI', style='normal', variant='normal', weight=350, stretch='normal', size='scalable')) = 10.0975
2025-10-30 20:09:02,461 [DEBUG] findfont: score(FontEntry(fname='C:\\Windows\\Fonts\\GOTHICI.TTF', name='Century Gothic', style='italic', variant='normal', weight=400, stretch='normal', size='scalable')) = 11.05
2025-10-30 20:09:02,462 [DEBUG] findfont: score(FontEntry(fname='C:\\Windows\\Fonts\\hpsimplifiedjpan-light.ttf', name='HP Simplified Jpan', style='normal', variant='normal', weight=300, stretch='normal', size='scalable')) = 10.145
2025-10-30 20:09:02,463 [DEBUG] findfont: score(FontEntry(fname='C:\\Windows\\Fonts\\PALSCRI.TTF', name='Palace Script MT', style='normal', variant='normal', weight=400, stretch='normal', size='scalable')) = 10.05
2025-10-30 20:09:02,464 [DEBUG] findfont: score(FontEntry(fname='C:\\Windows\\Fonts\\VINERITC.TTF', name='Viner Hand ITC', style='normal', variant='normal', weight=400, stretch='normal', size='scalable')) = 10.05
2025-10-30 20:09:02,465 [DEBUG] findfont: score(FontEntry(fname='C:\\Windows\\Fonts\\simsunb.ttf', name='SimSun-ExtB', style='normal', variant='normal', weight=400, stretch='normal', size='scalable')) = 10.05
2025-10-30 20:09:02,465 [DEBUG] findfont: score(FontEntry(fname='C:\\Windows\\Fonts\\webdings.ttf', name='Webdings', style='normal', variant='normal', weight=400, stretch='normal', size='scalable')) = 10.05
2025-10-30 20:09:02,465 [DEBUG] findfont: score(FontEntry(fname='C:\\Windows\\Fonts\\HPSimplified_Rg.ttf', name='HP Simplified', style='normal', variant='normal', weight=400, stretch='normal', size='scalable')) = 10.05
2025-10-30 20:09:02,466 [DEBUG] findfont: score(FontEntry(fname='C:\\Windows\\Fonts\\segoeuii.ttf', name='Segoe UI', style='italic', variant='normal', weight=400, stretch='normal', size='scalable')) = 11.05
2025-10-30 20:09:02,466 [DEBUG] findfont: score(FontEntry(fname='C:\\Windows\\Fonts\\calibriz.ttf', name='Calibri', style='italic', variant='normal', weight=700, stretch='normal', size='scalable')) = 11.335
2025-10-30 20:09:02,467 [DEBUG] findfont: score(FontEntry(fname='C:\\Windows\\Fonts\\BERNHC.TTF', name='Bernard MT Condensed', style='normal', variant='normal', weight=400, stretch='condensed', size='scalable')) = 10.25
2025-10-30 20:09:02,467 [DEBUG] findfont: score(FontEntry(fname='C:\\Windows\\Fonts\\LBRITED.TTF', name='Lucida Bright', style='normal', variant='normal', weight=600, stretch='normal', size='scalable')) = 10.24
2025-10-30 20:09:02,467 [DEBUG] findfont: score(FontEntry(fname='C:\\Windows\\Fonts\\calibril.ttf', name='Calibri', style='normal', variant='normal', weight=300, stretch='normal', size='scalable')) = 10.145
2025-10-30 20:09:02,468 [DEBUG] findfont: score(FontEntry(fname='C:\\Windows\\Fonts\\MTEXTRA.TTF', name='MT Extra', style='normal', variant='normal', weight=400, stretch='normal', size='scalable')) = 10.05
2025-10-30 20:09:02,469 [DEBUG] findfont: score(FontEntry(fname='C:\\Windows\\Fonts\\LBRITEI.TTF', name='Lucida Bright', style='italic', variant='normal', weight=400, stretch='normal', size='scalable')) = 11.05
2025-10-30 20:09:02,469 [DEBUG] findfont: score(FontEntry(fname='C:\\Windows\\Fonts\\Nirmala.ttc', name='Nirmala UI', style='normal', variant='normal', weight=400, stretch='normal', size='scalable')) = 10.05
2025-10-30 20:09:02,470 [DEBUG] findfont: score(FontEntry(fname='C:\\Windows\\Fonts\\cambriai.ttf', name='Cambria', style='italic', variant='normal', weight=400, stretch='normal', size='scalable')) = 11.05
2025-10-30 20:09:02,470 [DEBUG] findfont: score(FontEntry(fname='C:\\Windows\\Fonts\\PRISTINA.TTF', name='Pristina', style='normal', variant='normal', weight=400, stretch='normal', size='scalable')) = 10.05
2025-10-30 20:09:02,471 [DEBUG] findfont: score(FontEntry(fname='C:\\Windows\\Fonts\\SansSerifCollection.ttf', name='Sans Serif Collection', style='normal', variant='normal', weight=400, stretch='normal', size='scalable')) = 10.05
2025-10-30 20:09:02,472 [DEBUG] findfont: score(FontEntry(fname='C:\\Windows\\Fonts\\constanb.ttf', name='Constantia', style='normal', variant='normal', weight=700, stretch='normal', size='scalable')) = 10.335
2025-10-30 20:09:02,472 [DEBUG] findfont: score(FontEntry(fname='C:\\Windows\\Fonts\\TCM_____.TTF', name='Tw Cen MT', style='normal', variant='normal', weight=400, stretch='normal', size='scalable')) = 10.05
2025-10-30 20:09:02,473 [DEBUG] findfont: score(FontEntry(fname='C:\\Windows\\Fonts\\msjh.ttc', name='Microsoft JhengHei', style='normal', variant='normal', weight=400, stretch='normal', size='scalable')) = 10.05
2025-10-30 20:09:02,473 [DEBUG] findfont: score(FontEntry(fname='C:\\Windows\\Fonts\\sylfaen.ttf', name='Sylfaen', style='normal', variant='normal', weight=400, stretch='normal', size='scalable')) = 10.05
2025-10-30 20:09:02,474 [DEBUG] findfont: score(FontEntry(fname='C:\\Windows\\Fonts\\SCHLBKBI.TTF', name='Century Schoolbook', style='italic', variant='normal', weight=700, stretch='normal', size='scalable')) = 11.335
2025-10-30 20:09:02,475 [DEBUG] findfont: score(FontEntry(fname='C:\\Windows\\Fonts\\INFROMAN.TTF', name='Informal Roman', style='normal', variant='normal', weight=400, stretch='normal', size='scalable')) = 10.05
2025-10-30 20:09:02,475 [DEBUG] findfont: score(FontEntry(fname='C:\\Windows\\Fonts\\seguibli.ttf', name='Segoe UI', style='italic', variant='normal', weight=900, stretch='normal', size='scalable')) = 11.525
2025-10-30 20:09:02,475 [DEBUG] findfont: score(FontEntry(fname='C:\\Windows\\Fonts\\TCB_____.TTF', name='Tw Cen MT', style='normal', variant='normal', weight=700, stretch='normal', size='scalable')) = 10.335
2025-10-30 20:09:02,476 [DEBUG] findfont: score(FontEntry(fname='C:\\Windows\\Fonts\\WINGDNG2.TTF', name='Wingdings 2', style='normal', variant='normal', weight=400, stretch='normal', size='scalable')) = 10.05
2025-10-30 20:09:02,476 [DEBUG] findfont: score(FontEntry(fname='C:\\Windows\\Fonts\\FRAHVIT.TTF', name='Franklin Gothic Heavy', style='italic', variant='normal', weight=400, stretch='normal', size='scalable')) = 11.05
2025-10-30 20:09:02,477 [DEBUG] findfont: score(FontEntry(fname='C:\\Windows\\Fonts\\PERTILI.TTF', name='Perpetua Titling MT', style='normal', variant='normal', weight=300, stretch='normal', size='scalable')) = 10.145
2025-10-30 20:09:02,478 [DEBUG] findfont: score(FontEntry(fname='C:\\Windows\\Fonts\\LeelawUI.ttf', name='Leelawadee UI', style='normal', variant='normal', weight=400, stretch='normal', size='scalable')) = 10.05
2025-10-30 20:09:02,480 [DEBUG] findfont: score(FontEntry(fname='C:\\Windows\\Fonts\\CHILLER.TTF', name='Chiller', style='normal', variant='normal', weight=400, stretch='normal', size='scalable')) = 10.05
2025-10-30 20:09:02,481 [DEBUG] findfont: score(FontEntry(fname='C:\\Windows\\Fonts\\segoeui.ttf', name='Segoe UI', style='normal', variant='normal', weight=400, stretch='normal', size='scalable')) = 10.05
2025-10-30 20:09:02,482 [DEBUG] findfont: score(FontEntry(fname='C:\\Windows\\Fonts\\LFAX.TTF', name='Lucida Fax', style='normal', variant='normal', weight=400, stretch='normal', size='scalable')) = 10.05
2025-10-30 20:09:02,483 [DEBUG] findfont: score(FontEntry(fname='C:\\Windows\\Fonts\\CALIST.TTF', name='Calisto MT', style='normal', variant='normal', weight=400, stretch='normal', size='scalable')) = 10.05
2025-10-30 20:09:02,484 [DEBUG] findfont: score(FontEntry(fname='C:\\Windows\\Fonts\\palab.ttf', name='Palatino Linotype', style='normal', variant='normal', weight=700, stretch='normal', size='scalable')) = 10.335
2025-10-30 20:09:02,484 [DEBUG] findfont: score(FontEntry(fname='C:\\Windows\\Fonts\\CENTAUR.TTF', name='Centaur', style='normal', variant='normal', weight=400, stretch='normal', size='scalable')) = 10.05
2025-10-30 20:09:02,484 [DEBUG] findfont: score(FontEntry(fname='C:\\Windows\\Fonts\\LHANDW.TTF', name='Lucida Handwriting', style='italic', variant='normal', weight=400, stretch='normal', size='scalable')) = 11.05
2025-10-30 20:09:02,485 [DEBUG] findfont: score(FontEntry(fname='C:\\Windows\\Fonts\\segoesc.ttf', name='Segoe Script', style='normal', variant='normal', weight=400, stretch='normal', size='scalable')) = 10.05
2025-10-30 20:09:02,485 [DEBUG] findfont: score(FontEntry(fname='C:\\Windows\\Fonts\\palabi.ttf', name='Palatino Linotype', style='italic', variant='normal', weight=700, stretch='normal', size='scalable')) = 11.335
2025-10-30 20:09:02,486 [DEBUG] findfont: score(FontEntry(fname='C:\\Windows\\Fonts\\timesbd.ttf', name='Times New Roman', style='normal', variant='normal', weight=700, stretch='normal', size='scalable')) = 10.335
2025-10-30 20:09:02,487 [DEBUG] findfont: score(FontEntry(fname='C:\\Windows\\Fonts\\JOKERMAN.TTF', name='Jokerman', style='normal', variant='normal', weight=400, stretch='normal', size='scalable')) = 10.05
2025-10-30 20:09:02,487 [DEBUG] findfont: score(FontEntry(fname='C:\\Windows\\Fonts\\framdit.ttf', name='Franklin Gothic Medium', style='italic', variant='normal', weight=400, stretch='normal', size='scalable')) = 11.05
2025-10-30 20:09:02,488 [DEBUG] findfont: score(FontEntry(fname='C:\\Windows\\Fonts\\calibri.ttf', name='Calibri', style='normal', variant='normal', weight=400, stretch='normal', size='scalable')) = 10.05
2025-10-30 20:09:02,488 [DEBUG] findfont: score(FontEntry(fname='C:\\Windows\\Fonts\\georgia.ttf', name='Georgia', style='normal', variant='normal', weight=400, stretch='normal', size='scalable')) = 10.05
2025-10-30 20:09:02,489 [DEBUG] findfont: score(FontEntry(fname='C:\\Windows\\Fonts\\SCHLBKB.TTF', name='Century Schoolbook', style='normal', variant='normal', weight=700, stretch='normal', size='scalable')) = 10.335
2025-10-30 20:09:02,489 [DEBUG] findfont: score(FontEntry(fname='C:\\Windows\\Fonts\\ERASMD.TTF', name='Eras Medium ITC', style='normal', variant='normal', weight=400, stretch='normal', size='scalable')) = 10.05
2025-10-30 20:09:02,490 [DEBUG] findfont: score(FontEntry(fname='C:\\Windows\\Fonts\\COPRGTL.TTF', name='Copperplate Gothic Light', style='normal', variant='normal', weight=400, stretch='normal', size='scalable')) = 10.05
2025-10-30 20:09:02,490 [DEBUG] findfont: score(FontEntry(fname='C:\\Windows\\Fonts\\bahnschrift.ttf', name='Bahnschrift', style='normal', variant='normal', weight=400, stretch='normal', size='scalable')) = 10.05
2025-10-30 20:09:02,490 [DEBUG] findfont: score(FontEntry(fname='C:\\Windows\\Fonts\\BRITANIC.TTF', name='Britannic Bold', style='normal', variant='normal', weight=400, stretch='normal', size='scalable')) = 10.05
2025-10-30 20:09:02,491 [DEBUG] findfont: score(FontEntry(fname='C:\\Windows\\Fonts\\LSANSDI.TTF', name='Lucida Sans', style='italic', variant='normal', weight=600, stretch='normal', size='scalable')) = 11.24
2025-10-30 20:09:02,492 [DEBUG] findfont: score(FontEntry(fname='C:\\Windows\\Fonts\\HARNGTON.TTF', name='Harrington', style='normal', variant='normal', weight=400, stretch='normal', size='scalable')) = 10.05
2025-10-30 20:09:02,492 [DEBUG] findfont: score(FontEntry(fname='C:\\Windows\\Fonts\\BOD_PSTC.TTF', name='Bodoni MT', style='normal', variant='normal', weight=300, stretch='normal', size='scalable')) = 10.145
2025-10-30 20:09:02,493 [DEBUG] findfont: score(FontEntry(fname='C:\\Windows\\Fonts\\COLONNA.TTF', name='Colonna MT', style='normal', variant='normal', weight=400, stretch='normal', size='scalable')) = 10.05
2025-10-30 20:09:02,493 [DEBUG] findfont: score(FontEntry(fname='C:\\Windows\\Fonts\\monbaiti.ttf', name='Mongolian Baiti', style='normal', variant='normal', weight=400, stretch='normal', size='scalable')) = 10.05
2025-10-30 20:09:02,498 [DEBUG] findfont: score(FontEntry(fname='C:\\Windows\\Fonts\\HPSimplified_It.ttf', name='HP Simplified', style='italic', variant='normal', weight=400, stretch='normal', size='scalable')) = 11.05
2025-10-30 20:09:02,498 [DEBUG] findfont: score(FontEntry(fname='C:\\Windows\\Fonts\\SitkaVF.ttf', name='Sitka', style='normal', variant='normal', weight=400, stretch='normal', size='scalable')) = 10.05
2025-10-30 20:09:02,499 [DEBUG] findfont: score(FontEntry(fname='C:\\Windows\\Fonts\\ebrima.ttf', name='Ebrima', style='normal', variant='normal', weight=400, stretch='normal', size='scalable')) = 10.05
2025-10-30 20:09:02,500 [DEBUG] findfont: score(FontEntry(fname='C:\\Windows\\Fonts\\YuGothR.ttc', name='Yu Gothic', style='normal', variant='normal', weight=400, stretch='normal', size='scalable')) = 10.05
2025-10-30 20:09:02,501 [DEBUG] findfont: score(FontEntry(fname='C:\\Windows\\Fonts\\timesbi.ttf', name='Times New Roman', style='italic', variant='normal', weight=700, stretch='normal', size='scalable')) = 11.335
2025-10-30 20:09:02,501 [DEBUG] findfont: score(FontEntry(fname='C:\\Windows\\Fonts\\LBRITEDI.TTF', name='Lucida Bright', style='italic', variant='normal', weight=600, stretch='normal', size='scalable')) = 11.24
2025-10-30 20:09:02,502 [DEBUG] findfont: score(FontEntry(fname='C:\\Windows\\Fonts\\STENCIL.TTF', name='Stencil', style='normal', variant='normal', weight=400, stretch='normal', size='scalable')) = 10.05
2025-10-30 20:09:02,502 [DEBUG] findfont: score(FontEntry(fname='C:\\Windows\\Fonts\\lucon.ttf', name='Lucida Console', style='normal', variant='normal', weight=400, stretch='normal', size='scalable')) = 10.05
2025-10-30 20:09:02,503 [DEBUG] findfont: score(FontEntry(fname='C:\\Windows\\Fonts\\ITCKRIST.TTF', name='Kristen ITC', style='normal', variant='normal', weight=400, stretch='normal', size='scalable')) = 10.05
2025-10-30 20:09:02,503 [DEBUG] findfont: score(FontEntry(fname='C:\\Windows\\Fonts\\ALGER.TTF', name='Algerian', style='normal', variant='normal', weight=400, stretch='normal', size='scalable')) = 10.05
2025-10-30 20:09:02,504 [DEBUG] findfont: score(FontEntry(fname='C:\\Windows\\Fonts\\HPSimplified.ttf', name='HP Simplified', style='normal', variant='normal', weight=700, stretch='normal', size='scalable')) = 10.335
2025-10-30 20:09:02,504 [DEBUG] findfont: score(FontEntry(fname='C:\\Windows\\Fonts\\courbd.ttf', name='Courier New', style='normal', variant='normal', weight=700, stretch='normal', size='scalable')) = 10.335
2025-10-30 20:09:02,505 [DEBUG] findfont: score(FontEntry(fname='C:\\Windows\\Fonts\\SimsunExtG.ttf', name='SimSun-ExtG', style='normal', variant='normal', weight=400, stretch='normal', size='scalable')) = 10.05
2025-10-30 20:09:02,505 [DEBUG] findfont: score(FontEntry(fname='C:\\Windows\\Fonts\\HPSimplified_BdIt.ttf', name='HP Simplified', style='italic', variant='normal', weight=700, stretch='normal', size='scalable')) = 11.335
2025-10-30 20:09:02,505 [DEBUG] findfont: score(FontEntry(fname='C:\\Windows\\Fonts\\taileb.ttf', name='Microsoft Tai Le', style='normal', variant='normal', weight=700, stretch='normal', size='scalable')) = 10.335
2025-10-30 20:09:02,506 [DEBUG] findfont: score(FontEntry(fname='C:\\Windows\\Fonts\\FRADM.TTF', name='Franklin Gothic Demi', style='normal', variant='normal', weight=400, stretch='normal', size='scalable')) = 10.05
2025-10-30 20:09:02,506 [DEBUG] findfont: score(FontEntry(fname='C:\\Windows\\Fonts\\seguihis.ttf', name='Segoe UI Historic', style='normal', variant='normal', weight=400, stretch='normal', size='scalable')) = 10.05
2025-10-30 20:09:02,507 [DEBUG] findfont: score(FontEntry(fname='C:\\Windows\\Fonts\\wingding.ttf', name='Wingdings', style='normal', variant='normal', weight=400, stretch='normal', size='scalable')) = 10.05
2025-10-30 20:09:02,508 [DEBUG] findfont: score(FontEntry(fname='C:\\Windows\\Fonts\\BRLNSB.TTF', name='Berlin Sans FB', style='normal', variant='normal', weight=700, stretch='normal', size='scalable')) = 10.335
2025-10-30 20:09:02,508 [DEBUG] findfont: score(FontEntry(fname='C:\\Windows\\Fonts\\ROCC____.TTF', name='Rockwell Condensed', style='normal', variant='normal', weight=400, stretch='condensed', size='scalable')) = 10.25
2025-10-30 20:09:02,509 [DEBUG] findfont: score(FontEntry(fname='C:\\Windows\\Fonts\\NIAGENG.TTF', name='Niagara Engraved', style='normal', variant='normal', weight=400, stretch='normal', size='scalable')) = 10.05
2025-10-30 20:09:02,510 [DEBUG] findfont: score(FontEntry(fname='C:\\Windows\\Fonts\\mmrtextb.ttf', name='Myanmar Text', style='normal', variant='normal', weight=700, stretch='normal', size='scalable')) = 10.335
2025-10-30 20:09:02,512 [DEBUG] findfont: score(FontEntry(fname='C:\\Windows\\Fonts\\Candara.ttf', name='Candara', style='normal', variant='normal', weight=400, stretch='normal', size='scalable')) = 10.05
2025-10-30 20:09:02,512 [DEBUG] findfont: score(FontEntry(fname='C:\\Windows\\Fonts\\verdanai.ttf', name='Verdana', style='italic', variant='normal', weight=400, stretch='normal', size='scalable')) = 4.6863636363636365
2025-10-30 20:09:02,513 [DEBUG] findfont: score(FontEntry(fname='C:\\Windows\\Fonts\\FRAHV.TTF', name='Franklin Gothic Heavy', style='normal', variant='normal', weight=400, stretch='normal', size='scalable')) = 10.05
2025-10-30 20:09:02,514 [DEBUG] findfont: score(FontEntry(fname='C:\\Windows\\Fonts\\ITCEDSCR.TTF', name='Edwardian Script ITC', style='normal', variant='normal', weight=400, stretch='normal', size='scalable')) = 10.05
2025-10-30 20:09:02,515 [DEBUG] findfont: score(FontEntry(fname='C:\\Windows\\Fonts\\ROCK.TTF', name='Rockwell', style='normal', variant='normal', weight=400, stretch='normal', size='scalable')) = 10.05
2025-10-30 20:09:02,516 [DEBUG] findfont: score(FontEntry(fname='C:\\Windows\\Fonts\\BOOKOSBI.TTF', name='Bookman Old Style', style='italic', variant='normal', weight=600, stretch='normal', size='scalable')) = 11.24
2025-10-30 20:09:02,517 [DEBUG] findfont: score(FontEntry(fname='C:\\Windows\\Fonts\\LBRITE.TTF', name='Lucida Bright', style='normal', variant='normal', weight=400, stretch='normal', size='scalable')) = 10.05
2025-10-30 20:09:02,517 [DEBUG] findfont: score(FontEntry(fname='C:\\Windows\\Fonts\\consolab.ttf', name='Consolas', style='normal', variant='normal', weight=700, stretch='normal', size='scalable')) = 10.335
2025-10-30 20:09:02,518 [DEBUG] findfont: score(FontEntry(fname='C:\\Windows\\Fonts\\POORICH.TTF', name='Poor Richard', style='normal', variant='normal', weight=400, stretch='normal', size='scalable')) = 10.05
2025-10-30 20:09:02,518 [DEBUG] findfont: score(FontEntry(fname='C:\\Windows\\Fonts\\himalaya.ttf', name='Microsoft Himalaya', style='normal', variant='normal', weight=400, stretch='normal', size='scalable')) = 10.05
2025-10-30 20:09:02,518 [DEBUG] findfont: score(FontEntry(fname='C:\\Windows\\Fonts\\hpsimplifiedhans-regular.ttf', name='HP Simplified Hans', style='normal', variant='normal', weight=400, stretch='normal', size='scalable')) = 10.05
2025-10-30 20:09:02,519 [DEBUG] findfont: score(FontEntry(fname='C:\\Windows\\Fonts\\VLADIMIR.TTF', name='Vladimir Script', style='normal', variant='normal', weight=400, stretch='normal', size='scalable')) = 10.05
2025-10-30 20:09:02,519 [DEBUG] findfont: score(FontEntry(fname='C:\\Windows\\Fonts\\BOD_I.TTF', name='Bodoni MT', style='italic', variant='normal', weight=400, stretch='normal', size='scalable')) = 11.05
2025-10-30 20:09:02,520 [DEBUG] findfont: score(FontEntry(fname='C:\\Windows\\Fonts\\ERASBD.TTF', name='Eras Bold ITC', style='normal', variant='normal', weight=400, stretch='normal', size='scalable')) = 10.05
2025-10-30 20:09:02,520 [DEBUG] findfont: score(FontEntry(fname='C:\\Windows\\Fonts\\BAUHS93.TTF', name='Bauhaus 93', style='normal', variant='normal', weight=400, stretch='normal', size='scalable')) = 10.05
2025-10-30 20:09:02,521 [DEBUG] findfont: score(FontEntry(fname='C:\\Windows\\Fonts\\ROCKB.TTF', name='Rockwell', style='normal', variant='normal', weight=700, stretch='normal', size='scalable')) = 10.335
2025-10-30 20:09:02,521 [DEBUG] findfont: score(FontEntry(fname='C:\\Windows\\Fonts\\PARCHM.TTF', name='Parchment', style='normal', variant='normal', weight=400, stretch='normal', size='scalable')) = 10.05
2025-10-30 20:09:02,522 [DEBUG] findfont: score(FontEntry(fname='C:\\Windows\\Fonts\\ROCCB___.TTF', name='Rockwell Condensed', style='normal', variant='normal', weight=700, stretch='condensed', size='scalable')) = 10.535
2025-10-30 20:09:02,522 [DEBUG] findfont: score(FontEntry(fname='C:\\Windows\\Fonts\\SHOWG.TTF', name='Showcard Gothic', style='normal', variant='normal', weight=400, stretch='normal', size='scalable')) = 10.05
2025-10-30 20:09:02,523 [DEBUG] findfont: score(FontEntry(fname='C:\\Windows\\Fonts\\MISTRAL.TTF', name='Mistral', style='normal', variant='normal', weight=400, stretch='normal', size='scalable')) = 10.05
2025-10-30 20:09:02,523 [DEBUG] findfont: score(FontEntry(fname='C:\\Windows\\Fonts\\FRAMDCN.TTF', name='Franklin Gothic Medium Cond', style='normal', variant='normal', weight=400, stretch='condensed', size='scalable')) = 10.25
2025-10-30 20:09:02,524 [DEBUG] findfont: score(FontEntry(fname='C:\\Windows\\Fonts\\ITCBLKAD.TTF', name='Blackadder ITC', style='normal', variant='normal', weight=400, stretch='normal', size='scalable')) = 10.05
2025-10-30 20:09:02,525 [DEBUG] findfont: score(FontEntry(fname='C:\\Windows\\Fonts\\hpsimplifiedjpan-regular.ttf', name='HP Simplified Jpan', style='normal', variant='normal', weight=400, stretch='normal', size='scalable')) = 10.05
2025-10-30 20:09:02,525 [DEBUG] findfont: score(FontEntry(fname='C:\\Windows\\Fonts\\constanz.ttf', name='Constantia', style='italic', variant='normal', weight=700, stretch='normal', size='scalable')) = 11.335
2025-10-30 20:09:02,526 [DEBUG] findfont: score(FontEntry(fname='C:\\Windows\\Fonts\\LeelaUIb.ttf', name='Leelawadee UI', style='normal', variant='normal', weight=700, stretch='normal', size='scalable')) = 10.335
2025-10-30 20:09:02,526 [DEBUG] findfont: score(FontEntry(fname='C:\\Windows\\Fonts\\MTCORSVA.TTF', name='Monotype Corsiva', style='normal', variant='normal', weight=400, stretch='normal', size='scalable')) = 10.05
2025-10-30 20:09:02,527 [DEBUG] findfont: score(FontEntry(fname='C:\\Windows\\Fonts\\LTYPEBO.TTF', name='Lucida Sans Typewriter', style='oblique', variant='normal', weight=600, stretch='normal', size='scalable')) = 11.24
2025-10-30 20:09:02,528 [DEBUG] findfont: score(FontEntry(fname='C:\\Windows\\Fonts\\GILSANUB.TTF', name='Gill Sans Ultra Bold', style='normal', variant='normal', weight=400, stretch='normal', size='scalable')) = 10.05
2025-10-30 20:09:02,529 [DEBUG] findfont: score(FontEntry(fname='C:\\Windows\\Fonts\\BOD_BLAR.TTF', name='Bodoni MT', style='normal', variant='normal', weight=900, stretch='normal', size='scalable')) = 10.525
2025-10-30 20:09:02,530 [DEBUG] findfont: score(FontEntry(fname='C:\\Windows\\Fonts\\comicbd.ttf', name='Comic Sans MS', style='normal', variant='normal', weight=700, stretch='normal', size='scalable')) = 10.335
2025-10-30 20:09:02,531 [DEBUG] findfont: score(FontEntry(fname='C:\\Windows\\Fonts\\DUBAI-LIGHT.TTF', name='Dubai', style='normal', variant='normal', weight=300, stretch='normal', size='scalable')) = 10.145
2025-10-30 20:09:02,532 [DEBUG] findfont: score(FontEntry(fname='C:\\Windows\\Fonts\\msyh.ttc', name='Microsoft YaHei', style='normal', variant='normal', weight=400, stretch='normal', size='scalable')) = 10.05
2025-10-30 20:09:02,532 [DEBUG] findfont: score(FontEntry(fname='C:\\Windows\\Fonts\\CALIFI.TTF', name='Californian FB', style='italic', variant='normal', weight=400, stretch='normal', size='scalable')) = 11.05
2025-10-30 20:09:02,533 [DEBUG] findfont: score(FontEntry(fname='C:\\Windows\\Fonts\\TCCB____.TTF', name='Tw Cen MT Condensed', style='normal', variant='normal', weight=700, stretch='condensed', size='scalable')) = 10.535
2025-10-30 20:09:02,533 [DEBUG] findfont: score(FontEntry(fname='C:\\Windows\\Fonts\\corbel.ttf', name='Corbel', style='normal', variant='normal', weight=400, stretch='normal', size='scalable')) = 10.05
2025-10-30 20:09:02,533 [DEBUG] findfont: score(FontEntry(fname='C:\\Windows\\Fonts\\ERASDEMI.TTF', name='Eras Demi ITC', style='normal', variant='normal', weight=400, stretch='normal', size='scalable')) = 10.05
2025-10-30 20:09:02,534 [DEBUG] findfont: score(FontEntry(fname='C:\\Windows\\Fonts\\AGENCYR.TTF', name='Agency FB', style='normal', variant='normal', weight=400, stretch='normal', size='scalable')) = 10.05
2025-10-30 20:09:02,534 [DEBUG] findfont: score(FontEntry(fname='C:\\Windows\\Fonts\\Candaral.ttf', name='Candara', style='normal', variant='normal', weight=400, stretch='normal', size='scalable')) = 10.05
2025-10-30 20:09:02,535 [DEBUG] findfont: score(FontEntry(fname='C:\\Windows\\Fonts\\RAGE.TTF', name='Rage Italic', style='italic', variant='normal', weight=400, stretch='normal', size='scalable')) = 11.05
2025-10-30 20:09:02,535 [DEBUG] findfont: score(FontEntry(fname='C:\\Windows\\Fonts\\malgun.ttf', name='Malgun Gothic', style='normal', variant='normal', weight=400, stretch='normal', size='scalable')) = 10.05
2025-10-30 20:09:02,535 [DEBUG] findfont: score(FontEntry(fname='C:\\Windows\\Fonts\\ROCKEB.TTF', name='Rockwell Extra Bold', style='normal', variant='normal', weight=800, stretch='normal', size='scalable')) = 10.43
2025-10-30 20:09:02,536 [DEBUG] findfont: score(FontEntry(fname='C:\\Windows\\Fonts\\malgunbd.ttf', name='Malgun Gothic', style='normal', variant='normal', weight=700, stretch='normal', size='scalable')) = 10.335
2025-10-30 20:09:02,536 [DEBUG] findfont: score(FontEntry(fname='C:\\Windows\\Fonts\\ANTQUABI.TTF', name='Book Antiqua', style='italic', variant='normal', weight=700, stretch='normal', size='scalable')) = 11.335
2025-10-30 20:09:02,537 [DEBUG] findfont: score(FontEntry(fname='C:\\Windows\\Fonts\\Candarali.ttf', name='Candara', style='italic', variant='normal', weight=400, stretch='normal', size='scalable')) = 11.05
2025-10-30 20:09:02,537 [DEBUG] findfont: score(FontEntry(fname='C:\\Windows\\Fonts\\TEMPSITC.TTF', name='Tempus Sans ITC', style='normal', variant='normal', weight=400, stretch='normal', size='scalable')) = 10.05
2025-10-30 20:09:02,538 [DEBUG] findfont: score(FontEntry(fname='C:\\Windows\\Fonts\\trebucit.ttf', name='Trebuchet MS', style='italic', variant='normal', weight=400, stretch='normal', size='scalable')) = 11.05
2025-10-30 20:09:02,538 [DEBUG] findfont: score(FontEntry(fname='C:\\Windows\\Fonts\\mvboli.ttf', name='MV Boli', style='normal', variant='normal', weight=400, stretch='normal', size='scalable')) = 10.05
2025-10-30 20:09:02,539 [DEBUG] findfont: score(FontEntry(fname='C:\\Windows\\Fonts\\ntailu.ttf', name='Microsoft New Tai Lue', style='normal', variant='normal', weight=400, stretch='normal', size='scalable')) = 10.05
2025-10-30 20:09:02,539 [DEBUG] findfont: score(FontEntry(fname='C:\\Windows\\Fonts\\gadugib.ttf', name='Gadugi', style='normal', variant='normal', weight=700, stretch='normal', size='scalable')) = 10.335
2025-10-30 20:09:02,540 [DEBUG] findfont: score(FontEntry(fname='C:\\Windows\\Fonts\\cour.ttf', name='Courier New', style='normal', variant='normal', weight=400, stretch='normal', size='scalable')) = 10.05
2025-10-30 20:09:02,540 [DEBUG] findfont: score(FontEntry(fname='C:\\Windows\\Fonts\\taile.ttf', name='Microsoft Tai Le', style='normal', variant='normal', weight=400, stretch='normal', size='scalable')) = 10.05
2025-10-30 20:09:02,541 [DEBUG] findfont: score(FontEntry(fname='C:\\Windows\\Fonts\\BRADHITC.TTF', name='Bradley Hand ITC', style='normal', variant='normal', weight=400, stretch='normal', size='scalable')) = 10.05
2025-10-30 20:09:02,541 [DEBUG] findfont: score(FontEntry(fname='C:\\Windows\\Fonts\\FRSCRIPT.TTF', name='French Script MT', style='normal', variant='normal', weight=400, stretch='normal', size='scalable')) = 10.05
2025-10-30 20:09:02,542 [DEBUG] findfont: score(FontEntry(fname='C:\\Windows\\Fonts\\HTOWERT.TTF', name='High Tower Text', style='normal', variant='normal', weight=400, stretch='normal', size='scalable')) = 10.05
2025-10-30 20:09:02,542 [DEBUG] findfont: score(FontEntry(fname='C:\\Windows\\Fonts\\GLECB.TTF', name='Gloucester MT Extra Condensed', style='normal', variant='normal', weight=400, stretch='condensed', size='scalable')) = 10.25
2025-10-30 20:09:02,542 [DEBUG] findfont: score(FontEntry(fname='C:\\Windows\\Fonts\\PLAYBILL.TTF', name='Playbill', style='normal', variant='normal', weight=400, stretch='normal', size='scalable')) = 10.05
2025-10-30 20:09:02,543 [DEBUG] findfont: score(FontEntry(fname='C:\\Windows\\Fonts\\LSANSI.TTF', name='Lucida Sans', style='italic', variant='normal', weight=400, stretch='normal', size='scalable')) = 11.05
2025-10-30 20:09:02,543 [DEBUG] findfont: score(FontEntry(fname='C:\\Windows\\Fonts\\GIGI.TTF', name='Gigi', style='normal', variant='normal', weight=400, stretch='normal', size='scalable')) = 10.05
2025-10-30 20:09:02,544 [DEBUG] findfont: score(FontEntry(fname='C:\\Windows\\Fonts\\phagspa.ttf', name='Microsoft PhagsPa', style='normal', variant='normal', weight=400, stretch='normal', size='scalable')) = 10.05
2025-10-30 20:09:02,546 [DEBUG] findfont: score(FontEntry(fname='C:\\Windows\\Fonts\\comic.ttf', name='Comic Sans MS', style='normal', variant='normal', weight=400, stretch='normal', size='scalable')) = 10.05
2025-10-30 20:09:02,547 [DEBUG] findfont: score(FontEntry(fname='C:\\Windows\\Fonts\\mingliub.ttc', name='MingLiU-ExtB', style='normal', variant='normal', weight=400, stretch='normal', size='scalable')) = 10.05
2025-10-30 20:09:02,548 [DEBUG] findfont: score(FontEntry(fname='C:\\Windows\\Fonts\\constan.ttf', name='Constantia', style='normal', variant='normal', weight=400, stretch='normal', size='scalable')) = 10.05
2025-10-30 20:09:02,549 [DEBUG] findfont: score(FontEntry(fname='C:\\Windows\\Fonts\\seguisym.ttf', name='Segoe UI Symbol', style='normal', variant='normal', weight=400, stretch='normal', size='scalable')) = 10.05
2025-10-30 20:09:02,549 [DEBUG] findfont: score(FontEntry(fname='C:\\Windows\\Fonts\\DUBAI-BOLD.TTF', name='Dubai', style='normal', variant='normal', weight=700, stretch='normal', size='scalable')) = 10.335
2025-10-30 20:09:02,550 [DEBUG] findfont: score(FontEntry(fname='C:\\Windows\\Fonts\\verdana.ttf', name='Verdana', style='normal', variant='normal', weight=400, stretch='normal', size='scalable')) = 3.6863636363636365
2025-10-30 20:09:02,550 [DEBUG] findfont: score(FontEntry(fname='C:\\Windows\\Fonts\\malgunsl.ttf', name='Malgun Gothic', style='normal', variant='normal', weight=300, stretch='normal', size='scalable')) = 10.145
2025-10-30 20:09:02,550 [DEBUG] findfont: score(FontEntry(fname='C:\\Windows\\Fonts\\seguibl.ttf', name='Segoe UI', style='normal', variant='normal', weight=900, stretch='normal', size='scalable')) = 10.525
2025-10-30 20:09:02,551 [DEBUG] findfont: score(FontEntry(fname='C:\\Windows\\Fonts\\PERTIBD.TTF', name='Perpetua Titling MT', style='normal', variant='normal', weight=700, stretch='normal', size='scalable')) = 10.335
2025-10-30 20:09:02,551 [DEBUG] findfont: score(FontEntry(fname='C:\\Windows\\Fonts\\segoeuiz.ttf', name='Segoe UI', style='italic', variant='normal', weight=700, stretch='normal', size='scalable')) = 11.335
2025-10-30 20:09:02,552 [DEBUG] findfont: score(FontEntry(fname='C:\\Windows\\Fonts\\YuGothL.ttc', name='Yu Gothic', style='normal', variant='normal', weight=300, stretch='normal', size='scalable')) = 10.145
2025-10-30 20:09:02,552 [DEBUG] findfont: score(FontEntry(fname='C:\\Windows\\Fonts\\GILLUBCD.TTF', name='Gill Sans Ultra Bold Condensed', style='normal', variant='normal', weight=400, stretch='condensed', size='scalable')) = 10.25
2025-10-30 20:09:02,553 [DEBUG] findfont: score(FontEntry(fname='C:\\Windows\\Fonts\\micross.ttf', name='Microsoft Sans Serif', style='normal', variant='normal', weight=400, stretch='normal', size='scalable')) = 10.05
2025-10-30 20:09:02,553 [DEBUG] findfont: score(FontEntry(fname='C:\\Windows\\Fonts\\CALIFR.TTF', name='Californian FB', style='normal', variant='normal', weight=400, stretch='normal', size='scalable')) = 10.05
2025-10-30 20:09:02,553 [DEBUG] findfont: score(FontEntry(fname='C:\\Windows\\Fonts\\ROCKI.TTF', name='Rockwell', style='italic', variant='normal', weight=400, stretch='normal', size='scalable')) = 11.05
2025-10-30 20:09:02,554 [DEBUG] findfont: score(FontEntry(fname='C:\\Windows\\Fonts\\BOD_CR.TTF', name='Bodoni MT', style='normal', variant='normal', weight=400, stretch='condensed', size='scalable')) = 10.25
2025-10-30 20:09:02,554 [DEBUG] findfont: score(FontEntry(fname='C:\\Windows\\Fonts\\BOD_CB.TTF', name='Bodoni MT', style='normal', variant='normal', weight=700, stretch='condensed', size='scalable')) = 10.535
2025-10-30 20:09:02,555 [DEBUG] findfont: score(FontEntry(fname='C:\\Windows\\Fonts\\YuGothM.ttc', name='Yu Gothic', style='normal', variant='normal', weight=500, stretch='normal', size='scalable')) = 10.145
2025-10-30 20:09:02,555 [DEBUG] findfont: score(FontEntry(fname='C:\\Windows\\Fonts\\SegUIVar.ttf', name='Segoe UI Variable', style='normal', variant='normal', weight=400, stretch='normal', size='scalable')) = 10.05
2025-10-30 20:09:02,556 [DEBUG] findfont: score(FontEntry(fname='C:\\Windows\\Fonts\\trebucbd.ttf', name='Trebuchet MS', style='normal', variant='normal', weight=700, stretch='normal', size='scalable')) = 10.335
2025-10-30 20:09:02,556 [DEBUG] findfont: score(FontEntry(fname='C:\\Windows\\Fonts\\timesi.ttf', name='Times New Roman', style='italic', variant='normal', weight=400, stretch='normal', size='scalable')) = 11.05
2025-10-30 20:09:02,557 [DEBUG] findfont: score(FontEntry(fname='C:\\Windows\\Fonts\\MAIAN.TTF', name='Maiandra GD', style='normal', variant='normal', weight=400, stretch='normal', size='scalable')) = 10.05
2025-10-30 20:09:02,557 [DEBUG] findfont: score(FontEntry(fname='C:\\Windows\\Fonts\\BOOKOSB.TTF', name='Bookman Old Style', style='normal', variant='normal', weight=600, stretch='normal', size='scalable')) = 10.24
2025-10-30 20:09:02,558 [DEBUG] findfont: score(FontEntry(fname='C:\\Windows\\Fonts\\BOD_R.TTF', name='Bodoni MT', style='normal', variant='normal', weight=400, stretch='normal', size='scalable')) = 10.05
2025-10-30 20:09:02,558 [DEBUG] findfont: score(FontEntry(fname='C:\\Windows\\Fonts\\HTOWERTI.TTF', name='High Tower Text', style='italic', variant='normal', weight=400, stretch='normal', size='scalable')) = 11.05
2025-10-30 20:09:02,559 [DEBUG] findfont: score(FontEntry(fname='C:\\Windows\\Fonts\\msyi.ttf', name='Microsoft Yi Baiti', style='normal', variant='normal', weight=400, stretch='normal', size='scalable')) = 10.05
2025-10-30 20:09:02,559 [DEBUG] findfont: score(FontEntry(fname='C:\\Windows\\Fonts\\HPSimplified_Lt.ttf', name='HP Simplified', style='normal', variant='normal', weight=300, stretch='normal', size='scalable')) = 10.145
2025-10-30 20:09:02,559 [DEBUG] findfont: score(FontEntry(fname='C:\\Windows\\Fonts\\MATURASC.TTF', name='Matura MT Script Capitals', style='normal', variant='normal', weight=400, stretch='normal', size='scalable')) = 10.05
2025-10-30 20:09:02,560 [DEBUG] findfont: score(FontEntry(fname='C:\\Windows\\Fonts\\FRADMCN.TTF', name='Franklin Gothic Demi Cond', style='normal', variant='normal', weight=400, stretch='condensed', size='scalable')) = 10.25
2025-10-30 20:09:02,564 [DEBUG] findfont: score(FontEntry(fname='C:\\Windows\\Fonts\\GOUDOSB.TTF', name='Goudy Old Style', style='normal', variant='normal', weight=700, stretch='normal', size='scalable')) = 10.335
2025-10-30 20:09:02,565 [DEBUG] findfont: score(FontEntry(fname='C:\\Windows\\Fonts\\BKANT.TTF', name='Book Antiqua', style='normal', variant='normal', weight=400, stretch='normal', size='scalable')) = 10.05
2025-10-30 20:09:02,565 [DEBUG] findfont: score(FontEntry(fname='C:\\Windows\\Fonts\\OCRAEXT.TTF', name='OCR A Extended', style='normal', variant='normal', weight=400, stretch='expanded', size='scalable')) = 10.25
2025-10-30 20:09:02,566 [DEBUG] findfont: score(FontEntry(fname='C:\\Windows\\Fonts\\phagspab.ttf', name='Microsoft PhagsPa', style='normal', variant='normal', weight=700, stretch='normal', size='scalable')) = 10.335
2025-10-30 20:09:02,566 [DEBUG] findfont: score(FontEntry(fname='C:\\Windows\\Fonts\\BOD_CI.TTF', name='Bodoni MT', style='italic', variant='normal', weight=400, stretch='condensed', size='scalable')) = 11.25
2025-10-30 20:09:02,567 [DEBUG] findfont: score(FontEntry(fname='C:\\Windows\\Fonts\\trebucbi.ttf', name='Trebuchet MS', style='italic', variant='normal', weight=700, stretch='normal', size='scalable')) = 11.335
2025-10-30 20:09:02,567 [DEBUG] findfont: score(FontEntry(fname='C:\\Windows\\Fonts\\msyhbd.ttc', name='Microsoft YaHei', style='normal', variant='normal', weight=700, stretch='normal', size='scalable')) = 10.335
2025-10-30 20:09:02,568 [DEBUG] findfont: score(FontEntry(fname='C:\\Windows\\Fonts\\corbelb.ttf', name='Corbel', style='normal', variant='normal', weight=700, stretch='normal', size='scalable')) = 10.335
2025-10-30 20:09:02,568 [DEBUG] findfont: score(FontEntry(fname='C:\\Windows\\Fonts\\LFAXDI.TTF', name='Lucida Fax', style='italic', variant='normal', weight=600, stretch='normal', size='scalable')) = 11.24
2025-10-30 20:09:02,569 [DEBUG] findfont: score(FontEntry(fname='C:\\Windows\\Fonts\\cambria.ttc', name='Cambria', style='normal', variant='normal', weight=400, stretch='normal', size='scalable')) = 10.05
2025-10-30 20:09:02,570 [DEBUG] findfont: score(FontEntry(fname='C:\\Windows\\Fonts\\segoeuil.ttf', name='Segoe UI', style='normal', variant='normal', weight=300, stretch='normal', size='scalable')) = 10.145
2025-10-30 20:09:02,570 [DEBUG] findfont: score(FontEntry(fname='C:\\Windows\\Fonts\\GOUDOS.TTF', name='Goudy Old Style', style='normal', variant='normal', weight=400, stretch='normal', size='scalable')) = 10.05
2025-10-30 20:09:02,571 [DEBUG] findfont: score(FontEntry(fname='C:\\Windows\\Fonts\\BOOKOSI.TTF', name='Bookman Old Style', style='italic', variant='normal', weight=300, stretch='normal', size='scalable')) = 11.145
2025-10-30 20:09:02,571 [DEBUG] findfont: score(FontEntry(fname='C:\\Windows\\Fonts\\BRUSHSCI.TTF', name='Brush Script MT', style='italic', variant='normal', weight=400, stretch='normal', size='scalable')) = 11.05
2025-10-30 20:09:02,572 [DEBUG] findfont: score(FontEntry(fname='C:\\Windows\\Fonts\\TCBI____.TTF', name='Tw Cen MT', style='italic', variant='normal', weight=700, stretch='normal', size='scalable')) = 11.335
2025-10-30 20:09:02,572 [DEBUG] findfont: score(FontEntry(fname='C:\\Windows\\Fonts\\HATTEN.TTF', name='Haettenschweiler', style='normal', variant='normal', weight=400, stretch='normal', size='scalable')) = 10.05
2025-10-30 20:09:02,573 [DEBUG] findfont: score(FontEntry(fname='C:\\Windows\\Fonts\\ANTQUAB.TTF', name='Book Antiqua', style='normal', variant='normal', weight=700, stretch='normal', size='scalable')) = 10.335
2025-10-30 20:09:02,573 [DEBUG] findfont: score(FontEntry(fname='C:\\Windows\\Fonts\\palai.ttf', name='Palatino Linotype', style='italic', variant='normal', weight=400, stretch='normal', size='scalable')) = 11.05
2025-10-30 20:09:02,574 [DEBUG] findfont: score(FontEntry(fname='C:\\Windows\\Fonts\\PERI____.TTF', name='Perpetua', style='italic', variant='normal', weight=400, stretch='normal', size='scalable')) = 11.05
2025-10-30 20:09:02,574 [DEBUG] findfont: score(FontEntry(fname='C:\\Windows\\Fonts\\corbeli.ttf', name='Corbel', style='italic', variant='normal', weight=400, stretch='normal', size='scalable')) = 11.05
2025-10-30 20:09:02,575 [DEBUG] findfont: score(FontEntry(fname='C:\\Windows\\Fonts\\SegoeIcons.ttf', name='Segoe Fluent Icons', style='normal', variant='normal', weight=400, stretch='normal', size='scalable')) = 10.05
2025-10-30 20:09:02,575 [DEBUG] findfont: score(FontEntry(fname='C:\\Windows\\Fonts\\PAPYRUS.TTF', name='Papyrus', style='normal', variant='normal', weight=400, stretch='normal', size='scalable')) = 10.05
2025-10-30 20:09:02,576 [DEBUG] findfont: score(FontEntry(fname='C:\\Windows\\Fonts\\comici.ttf', name='Comic Sans MS', style='italic', variant='normal', weight=400, stretch='normal', size='scalable')) = 11.05
2025-10-30 20:09:02,576 [DEBUG] findfont: score(FontEntry(fname='C:\\Windows\\Fonts\\GILI____.TTF', name='Gill Sans MT', style='italic', variant='normal', weight=400, stretch='normal', size='scalable')) = 11.05
2025-10-30 20:09:02,577 [DEBUG] findfont: score(FontEntry(fname='C:\\Windows\\Fonts\\arialbi.ttf', name='Arial', style='italic', variant='normal', weight=700, stretch='normal', size='scalable')) = 7.698636363636363
2025-10-30 20:09:02,578 [DEBUG] findfont: score(FontEntry(fname='C:\\Windows\\Fonts\\l_10646.ttf', name='Lucida Sans Unicode', style='normal', variant='normal', weight=400, stretch='normal', size='scalable')) = 10.05
2025-10-30 20:09:02,579 [DEBUG] findfont: score(FontEntry(fname='C:\\Windows\\Fonts\\impact.ttf', name='Impact', style='normal', variant='normal', weight=400, stretch='normal', size='scalable')) = 10.05
2025-10-30 20:09:02,580 [DEBUG] findfont: score(FontEntry(fname='C:\\Windows\\Fonts\\CALISTI.TTF', name='Calisto MT', style='italic', variant='normal', weight=400, stretch='normal', size='scalable')) = 11.05
2025-10-30 20:09:02,580 [DEBUG] findfont: score(FontEntry(fname='C:\\Windows\\Fonts\\segoescb.ttf', name='Segoe Script', style='normal', variant='normal', weight=700, stretch='normal', size='scalable')) = 10.335
2025-10-30 20:09:02,581 [DEBUG] findfont: score(FontEntry(fname='C:\\Windows\\Fonts\\verdanaz.ttf', name='Verdana', style='italic', variant='normal', weight=700, stretch='normal', size='scalable')) = 4.971363636363637
2025-10-30 20:09:02,582 [DEBUG] findfont: score(FontEntry(fname='C:\\Windows\\Fonts\\ARIALNBI.TTF', name='Arial', style='italic', variant='normal', weight=700, stretch='condensed', size='scalable')) = 7.8986363636363635
2025-10-30 20:09:02,582 [DEBUG] findfont: score(FontEntry(fname='C:\\Windows\\Fonts\\OLDENGL.TTF', name='Old English Text MT', style='normal', variant='normal', weight=400, stretch='normal', size='scalable')) = 10.05
2025-10-30 20:09:02,583 [DEBUG] findfont: score(FontEntry(fname='C:\\Windows\\Fonts\\simsun.ttc', name='SimSun', style='normal', variant='normal', weight=400, stretch='normal', size='scalable')) = 10.05
2025-10-30 20:09:02,583 [DEBUG] findfont: score(FontEntry(fname='C:\\Windows\\Fonts\\comicz.ttf', name='Comic Sans MS', style='italic', variant='normal', weight=700, stretch='normal', size='scalable')) = 11.335
2025-10-30 20:09:02,584 [DEBUG] findfont: score(FontEntry(fname='C:\\Windows\\Fonts\\msgothic.ttc', name='MS Gothic', style='normal', variant='normal', weight=400, stretch='normal', size='scalable')) = 10.05
2025-10-30 20:09:02,584 [DEBUG] findfont: score(FontEntry(fname='C:\\Windows\\Fonts\\GARABD.TTF', name='Garamond', style='normal', variant='normal', weight=700, stretch='normal', size='scalable')) = 10.335
2025-10-30 20:09:02,585 [DEBUG] findfont: score(FontEntry(fname='C:\\Windows\\Fonts\\PERBI___.TTF', name='Perpetua', style='italic', variant='normal', weight=700, stretch='normal', size='scalable')) = 11.335
2025-10-30 20:09:02,586 [DEBUG] findfont: score(FontEntry(fname='C:\\Windows\\Fonts\\TCMI____.TTF', name='Tw Cen MT', style='italic', variant='normal', weight=400, stretch='normal', size='scalable')) = 11.05
2025-10-30 20:09:02,586 [DEBUG] findfont: score(FontEntry(fname='C:\\Windows\\Fonts\\VIVALDII.TTF', name='Vivaldi', style='italic', variant='normal', weight=400, stretch='normal', size='scalable')) = 11.05
2025-10-30 20:09:02,587 [DEBUG] findfont: score(FontEntry(fname='C:\\Windows\\Fonts\\ROCKBI.TTF', name='Rockwell', style='italic', variant='normal', weight=700, stretch='normal', size='scalable')) = 11.335
2025-10-30 20:09:02,587 [DEBUG] findfont: score(FontEntry(fname='C:\\Windows\\Fonts\\javatext.ttf', name='Javanese Text', style='normal', variant='normal', weight=400, stretch='normal', size='scalable')) = 10.05
2025-10-30 20:09:02,588 [DEBUG] findfont: score(FontEntry(fname='C:\\Windows\\Fonts\\BROADW.TTF', name='Broadway', style='normal', variant='normal', weight=400, stretch='normal', size='scalable')) = 10.05
2025-10-30 20:09:02,588 [DEBUG] findfont: score(FontEntry(fname='C:\\Windows\\Fonts\\OUTLOOK.TTF', name='MS Outlook', style='normal', variant='normal', weight=400, stretch='normal', size='scalable')) = 10.05
2025-10-30 20:09:02,589 [DEBUG] findfont: score(FontEntry(fname='C:\\Windows\\Fonts\\Inkfree.ttf', name='Ink Free', style='normal', variant='normal', weight=400, stretch='normal', size='scalable')) = 10.05
2025-10-30 20:09:02,589 [DEBUG] findfont: score(FontEntry(fname='C:\\Windows\\Fonts\\CALIFB.TTF', name='Californian FB', style='normal', variant='normal', weight=700, stretch='normal', size='scalable')) = 10.335
2025-10-30 20:09:02,589 [DEBUG] findfont: score(FontEntry(fname='C:\\Windows\\Fonts\\LCALLIG.TTF', name='Lucida Calligraphy', style='italic', variant='normal', weight=400, stretch='normal', size='scalable')) = 11.05
2025-10-30 20:09:02,590 [DEBUG] findfont: score(FontEntry(fname='C:\\Windows\\Fonts\\NIAGSOL.TTF', name='Niagara Solid', style='normal', variant='normal', weight=400, stretch='normal', size='scalable')) = 10.05
2025-10-30 20:09:02,590 [DEBUG] findfont: score(FontEntry(fname='C:\\Windows\\Fonts\\segmdl2.ttf', name='Segoe MDL2 Assets', style='normal', variant='normal', weight=400, stretch='normal', size='scalable')) = 10.05
2025-10-30 20:09:02,591 [DEBUG] findfont: score(FontEntry(fname='C:\\Windows\\Fonts\\cambriaz.ttf', name='Cambria', style='italic', variant='normal', weight=700, stretch='normal', size='scalable')) = 11.335
2025-10-30 20:09:02,591 [DEBUG] findfont: score(FontEntry(fname='C:\\Windows\\Fonts\\GILBI___.TTF', name='Gill Sans MT', style='italic', variant='normal', weight=700, stretch='normal', size='scalable')) = 11.335
2025-10-30 20:09:02,592 [DEBUG] findfont: score(FontEntry(fname='C:\\Windows\\Fonts\\MAGNETOB.TTF', name='Magneto', style='normal', variant='normal', weight=700, stretch='normal', size='scalable')) = 10.335
2025-10-30 20:09:02,593 [DEBUG] findfont: score(FontEntry(fname='C:\\Windows\\Fonts\\FRABKIT.TTF', name='Franklin Gothic Book', style='italic', variant='normal', weight=400, stretch='normal', size='scalable')) = 11.05
2025-10-30 20:09:02,593 [DEBUG] findfont: score(FontEntry(fname='C:\\Windows\\Fonts\\REFSAN.TTF', name='MS Reference Sans Serif', style='normal', variant='normal', weight=400, stretch='normal', size='scalable')) = 10.05
2025-10-30 20:09:02,595 [DEBUG] findfont: score(FontEntry(fname='C:\\Windows\\Fonts\\tahoma.ttf', name='Tahoma', style='normal', variant='normal', weight=400, stretch='normal', size='scalable')) = 10.05
2025-10-30 20:09:02,595 [DEBUG] findfont: score(FontEntry(fname='C:\\Windows\\Fonts\\cambriab.ttf', name='Cambria', style='normal', variant='normal', weight=700, stretch='normal', size='scalable')) = 10.335
2025-10-30 20:09:02,597 [DEBUG] findfont: score(FontEntry(fname='C:\\Windows\\Fonts\\JUICE___.TTF', name='Juice ITC', style='normal', variant='normal', weight=400, stretch='normal', size='scalable')) = 10.05
2025-10-30 20:09:02,597 [DEBUG] findfont: score(FontEntry(fname='C:\\Windows\\Fonts\\BOD_CBI.TTF', name='Bodoni MT', style='italic', variant='normal', weight=700, stretch='condensed', size='scalable')) = 11.535
2025-10-30 20:09:02,598 [DEBUG] findfont: score(FontEntry(fname='C:\\Windows\\Fonts\\HARLOWSI.TTF', name='Harlow Solid Italic', style='italic', variant='normal', weight=400, stretch='normal', size='scalable')) = 11.05
2025-10-30 20:09:02,599 [DEBUG] findfont: score(FontEntry(fname='C:\\Windows\\Fonts\\msyhl.ttc', name='Microsoft YaHei', style='normal', variant='normal', weight=290, stretch='normal', size='scalable')) = 10.1545
2025-10-30 20:09:02,600 [DEBUG] findfont: score(FontEntry(fname='C:\\Windows\\Fonts\\BOOKOS.TTF', name='Bookman Old Style', style='normal', variant='normal', weight=300, stretch='normal', size='scalable')) = 10.145
2025-10-30 20:09:02,602 [DEBUG] findfont: score(FontEntry(fname='C:\\Windows\\Fonts\\FRADMIT.TTF', name='Franklin Gothic Demi', style='italic', variant='normal', weight=400, stretch='normal', size='scalable')) = 11.05
2025-10-30 20:09:02,604 [DEBUG] findfont: score(FontEntry(fname='C:\\Windows\\Fonts\\SCHLBKI.TTF', name='Century Schoolbook', style='italic', variant='normal', weight=400, stretch='normal', size='scalable')) = 11.05
2025-10-30 20:09:02,608 [DEBUG] findfont: score(FontEntry(fname='C:\\Windows\\Fonts\\GILB____.TTF', name='Gill Sans MT', style='normal', variant='normal', weight=700, stretch='normal', size='scalable')) = 10.335
2025-10-30 20:09:02,615 [DEBUG] findfont: score(FontEntry(fname='C:\\Windows\\Fonts\\GOTHICB.TTF', name='Century Gothic', style='normal', variant='normal', weight=700, stretch='normal', size='scalable')) = 10.335
2025-10-30 20:09:02,623 [DEBUG] findfont: score(FontEntry(fname='C:\\Windows\\Fonts\\segoeuib.ttf', name='Segoe UI', style='normal', variant='normal', weight=700, stretch='normal', size='scalable')) = 10.335
2025-10-30 20:09:02,631 [DEBUG] findfont: score(FontEntry(fname='C:\\Windows\\Fonts\\Candarai.ttf', name='Candara', style='italic', variant='normal', weight=400, stretch='normal', size='scalable')) = 11.05
2025-10-30 20:09:02,636 [DEBUG] findfont: score(FontEntry(fname='C:\\Windows\\Fonts\\seguili.ttf', name='Segoe UI', style='italic', variant='normal', weight=300, stretch='normal', size='scalable')) = 11.145
2025-10-30 20:09:02,641 [DEBUG] findfont: score(FontEntry(fname='C:\\Windows\\Fonts\\arial.ttf', name='Arial', style='normal', variant='normal', weight=400, stretch='normal', size='scalable')) = 6.413636363636363
2025-10-30 20:09:02,653 [DEBUG] findfont: score(FontEntry(fname='C:\\Windows\\Fonts\\hpsimplifiedhans-light.ttf', name='HP Simplified Hans', style='normal', variant='normal', weight=300, stretch='normal', size='scalable')) = 10.145
2025-10-30 20:09:02,663 [DEBUG] findfont: score(FontEntry(fname='C:\\Windows\\Fonts\\ntailub.ttf', name='Microsoft New Tai Lue', style='normal', variant='normal', weight=700, stretch='normal', size='scalable')) = 10.335
2025-10-30 20:09:02,670 [DEBUG] findfont: score(FontEntry(fname='C:\\Windows\\Fonts\\seguisbi.ttf', name='Segoe UI', style='italic', variant='normal', weight=600, stretch='normal', size='scalable')) = 11.24
2025-10-30 20:09:02,673 [DEBUG] findfont: score(FontEntry(fname='C:\\Windows\\Fonts\\ANTQUAI.TTF', name='Book Antiqua', style='italic', variant='normal', weight=400, stretch='normal', size='scalable')) = 11.05
2025-10-30 20:09:02,674 [DEBUG] findfont: score(FontEntry(fname='C:\\Windows\\Fonts\\msjhl.ttc', name='Microsoft JhengHei', style='normal', variant='normal', weight=290, stretch='normal', size='scalable')) = 10.1545
2025-10-30 20:09:02,674 [DEBUG] findfont: score(FontEntry(fname='C:\\Windows\\Fonts\\calibrili.ttf', name='Calibri', style='italic', variant='normal', weight=300, stretch='normal', size='scalable')) = 11.145
2025-10-30 20:09:02,675 [DEBUG] findfont: score(FontEntry(fname='C:\\Windows\\Fonts\\TCCEB.TTF', name='Tw Cen MT Condensed Extra Bold', style='normal', variant='normal', weight=400, stretch='condensed', size='scalable')) = 10.25
2025-10-30 20:09:02,676 [DEBUG] findfont: score(FontEntry(fname='C:\\Windows\\Fonts\\georgiaz.ttf', name='Georgia', style='italic', variant='normal', weight=700, stretch='normal', size='scalable')) = 11.335
2025-10-30 20:09:02,678 [DEBUG] findfont: score(FontEntry(fname='C:\\Windows\\Fonts\\BASKVILL.TTF', name='Baskerville Old Face', style='normal', variant='normal', weight=400, stretch='normal', size='scalable')) = 10.05
2025-10-30 20:09:02,679 [DEBUG] findfont: score(FontEntry(fname='C:\\Windows\\Fonts\\CASTELAR.TTF', name='Castellar', style='normal', variant='normal', weight=400, stretch='normal', size='scalable')) = 10.05
2025-10-30 20:09:02,680 [DEBUG] findfont: score(FontEntry(fname='C:\\Windows\\Fonts\\DUBAI-REGULAR.TTF', name='Dubai', style='normal', variant='normal', weight=400, stretch='normal', size='scalable')) = 10.05
2025-10-30 20:09:02,681 [DEBUG] findfont: score(FontEntry(fname='C:\\Windows\\Fonts\\ONYX.TTF', name='Onyx', style='normal', variant='normal', weight=400, stretch='normal', size='scalable')) = 10.05
2025-10-30 20:09:02,682 [DEBUG] findfont: score(FontEntry(fname='C:\\Windows\\Fonts\\georgiab.ttf', name='Georgia', style='normal', variant='normal', weight=700, stretch='normal', size='scalable')) = 10.335
2025-10-30 20:09:02,682 [DEBUG] findfont: score(FontEntry(fname='C:\\Windows\\Fonts\\CENSCBK.TTF', name='Century Schoolbook', style='normal', variant='normal', weight=400, stretch='normal', size='scalable')) = 10.05
2025-10-30 20:09:02,683 [DEBUG] findfont: score(FontEntry(fname='C:\\Windows\\Fonts\\times.ttf', name='Times New Roman', style='normal', variant='normal', weight=400, stretch='normal', size='scalable')) = 10.05
2025-10-30 20:09:02,683 [DEBUG] findfont: score(FontEntry(fname='C:\\Windows\\Fonts\\DUBAI-MEDIUM.TTF', name='Dubai', style='normal', variant='normal', weight=500, stretch='normal', size='scalable')) = 10.145
2025-10-30 20:09:02,684 [DEBUG] findfont: score(FontEntry(fname='C:\\Windows\\Fonts\\ebrimabd.ttf', name='Ebrima', style='normal', variant='normal', weight=700, stretch='normal', size='scalable')) = 10.335
2025-10-30 20:09:02,685 [DEBUG] findfont: score(FontEntry(fname='C:\\Windows\\Fonts\\Candarab.ttf', name='Candara', style='normal', variant='normal', weight=700, stretch='normal', size='scalable')) = 10.335
2025-10-30 20:09:02,685 [DEBUG] findfont: score(FontEntry(fname='C:\\Windows\\Fonts\\BRLNSR.TTF', name='Berlin Sans FB', style='normal', variant='normal', weight=400, stretch='normal', size='scalable')) = 10.05
2025-10-30 20:09:02,686 [DEBUG] findfont: score(FontEntry(fname='C:\\Windows\\Fonts\\GLSNECB.TTF', name='Gill Sans MT Ext Condensed Bold', style='normal', variant='normal', weight=400, stretch='condensed', size='scalable')) = 10.25
2025-10-30 20:09:02,686 [DEBUG] findfont: score(FontEntry(fname='C:\\Windows\\Fonts\\KUNSTLER.TTF', name='Kunstler Script', style='normal', variant='normal', weight=400, stretch='normal', size='scalable')) = 10.05
2025-10-30 20:09:02,687 [DEBUG] findfont: score(FontEntry(fname='C:\\Windows\\Fonts\\ELEPHNT.TTF', name='Elephant', style='normal', variant='normal', weight=400, stretch='normal', size='scalable')) = 10.05
2025-10-30 20:09:02,691 [DEBUG] findfont: score(FontEntry(fname='C:\\Windows\\Fonts\\PERB____.TTF', name='Perpetua', style='normal', variant='normal', weight=700, stretch='normal', size='scalable')) = 10.335
2025-10-30 20:09:02,699 [DEBUG] findfont: score(FontEntry(fname='C:\\Windows\\Fonts\\BELL.TTF', name='Bell MT', style='normal', variant='normal', weight=400, stretch='normal', size='scalable')) = 10.05
2025-10-30 20:09:02,701 [DEBUG] findfont: score(FontEntry(fname='C:\\Windows\\Fonts\\verdanab.ttf', name='Verdana', style='normal', variant='normal', weight=700, stretch='normal', size='scalable')) = 3.9713636363636367
2025-10-30 20:09:02,702 [DEBUG] findfont: score(FontEntry(fname='C:\\Windows\\Fonts\\gadugi.ttf', name='Gadugi', style='normal', variant='normal', weight=400, stretch='normal', size='scalable')) = 10.05
2025-10-30 20:09:02,704 [DEBUG] findfont: score(FontEntry(fname='C:\\Windows\\Fonts\\calibrib.ttf', name='Calibri', style='normal', variant='normal', weight=700, stretch='normal', size='scalable')) = 10.335
2025-10-30 20:09:02,705 [DEBUG] findfont: score(FontEntry(fname='C:\\Windows\\Fonts\\BRLNSDB.TTF', name='Berlin Sans FB Demi', style='normal', variant='normal', weight=700, stretch='normal', size='scalable')) = 10.335
2025-10-30 20:09:02,705 [DEBUG] findfont: score(FontEntry(fname='C:\\Windows\\Fonts\\GILC____.TTF', name='Gill Sans MT Condensed', style='normal', variant='normal', weight=400, stretch='condensed', size='scalable')) = 10.25
2025-10-30 20:09:02,706 [DEBUG] findfont: score(FontEntry(fname='C:\\Windows\\Fonts\\CENTURY.TTF', name='Century', style='normal', variant='normal', weight=400, stretch='normal', size='scalable')) = 10.05
2025-10-30 20:09:02,706 [DEBUG] findfont: score(FontEntry(fname='C:\\Windows\\Fonts\\PER_____.TTF', name='Perpetua', style='normal', variant='normal', weight=400, stretch='normal', size='scalable')) = 10.05
2025-10-30 20:09:02,707 [DEBUG] findfont: score(FontEntry(fname='C:\\Windows\\Fonts\\AGENCYB.TTF', name='Agency FB', style='normal', variant='normal', weight=700, stretch='normal', size='scalable')) = 10.335
2025-10-30 20:09:02,707 [DEBUG] findfont: score(FontEntry(fname='C:\\Windows\\Fonts\\GOUDOSI.TTF', name='Goudy Old Style', style='italic', variant='normal', weight=400, stretch='normal', size='scalable')) = 11.05
2025-10-30 20:09:02,709 [DEBUG] findfont: score(FontEntry(fname='C:\\Windows\\Fonts\\calibrii.ttf', name='Calibri', style='italic', variant='normal', weight=400, stretch='normal', size='scalable')) = 11.05
2025-10-30 20:09:02,709 [DEBUG] findfont: score(FontEntry(fname='C:\\Windows\\Fonts\\arialbd.ttf', name='Arial', style='normal', variant='normal', weight=700, stretch='normal', size='scalable')) = 6.698636363636363
2025-10-30 20:09:02,712 [DEBUG] findfont: score(FontEntry(fname='C:\\Windows\\Fonts\\FTLTLT.TTF', name='Footlight MT Light', style='normal', variant='normal', weight=300, stretch='normal', size='scalable')) = 10.145
2025-10-30 20:09:02,715 [DEBUG] findfont: score(FontEntry(fname='C:\\Windows\\Fonts\\LTYPEB.TTF', name='Lucida Sans Typewriter', style='normal', variant='normal', weight=600, stretch='normal', size='scalable')) = 10.24
2025-10-30 20:09:02,716 [DEBUG] findfont: score(FontEntry(fname='C:\\Windows\\Fonts\\HPSimplified_LtIt.ttf', name='HP Simplified', style='italic', variant='normal', weight=300, stretch='normal', size='scalable')) = 11.145
2025-10-30 20:09:02,716 [DEBUG] findfont: score(FontEntry(fname='C:\\Windows\\Fonts\\symbol.ttf', name='Symbol', style='normal', variant='normal', weight=400, stretch='normal', size='scalable')) = 10.05
2025-10-30 20:09:02,717 [DEBUG] findfont: score(FontEntry(fname='C:\\Windows\\Fonts\\seguisli.ttf', name='Segoe UI', style='italic', variant='normal', weight=350, stretch='normal', size='scalable')) = 11.0975
2025-10-30 20:09:02,718 [DEBUG] findfont: score(FontEntry(fname='C:\\Windows\\Fonts\\BOD_BLAI.TTF', name='Bodoni MT', style='italic', variant='normal', weight=900, stretch='normal', size='scalable')) = 11.525
2025-10-30 20:09:02,718 [DEBUG] findfont: score(FontEntry(fname='C:\\Windows\\Fonts\\BELLB.TTF', name='Bell MT', style='normal', variant='normal', weight=700, stretch='normal', size='scalable')) = 10.335
2025-10-30 20:09:02,719 [DEBUG] findfont: score(FontEntry(fname='C:\\Windows\\Fonts\\tahomabd.ttf', name='Tahoma', style='normal', variant='normal', weight=700, stretch='normal', size='scalable')) = 10.335
2025-10-30 20:09:02,719 [DEBUG] findfont: score(FontEntry(fname='C:\\Windows\\Fonts\\BOD_BI.TTF', name='Bodoni MT', style='italic', variant='normal', weight=700, stretch='normal', size='scalable')) = 11.335
2025-10-30 20:09:02,720 [DEBUG] findfont: score(FontEntry(fname='C:\\Windows\\Fonts\\CALISTB.TTF', name='Calisto MT', style='normal', variant='normal', weight=700, stretch='normal', size='scalable')) = 10.335
2025-10-30 20:09:02,721 [DEBUG] findfont: score(FontEntry(fname='C:\\Windows\\Fonts\\SitkaVF-Italic.ttf', name='Sitka', style='italic', variant='normal', weight=400, stretch='normal', size='scalable')) = 11.05
2025-10-30 20:09:02,721 [DEBUG] findfont: score(FontEntry(fname='C:\\Windows\\Fonts\\YuGothB.ttc', name='Yu Gothic', style='normal', variant='normal', weight=700, stretch='normal', size='scalable')) = 10.335
2025-10-30 20:09:02,722 [DEBUG] findfont: score(FontEntry(fname='C:\\Windows\\Fonts\\IMPRISHA.TTF', name='Imprint MT Shadow', style='normal', variant='normal', weight=400, stretch='normal', size='scalable')) = 10.05
2025-10-30 20:09:02,722 [DEBUG] findfont: score(FontEntry(fname='C:\\Windows\\Fonts\\Candaraz.ttf', name='Candara', style='italic', variant='normal', weight=700, stretch='normal', size='scalable')) = 11.335
2025-10-30 20:09:02,723 [DEBUG] findfont: score(FontEntry(fname='C:\\Windows\\Fonts\\corbelz.ttf', name='Corbel', style='italic', variant='normal', weight=700, stretch='normal', size='scalable')) = 11.335
2025-10-30 20:09:02,723 [DEBUG] findfont: score(FontEntry(fname='C:\\Windows\\Fonts\\corbell.ttf', name='Corbel', style='normal', variant='normal', weight=300, stretch='normal', size='scalable')) = 10.145
2025-10-30 20:09:02,724 [DEBUG] findfont: score(FontEntry(fname='C:\\Windows\\Fonts\\msjhbd.ttc', name='Microsoft JhengHei', style='normal', variant='normal', weight=700, stretch='normal', size='scalable')) = 10.335
2025-10-30 20:09:02,724 [DEBUG] findfont: score(FontEntry(fname='C:\\Windows\\Fonts\\ARIALNI.TTF', name='Arial', style='italic', variant='normal', weight=400, stretch='condensed', size='scalable')) = 7.613636363636363
2025-10-30 20:09:02,725 [DEBUG] findfont: score(FontEntry(fname='C:\\Windows\\Fonts\\consolai.ttf', name='Consolas', style='italic', variant='normal', weight=400, stretch='normal', size='scalable')) = 11.05
2025-10-30 20:09:02,726 [DEBUG] findfont: score(FontEntry(fname='C:\\Windows\\Fonts\\consolaz.ttf', name='Consolas', style='italic', variant='normal', weight=700, stretch='normal', size='scalable')) = 11.335
2025-10-30 20:09:02,726 [DEBUG] findfont: score(FontEntry(fname='C:\\Windows\\Fonts\\FORTE.TTF', name='Forte', style='normal', variant='normal', weight=400, stretch='normal', size='scalable')) = 10.05
2025-10-30 20:09:02,729 [DEBUG] findfont: Matching sans\-serif:style=normal:variant=normal:weight=normal:stretch=normal:size=12.0 to DejaVu Sans ('C:\\Users\\Abhishek\\AppData\\Roaming\\Python\\Python313\\site-packages\\matplotlib\\mpl-data\\fonts\\ttf\\DejaVuSans.ttf') with score of 0.050000.
2025-10-30 20:09:03,070 [INFO] 192.168.1.28 - - [30/Oct/2025 20:09:03] "GET / HTTP/1.1" 200 -
2025-10-30 20:09:03,107 [INFO] 192.168.1.28 - - [30/Oct/2025 20:09:03] "[36mGET /static/style.css HTTP/1.1[0m" 304 -
2025-10-30 20:09:19,641 [INFO] 192.168.1.28 - - [30/Oct/2025 20:09:19] "GET /predict HTTP/1.1" 200 -
2025-10-30 20:09:19,680 [INFO] 192.168.1.28 - - [30/Oct/2025 20:09:19] "[36mGET /static/style.css HTTP/1.1[0m" 304 -
2025-10-30 20:09:19,716 [INFO] 192.168.1.28 - - [30/Oct/2025 20:09:19] "GET /api/history HTTP/1.1" 200 -
2025-10-30 20:09:19,748 [INFO] 192.168.1.28 - - [30/Oct/2025 20:09:19] "GET /stream_alerts HTTP/1.1" 200 -
2025-10-30 20:09:23,386 [INFO] 192.168.1.28 - - [30/Oct/2025 20:09:23] "GET /blocked_ips HTTP/1.1" 200 -
2025-10-30 20:09:23,430 [INFO] 192.168.1.28 - - [30/Oct/2025 20:09:23] "[36mGET /static/style.css HTTP/1.1[0m" 304 -
2025-10-30 20:09:38,415 [INFO] 192.168.1.28 - - [30/Oct/2025 20:09:38] "GET /logs HTTP/1.1" 200 -
2025-10-30 20:09:38,462 [INFO] 192.168.1.28 - - [30/Oct/2025 20:09:38] "[36mGET /static/style.css HTTP/1.1[0m" 304 -
2025-10-30 20:10:01,752 [INFO] 192.168.1.28 - - [30/Oct/2025 20:10:01] "GET /blocked_ips HTTP/1.1" 200 -
2025-10-30 20:10:01,810 [INFO] 192.168.1.28 - - [30/Oct/2025 20:10:01] "[36mGET /static/style.css HTTP/1.1[0m" 304 -
2025-10-30 20:10:02,730 [INFO] 192.168.1.28 - - [30/Oct/2025 20:10:02] "GET /predict HTTP/1.1" 200 -
2025-10-30 20:10:02,765 [INFO] 192.168.1.28 - - [30/Oct/2025 20:10:02] "[36mGET /static/style.css HTTP/1.1[0m" 304 -
2025-10-30 20:10:02,781 [INFO] 192.168.1.28 - - [30/Oct/2025 20:10:02] "GET /api/history HTTP/1.1" 200 -
2025-10-30 20:10:02,793 [INFO] 192.168.1.28 - - [30/Oct/2025 20:10:02] "GET /stream_alerts HTTP/1.1" 200 -
2025-10-30 20:10:52,649 [INFO] 192.168.1.28 - - [30/Oct/2025 20:10:52] "GET / HTTP/1.1" 200 -
2025-10-30 20:10:52,685 [INFO] 192.168.1.28 - - [30/Oct/2025 20:10:52] "[36mGET /static/style.css HTTP/1.1[0m" 304 -
2025-10-30 20:11:04,117 [INFO] 192.168.1.28 - - [30/Oct/2025 20:11:04] "GET /blocked_ips HTTP/1.1" 200 -
2025-10-30 20:11:04,160 [INFO] 192.168.1.28 - - [30/Oct/2025 20:11:04] "[36mGET /static/style.css HTTP/1.1[0m" 304 -
2025-10-30 20:16:32,535 [INFO] 192.168.1.28 - - [30/Oct/2025 20:16:32] "GET / HTTP/1.1" 200 -
2025-10-30 20:16:32,576 [INFO] 192.168.1.28 - - [30/Oct/2025 20:16:32] "[36mGET /static/style.css HTTP/1.1[0m" 304 -
2025-10-30 20:16:36,471 [INFO] 192.168.1.28 - - [30/Oct/2025 20:16:36] "GET /predict HTTP/1.1" 200 -
2025-10-30 20:16:36,514 [INFO] 192.168.1.28 - - [30/Oct/2025 20:16:36] "[36mGET /static/style.css HTTP/1.1[0m" 304 -
2025-10-30 20:16:36,531 [INFO] 192.168.1.28 - - [30/Oct/2025 20:16:36] "GET /api/history HTTP/1.1" 200 -
2025-10-30 20:16:36,546 [INFO] 192.168.1.28 - - [30/Oct/2025 20:16:36] "GET /stream_alerts HTTP/1.1" 200 -
2025-10-30 20:16:41,798 [INFO] 192.168.1.28 - - [30/Oct/2025 20:16:41] "GET /blocked_ips HTTP/1.1" 200 -
2025-10-30 20:16:41,841 [INFO] 192.168.1.28 - - [30/Oct/2025 20:16:41] "[36mGET /static/style.css HTTP/1.1[0m" 304 -
2025-10-30 20:16:43,413 [INFO] 192.168.1.28 - - [30/Oct/2025 20:16:43] "GET /logs HTTP/1.1" 200 -
2025-10-30 20:16:43,448 [INFO] 192.168.1.28 - - [30/Oct/2025 20:16:43] "[36mGET /static/style.css HTTP/1.1[0m" 304 -
2025-10-30 20:16:45,526 [INFO] 192.168.1.28 - - [30/Oct/2025 20:16:45] "[32mGET /logout HTTP/1.1[0m" 302 -
2025-10-30 20:16:45,539 [INFO] 192.168.1.28 - - [30/Oct/2025 20:16:45] "GET / HTTP/1.1" 200 -
2025-10-30 20:16:45,576 [INFO] 192.168.1.28 - - [30/Oct/2025 20:16:45] "[36mGET /static/style.css HTTP/1.1[0m" 304 -
2025-10-30 20:23:12,633 [INFO] 192.168.1.28 - - [30/Oct/2025 20:23:12] "GET / HTTP/1.1" 200 -
2025-10-30 20:23:12,657 [INFO] 192.168.1.28 - - [30/Oct/2025 20:23:12] "[33mGET /static/dashboard.css HTTP/1.1[0m" 404 -
2025-10-30 20:23:12,674 [INFO] 192.168.1.28 - - [30/Oct/2025 20:23:12] "[33mGET /static/attack_trend.png HTTP/1.1[0m" 404 -
2025-10-30 20:23:12,675 [INFO] 192.168.1.28 - - [30/Oct/2025 20:23:12] "[33mGET /static/protocol_stats.png HTTP/1.1[0m" 404 -
2025-10-30 20:23:14,589 [INFO] 192.168.1.28 - - [30/Oct/2025 20:23:14] "GET / HTTP/1.1" 200 -
2025-10-30 20:23:14,620 [INFO] 192.168.1.28 - - [30/Oct/2025 20:23:14] "[33mGET /static/dashboard.css HTTP/1.1[0m" 404 -
2025-10-30 20:23:14,637 [INFO] 192.168.1.28 - - [30/Oct/2025 20:23:14] "[33mGET /static/attack_trend.png HTTP/1.1[0m" 404 -
2025-10-30 20:23:14,637 [INFO] 192.168.1.28 - - [30/Oct/2025 20:23:14] "[33mGET /static/protocol_stats.png HTTP/1.1[0m" 404 -
2025-10-30 20:23:15,681 [INFO] 192.168.1.28 - - [30/Oct/2025 20:23:15] "GET / HTTP/1.1" 200 -
2025-10-30 20:23:15,708 [INFO] 192.168.1.28 - - [30/Oct/2025 20:23:15] "[33mGET /static/dashboard.css HTTP/1.1[0m" 404 -
2025-10-30 20:23:15,711 [INFO] 192.168.1.28 - - [30/Oct/2025 20:23:15] "[33mGET /static/attack_trend.png HTTP/1.1[0m" 404 -
2025-10-30 20:23:15,713 [INFO] 192.168.1.28 - - [30/Oct/2025 20:23:15] "[33mGET /static/protocol_stats.png HTTP/1.1[0m" 404 -
2025-10-30 20:23:15,869 [INFO] 192.168.1.28 - - [30/Oct/2025 20:23:15] "GET / HTTP/1.1" 200 -
2025-10-30 20:23:15,895 [INFO] 192.168.1.28 - - [30/Oct/2025 20:23:15] "[33mGET /static/dashboard.css HTTP/1.1[0m" 404 -
2025-10-30 20:23:15,901 [INFO] 192.168.1.28 - - [30/Oct/2025 20:23:15] "[33mGET /static/attack_trend.png HTTP/1.1[0m" 404 -
2025-10-30 20:23:15,908 [INFO] 192.168.1.28 - - [30/Oct/2025 20:23:15] "[33mGET /static/protocol_stats.png HTTP/1.1[0m" 404 -
2025-10-30 20:23:16,079 [INFO] 192.168.1.28 - - [30/Oct/2025 20:23:16] "GET / HTTP/1.1" 200 -
2025-10-30 20:23:16,102 [INFO] 192.168.1.28 - - [30/Oct/2025 20:23:16] "[33mGET /static/dashboard.css HTTP/1.1[0m" 404 -
2025-10-30 20:23:16,105 [INFO] 192.168.1.28 - - [30/Oct/2025 20:23:16] "[33mGET /static/attack_trend.png HTTP/1.1[0m" 404 -
2025-10-30 20:23:16,111 [INFO] 192.168.1.28 - - [30/Oct/2025 20:23:16] "[33mGET /static/protocol_stats.png HTTP/1.1[0m" 404 -
2025-10-30 20:23:16,330 [INFO] 192.168.1.28 - - [30/Oct/2025 20:23:16] "GET / HTTP/1.1" 200 -
2025-10-30 20:23:16,365 [INFO] 192.168.1.28 - - [30/Oct/2025 20:23:16] "[33mGET /static/dashboard.css HTTP/1.1[0m" 404 -
2025-10-30 20:23:16,369 [INFO] 192.168.1.28 - - [30/Oct/2025 20:23:16] "[33mGET /static/attack_trend.png HTTP/1.1[0m" 404 -
2025-10-30 20:23:16,371 [INFO] 192.168.1.28 - - [30/Oct/2025 20:23:16] "[33mGET /static/protocol_stats.png HTTP/1.1[0m" 404 -
2025-10-30 20:23:16,546 [INFO] 192.168.1.28 - - [30/Oct/2025 20:23:16] "GET / HTTP/1.1" 200 -
2025-10-30 20:23:16,568 [INFO] 192.168.1.28 - - [30/Oct/2025 20:23:16] "[33mGET /static/dashboard.css HTTP/1.1[0m" 404 -
2025-10-30 20:23:16,580 [INFO] 192.168.1.28 - - [30/Oct/2025 20:23:16] "[33mGET /static/attack_trend.png HTTP/1.1[0m" 404 -
2025-10-30 20:23:16,584 [INFO] 192.168.1.28 - - [30/Oct/2025 20:23:16] "[33mGET /static/protocol_stats.png HTTP/1.1[0m" 404 -
2025-10-30 20:23:17,452 [INFO] 192.168.1.28 - - [30/Oct/2025 20:23:17] "GET / HTTP/1.1" 200 -
2025-10-30 20:23:17,477 [INFO] 192.168.1.28 - - [30/Oct/2025 20:23:17] "[33mGET /static/dashboard.css HTTP/1.1[0m" 404 -
2025-10-30 20:23:17,481 [INFO] 192.168.1.28 - - [30/Oct/2025 20:23:17] "[33mGET /static/attack_trend.png HTTP/1.1[0m" 404 -
2025-10-30 20:23:17,483 [INFO] 192.168.1.28 - - [30/Oct/2025 20:23:17] "[33mGET /static/protocol_stats.png HTTP/1.1[0m" 404 -
2025-10-30 20:23:17,720 [INFO] 192.168.1.28 - - [30/Oct/2025 20:23:17] "GET / HTTP/1.1" 200 -
2025-10-30 20:23:17,747 [INFO] 192.168.1.28 - - [30/Oct/2025 20:23:17] "[33mGET /static/dashboard.css HTTP/1.1[0m" 404 -
2025-10-30 20:23:17,751 [INFO] 192.168.1.28 - - [30/Oct/2025 20:23:17] "[33mGET /static/attack_trend.png HTTP/1.1[0m" 404 -
2025-10-30 20:23:17,753 [INFO] 192.168.1.28 - - [30/Oct/2025 20:23:17] "[33mGET /static/protocol_stats.png HTTP/1.1[0m" 404 -
2025-10-30 20:23:17,919 [INFO] 192.168.1.28 - - [30/Oct/2025 20:23:17] "GET / HTTP/1.1" 200 -
2025-10-30 20:23:17,946 [INFO] 192.168.1.28 - - [30/Oct/2025 20:23:17] "[33mGET /static/dashboard.css HTTP/1.1[0m" 404 -
2025-10-30 20:23:17,952 [INFO] 192.168.1.28 - - [30/Oct/2025 20:23:17] "[33mGET /static/attack_trend.png HTTP/1.1[0m" 404 -
2025-10-30 20:23:17,954 [INFO] 192.168.1.28 - - [30/Oct/2025 20:23:17] "[33mGET /static/protocol_stats.png HTTP/1.1[0m" 404 -
2025-10-30 20:23:18,166 [INFO] 192.168.1.28 - - [30/Oct/2025 20:23:18] "GET / HTTP/1.1" 200 -
2025-10-30 20:23:18,197 [INFO] 192.168.1.28 - - [30/Oct/2025 20:23:18] "[33mGET /static/dashboard.css HTTP/1.1[0m" 404 -
2025-10-30 20:23:18,197 [INFO] 192.168.1.28 - - [30/Oct/2025 20:23:18] "[33mGET /static/attack_trend.png HTTP/1.1[0m" 404 -
2025-10-30 20:23:18,200 [INFO] 192.168.1.28 - - [30/Oct/2025 20:23:18] "[33mGET /static/protocol_stats.png HTTP/1.1[0m" 404 -
2025-10-30 20:23:25,726 [INFO] 192.168.1.28 - - [30/Oct/2025 20:23:25] "[32mGET /logs HTTP/1.1[0m" 302 -
2025-10-30 20:23:25,738 [INFO] 192.168.1.28 - - [30/Oct/2025 20:23:25] "GET / HTTP/1.1" 200 -
2025-10-30 20:23:25,761 [INFO] 192.168.1.28 - - [30/Oct/2025 20:23:25] "[33mGET /static/dashboard.css HTTP/1.1[0m" 404 -
2025-10-30 20:23:25,776 [INFO] 192.168.1.28 - - [30/Oct/2025 20:23:25] "[33mGET /static/attack_trend.png HTTP/1.1[0m" 404 -
2025-10-30 20:23:25,778 [INFO] 192.168.1.28 - - [30/Oct/2025 20:23:25] "[33mGET /static/protocol_stats.png HTTP/1.1[0m" 404 -
2025-10-30 20:23:26,451 [INFO] 192.168.1.28 - - [30/Oct/2025 20:23:26] "GET / HTTP/1.1" 200 -
2025-10-30 20:23:26,473 [INFO] 192.168.1.28 - - [30/Oct/2025 20:23:26] "[33mGET /static/dashboard.css HTTP/1.1[0m" 404 -
2025-10-30 20:23:26,488 [INFO] 192.168.1.28 - - [30/Oct/2025 20:23:26] "[33mGET /static/attack_trend.png HTTP/1.1[0m" 404 -
2025-10-30 20:23:26,490 [INFO] 192.168.1.28 - - [30/Oct/2025 20:23:26] "[33mGET /static/protocol_stats.png HTTP/1.1[0m" 404 -
2025-10-30 20:23:26,630 [INFO] 192.168.1.28 - - [30/Oct/2025 20:23:26] "GET / HTTP/1.1" 200 -
2025-10-30 20:23:26,657 [INFO] 192.168.1.28 - - [30/Oct/2025 20:23:26] "[33mGET /static/dashboard.css HTTP/1.1[0m" 404 -
2025-10-30 20:23:26,663 [INFO] 192.168.1.28 - - [30/Oct/2025 20:23:26] "[33mGET /static/attack_trend.png HTTP/1.1[0m" 404 -
2025-10-30 20:23:26,671 [INFO] 192.168.1.28 - - [30/Oct/2025 20:23:26] "[33mGET /static/protocol_stats.png HTTP/1.1[0m" 404 -
2025-10-30 20:23:26,894 [INFO] 192.168.1.28 - - [30/Oct/2025 20:23:26] "GET / HTTP/1.1" 200 -
2025-10-30 20:23:26,920 [INFO] 192.168.1.28 - - [30/Oct/2025 20:23:26] "[33mGET /static/dashboard.css HTTP/1.1[0m" 404 -
2025-10-30 20:23:26,925 [INFO] 192.168.1.28 - - [30/Oct/2025 20:23:26] "[33mGET /static/attack_trend.png HTTP/1.1[0m" 404 -
2025-10-30 20:23:26,929 [INFO] 192.168.1.28 - - [30/Oct/2025 20:23:26] "[33mGET /static/protocol_stats.png HTTP/1.1[0m" 404 -
2025-10-30 20:23:27,095 [INFO] 192.168.1.28 - - [30/Oct/2025 20:23:27] "GET / HTTP/1.1" 200 -
2025-10-30 20:23:27,124 [INFO] 192.168.1.28 - - [30/Oct/2025 20:23:27] "[33mGET /static/dashboard.css HTTP/1.1[0m" 404 -
2025-10-30 20:23:27,128 [INFO] 192.168.1.28 - - [30/Oct/2025 20:23:27] "[33mGET /static/attack_trend.png HTTP/1.1[0m" 404 -
2025-10-30 20:23:27,137 [INFO] 192.168.1.28 - - [30/Oct/2025 20:23:27] "[33mGET /static/protocol_stats.png HTTP/1.1[0m" 404 -
2025-10-30 20:23:27,276 [INFO] 192.168.1.28 - - [30/Oct/2025 20:23:27] "GET / HTTP/1.1" 200 -
2025-10-30 20:23:27,301 [INFO] 192.168.1.28 - - [30/Oct/2025 20:23:27] "[33mGET /static/dashboard.css HTTP/1.1[0m" 404 -
2025-10-30 20:23:27,305 [INFO] 192.168.1.28 - - [30/Oct/2025 20:23:27] "[33mGET /static/attack_trend.png HTTP/1.1[0m" 404 -
2025-10-30 20:23:27,309 [INFO] 192.168.1.28 - - [30/Oct/2025 20:23:27] "[33mGET /static/protocol_stats.png HTTP/1.1[0m" 404 -
2025-10-30 20:23:28,574 [INFO] 192.168.1.28 - - [30/Oct/2025 20:23:28] "[32mGET /blocked_ips HTTP/1.1[0m" 302 -
2025-10-30 20:23:29,287 [INFO] 192.168.1.28 - - [30/Oct/2025 20:23:29] "[32mGET /predict HTTP/1.1[0m" 302 -
2025-10-30 20:23:31,506 [INFO] 192.168.1.28 - - [30/Oct/2025 20:23:31] "GET / HTTP/1.1" 200 -
2025-10-30 20:23:31,532 [INFO] 192.168.1.28 - - [30/Oct/2025 20:23:31] "[33mGET /static/dashboard.css HTTP/1.1[0m" 404 -
2025-10-30 20:23:31,544 [INFO] 192.168.1.28 - - [30/Oct/2025 20:23:31] "[33mGET /static/attack_trend.png HTTP/1.1[0m" 404 -
2025-10-30 20:23:31,546 [INFO] 192.168.1.28 - - [30/Oct/2025 20:23:31] "[33mGET /static/protocol_stats.png HTTP/1.1[0m" 404 -
2025-10-30 20:23:32,183 [INFO] 192.168.1.28 - - [30/Oct/2025 20:23:32] "GET / HTTP/1.1" 200 -
2025-10-30 20:23:32,210 [INFO] 192.168.1.28 - - [30/Oct/2025 20:23:32] "[33mGET /static/dashboard.css HTTP/1.1[0m" 404 -
2025-10-30 20:23:32,213 [INFO] 192.168.1.28 - - [30/Oct/2025 20:23:32] "[33mGET /static/attack_trend.png HTTP/1.1[0m" 404 -
2025-10-30 20:23:32,221 [INFO] 192.168.1.28 - - [30/Oct/2025 20:23:32] "[33mGET /static/protocol_stats.png HTTP/1.1[0m" 404 -
2025-10-30 20:23:32,380 [INFO] 192.168.1.28 - - [30/Oct/2025 20:23:32] "GET / HTTP/1.1" 200 -
2025-10-30 20:23:32,404 [INFO] 192.168.1.28 - - [30/Oct/2025 20:23:32] "[33mGET /static/dashboard.css HTTP/1.1[0m" 404 -
2025-10-30 20:23:32,418 [INFO] 192.168.1.28 - - [30/Oct/2025 20:23:32] "[33mGET /static/attack_trend.png HTTP/1.1[0m" 404 -
2025-10-30 20:23:32,419 [INFO] 192.168.1.28 - - [30/Oct/2025 20:23:32] "[33mGET /static/protocol_stats.png HTTP/1.1[0m" 404 -
2025-10-30 20:23:38,485 [INFO] 192.168.1.28 - - [30/Oct/2025 20:23:38] "GET / HTTP/1.1" 200 -
2025-10-30 20:23:38,517 [INFO] 192.168.1.28 - - [30/Oct/2025 20:23:38] "[33mGET /static/dashboard.css HTTP/1.1[0m" 404 -
2025-10-30 20:23:38,533 [INFO] 192.168.1.28 - - [30/Oct/2025 20:23:38] "[33mGET /static/attack_trend.png HTTP/1.1[0m" 404 -
2025-10-30 20:23:38,534 [INFO] 192.168.1.28 - - [30/Oct/2025 20:23:38] "[33mGET /static/protocol_stats.png HTTP/1.1[0m" 404 -
2025-10-30 20:23:42,435 [INFO] 192.168.1.28 - - [30/Oct/2025 20:23:42] "GET / HTTP/1.1" 200 -
2025-10-30 20:23:42,461 [INFO] 192.168.1.28 - - [30/Oct/2025 20:23:42] "[33mGET /static/dashboard.css HTTP/1.1[0m" 404 -
2025-10-30 20:23:42,480 [INFO] 192.168.1.28 - - [30/Oct/2025 20:23:42] "[33mGET /static/attack_trend.png HTTP/1.1[0m" 404 -
2025-10-30 20:23:42,482 [INFO] 192.168.1.28 - - [30/Oct/2025 20:23:42] "[33mGET /static/protocol_stats.png HTTP/1.1[0m" 404 -
2025-10-30 20:23:52,510 [INFO] 192.168.1.28 - - [30/Oct/2025 20:23:52] "GET / HTTP/1.1" 200 -
2025-10-30 20:23:52,536 [INFO] 192.168.1.28 - - [30/Oct/2025 20:23:52] "[33mGET /static/dashboard.css HTTP/1.1[0m" 404 -
2025-10-30 20:23:52,554 [INFO] 192.168.1.28 - - [30/Oct/2025 20:23:52] "[33mGET /static/attack_trend.png HTTP/1.1[0m" 404 -
2025-10-30 20:23:52,560 [INFO] 192.168.1.28 - - [30/Oct/2025 20:23:52] "[33mGET /static/protocol_stats.png HTTP/1.1[0m" 404 -
2025-10-30 20:24:02,583 [INFO] 192.168.1.28 - - [30/Oct/2025 20:24:02] "GET / HTTP/1.1" 200 -
2025-10-30 20:24:02,615 [INFO] 192.168.1.28 - - [30/Oct/2025 20:24:02] "[33mGET /static/dashboard.css HTTP/1.1[0m" 404 -
2025-10-30 20:24:02,626 [INFO] 192.168.1.28 - - [30/Oct/2025 20:24:02] "[33mGET /static/attack_trend.png HTTP/1.1[0m" 404 -
2025-10-30 20:24:02,633 [INFO] 192.168.1.28 - - [30/Oct/2025 20:24:02] "[33mGET /static/protocol_stats.png HTTP/1.1[0m" 404 -
2025-10-30 20:24:12,662 [INFO] 192.168.1.28 - - [30/Oct/2025 20:24:12] "GET / HTTP/1.1" 200 -
2025-10-30 20:24:12,702 [INFO] 192.168.1.28 - - [30/Oct/2025 20:24:12] "[33mGET /static/dashboard.css HTTP/1.1[0m" 404 -
2025-10-30 20:24:12,707 [INFO] 192.168.1.28 - - [30/Oct/2025 20:24:12] "[33mGET /static/attack_trend.png HTTP/1.1[0m" 404 -
2025-10-30 20:24:12,708 [INFO] 192.168.1.28 - - [30/Oct/2025 20:24:12] "[33mGET /static/protocol_stats.png HTTP/1.1[0m" 404 -
2025-10-30 20:24:22,738 [INFO] 192.168.1.28 - - [30/Oct/2025 20:24:22] "GET / HTTP/1.1" 200 -
2025-10-30 20:24:22,772 [INFO] 192.168.1.28 - - [30/Oct/2025 20:24:22] "[33mGET /static/dashboard.css HTTP/1.1[0m" 404 -
2025-10-30 20:24:22,773 [INFO] 192.168.1.28 - - [30/Oct/2025 20:24:22] "[33mGET /static/attack_trend.png HTTP/1.1[0m" 404 -
2025-10-30 20:24:22,781 [INFO] 192.168.1.28 - - [30/Oct/2025 20:24:22] "[33mGET /static/protocol_stats.png HTTP/1.1[0m" 404 -
2025-10-30 20:24:32,817 [INFO] 192.168.1.28 - - [30/Oct/2025 20:24:32] "GET / HTTP/1.1" 200 -
2025-10-30 20:24:32,844 [INFO] 192.168.1.28 - - [30/Oct/2025 20:24:32] "[33mGET /static/dashboard.css HTTP/1.1[0m" 404 -
2025-10-30 20:24:32,863 [INFO] 192.168.1.28 - - [30/Oct/2025 20:24:32] "[33mGET /static/attack_trend.png HTTP/1.1[0m" 404 -
2025-10-30 20:24:32,870 [INFO] 192.168.1.28 - - [30/Oct/2025 20:24:32] "[33mGET /static/protocol_stats.png HTTP/1.1[0m" 404 -
2025-10-30 20:24:42,902 [INFO] 192.168.1.28 - - [30/Oct/2025 20:24:42] "GET / HTTP/1.1" 200 -
2025-10-30 20:24:42,935 [INFO] 192.168.1.28 - - [30/Oct/2025 20:24:42] "[33mGET /static/attack_trend.png HTTP/1.1[0m" 404 -
2025-10-30 20:24:42,937 [INFO] 192.168.1.28 - - [30/Oct/2025 20:24:42] "[33mGET /static/dashboard.css HTTP/1.1[0m" 404 -
2025-10-30 20:24:42,948 [INFO] 192.168.1.28 - - [30/Oct/2025 20:24:42] "[33mGET /static/protocol_stats.png HTTP/1.1[0m" 404 -
2025-10-30 20:24:52,987 [INFO] 192.168.1.28 - - [30/Oct/2025 20:24:52] "GET / HTTP/1.1" 200 -
2025-10-30 20:24:53,040 [INFO] 192.168.1.28 - - [30/Oct/2025 20:24:53] "[33mGET /static/attack_trend.png HTTP/1.1[0m" 404 -
2025-10-30 20:24:53,041 [INFO] 192.168.1.28 - - [30/Oct/2025 20:24:53] "[33mGET /static/dashboard.css HTTP/1.1[0m" 404 -
2025-10-30 20:24:53,042 [INFO] 192.168.1.28 - - [30/Oct/2025 20:24:53] "[33mGET /static/protocol_stats.png HTTP/1.1[0m" 404 -
2025-10-30 20:25:03,079 [INFO] 192.168.1.28 - - [30/Oct/2025 20:25:03] "GET / HTTP/1.1" 200 -
2025-10-30 20:25:03,108 [INFO] 192.168.1.28 - - [30/Oct/2025 20:25:03] "[33mGET /static/dashboard.css HTTP/1.1[0m" 404 -
2025-10-30 20:25:03,146 [INFO] 192.168.1.28 - - [30/Oct/2025 20:25:03] "[33mGET /static/attack_trend.png HTTP/1.1[0m" 404 -
2025-10-30 20:25:03,156 [INFO] 192.168.1.28 - - [30/Oct/2025 20:25:03] "[33mGET /static/protocol_stats.png HTTP/1.1[0m" 404 -
2025-10-30 20:25:13,237 [INFO] 192.168.1.28 - - [30/Oct/2025 20:25:13] "GET / HTTP/1.1" 200 -
2025-10-30 20:25:13,286 [INFO] 192.168.1.28 - - [30/Oct/2025 20:25:13] "[33mGET /static/dashboard.css HTTP/1.1[0m" 404 -
2025-10-30 20:25:13,288 [INFO] 192.168.1.28 - - [30/Oct/2025 20:25:13] "[33mGET /static/attack_trend.png HTTP/1.1[0m" 404 -
2025-10-30 20:25:13,294 [INFO] 192.168.1.28 - - [30/Oct/2025 20:25:13] "[33mGET /static/protocol_stats.png HTTP/1.1[0m" 404 -
2025-10-30 20:25:23,418 [INFO] 192.168.1.28 - - [30/Oct/2025 20:25:23] "GET / HTTP/1.1" 200 -
2025-10-30 20:25:23,553 [INFO] 192.168.1.28 - - [30/Oct/2025 20:25:23] "[33mGET /static/dashboard.css HTTP/1.1[0m" 404 -
2025-10-30 20:25:23,565 [INFO] 192.168.1.28 - - [30/Oct/2025 20:25:23] "[33mGET /static/attack_trend.png HTTP/1.1[0m" 404 -
2025-10-30 20:25:23,577 [INFO] 192.168.1.28 - - [30/Oct/2025 20:25:23] "[33mGET /static/protocol_stats.png HTTP/1.1[0m" 404 -
2025-10-30 20:25:33,636 [INFO] 192.168.1.28 - - [30/Oct/2025 20:25:33] "GET / HTTP/1.1" 200 -
2025-10-30 20:25:33,662 [INFO] 192.168.1.28 - - [30/Oct/2025 20:25:33] "[33mGET /static/dashboard.css HTTP/1.1[0m" 404 -
2025-10-30 20:25:33,673 [INFO] 192.168.1.28 - - [30/Oct/2025 20:25:33] "[33mGET /static/protocol_stats.png HTTP/1.1[0m" 404 -
2025-10-30 20:25:33,676 [INFO] 192.168.1.28 - - [30/Oct/2025 20:25:33] "[33mGET /static/attack_trend.png HTTP/1.1[0m" 404 -
2025-10-30 20:25:43,702 [INFO] 192.168.1.28 - - [30/Oct/2025 20:25:43] "GET / HTTP/1.1" 200 -
2025-10-30 20:25:43,729 [INFO] 192.168.1.28 - - [30/Oct/2025 20:25:43] "[33mGET /static/dashboard.css HTTP/1.1[0m" 404 -
2025-10-30 20:25:43,744 [INFO] 192.168.1.28 - - [30/Oct/2025 20:25:43] "[33mGET /static/attack_trend.png HTTP/1.1[0m" 404 -
2025-10-30 20:25:43,752 [INFO] 192.168.1.28 - - [30/Oct/2025 20:25:43] "[33mGET /static/protocol_stats.png HTTP/1.1[0m" 404 -
2025-10-30 20:25:53,790 [INFO] 192.168.1.28 - - [30/Oct/2025 20:25:53] "GET / HTTP/1.1" 200 -
2025-10-30 20:25:53,818 [INFO] 192.168.1.28 - - [30/Oct/2025 20:25:53] "[33mGET /static/dashboard.css HTTP/1.1[0m" 404 -
2025-10-30 20:25:53,834 [INFO] 192.168.1.28 - - [30/Oct/2025 20:25:53] "[33mGET /static/attack_trend.png HTTP/1.1[0m" 404 -
2025-10-30 20:25:53,853 [INFO] 192.168.1.28 - - [30/Oct/2025 20:25:53] "[33mGET /static/protocol_stats.png HTTP/1.1[0m" 404 -
2025-10-30 20:26:03,913 [INFO] 192.168.1.28 - - [30/Oct/2025 20:26:03] "GET / HTTP/1.1" 200 -
2025-10-30 20:26:03,947 [INFO] 192.168.1.28 - - [30/Oct/2025 20:26:03] "[33mGET /static/dashboard.css HTTP/1.1[0m" 404 -
2025-10-30 20:26:03,954 [INFO] 192.168.1.28 - - [30/Oct/2025 20:26:03] "[33mGET /static/attack_trend.png HTTP/1.1[0m" 404 -
2025-10-30 20:26:03,966 [INFO] 192.168.1.28 - - [30/Oct/2025 20:26:03] "[33mGET /static/protocol_stats.png HTTP/1.1[0m" 404 -
2025-10-30 20:26:14,104 [INFO] 192.168.1.28 - - [30/Oct/2025 20:26:14] "GET / HTTP/1.1" 200 -
2025-10-30 20:26:14,154 [INFO] 192.168.1.28 - - [30/Oct/2025 20:26:14] "[33mGET /static/dashboard.css HTTP/1.1[0m" 404 -
2025-10-30 20:26:14,161 [INFO] 192.168.1.28 - - [30/Oct/2025 20:26:14] "[33mGET /static/attack_trend.png HTTP/1.1[0m" 404 -
2025-10-30 20:26:14,164 [INFO] 192.168.1.28 - - [30/Oct/2025 20:26:14] "[33mGET /static/protocol_stats.png HTTP/1.1[0m" 404 -
2025-10-30 20:26:24,242 [INFO] 192.168.1.28 - - [30/Oct/2025 20:26:24] "GET / HTTP/1.1" 200 -
2025-10-30 20:26:24,271 [INFO] 192.168.1.28 - - [30/Oct/2025 20:26:24] "[33mGET /static/dashboard.css HTTP/1.1[0m" 404 -
2025-10-30 20:26:24,277 [INFO] 192.168.1.28 - - [30/Oct/2025 20:26:24] "[33mGET /static/attack_trend.png HTTP/1.1[0m" 404 -
2025-10-30 20:26:24,287 [INFO] 192.168.1.28 - - [30/Oct/2025 20:26:24] "[33mGET /static/protocol_stats.png HTTP/1.1[0m" 404 -
2025-10-30 20:26:34,335 [INFO] 192.168.1.28 - - [30/Oct/2025 20:26:34] "GET / HTTP/1.1" 200 -
2025-10-30 20:26:34,371 [INFO] 192.168.1.28 - - [30/Oct/2025 20:26:34] "[33mGET /static/dashboard.css HTTP/1.1[0m" 404 -
2025-10-30 20:26:34,382 [INFO] 192.168.1.28 - - [30/Oct/2025 20:26:34] "[33mGET /static/attack_trend.png HTTP/1.1[0m" 404 -
2025-10-30 20:26:34,390 [INFO] 192.168.1.28 - - [30/Oct/2025 20:26:34] "[33mGET /static/protocol_stats.png HTTP/1.1[0m" 404 -
2025-10-30 20:26:44,413 [INFO] 192.168.1.28 - - [30/Oct/2025 20:26:44] "GET / HTTP/1.1" 200 -
2025-10-30 20:26:44,449 [INFO] 192.168.1.28 - - [30/Oct/2025 20:26:44] "[33mGET /static/dashboard.css HTTP/1.1[0m" 404 -
2025-10-30 20:26:44,478 [INFO] 192.168.1.28 - - [30/Oct/2025 20:26:44] "[33mGET /static/attack_trend.png HTTP/1.1[0m" 404 -
2025-10-30 20:26:44,479 [INFO] 192.168.1.28 - - [30/Oct/2025 20:26:44] "[33mGET /static/protocol_stats.png HTTP/1.1[0m" 404 -
2025-10-30 20:26:54,516 [INFO] 192.168.1.28 - - [30/Oct/2025 20:26:54] "GET / HTTP/1.1" 200 -
2025-10-30 20:26:54,545 [INFO] 192.168.1.28 - - [30/Oct/2025 20:26:54] "[33mGET /static/dashboard.css HTTP/1.1[0m" 404 -
2025-10-30 20:26:54,576 [INFO] 192.168.1.28 - - [30/Oct/2025 20:26:54] "[33mGET /static/attack_trend.png HTTP/1.1[0m" 404 -
2025-10-30 20:26:54,578 [INFO] 192.168.1.28 - - [30/Oct/2025 20:26:54] "[33mGET /static/protocol_stats.png HTTP/1.1[0m" 404 -
2025-10-30 20:27:04,601 [INFO] 192.168.1.28 - - [30/Oct/2025 20:27:04] "GET / HTTP/1.1" 200 -
2025-10-30 20:27:04,628 [INFO] 192.168.1.28 - - [30/Oct/2025 20:27:04] "[33mGET /static/dashboard.css HTTP/1.1[0m" 404 -
2025-10-30 20:27:04,656 [INFO] 192.168.1.28 - - [30/Oct/2025 20:27:04] "[33mGET /static/attack_trend.png HTTP/1.1[0m" 404 -
2025-10-30 20:27:04,661 [INFO] 192.168.1.28 - - [30/Oct/2025 20:27:04] "[33mGET /static/protocol_stats.png HTTP/1.1[0m" 404 -
2025-10-30 20:27:14,687 [INFO] 192.168.1.28 - - [30/Oct/2025 20:27:14] "GET / HTTP/1.1" 200 -
2025-10-30 20:27:14,716 [INFO] 192.168.1.28 - - [30/Oct/2025 20:27:14] "[33mGET /static/dashboard.css HTTP/1.1[0m" 404 -
2025-10-30 20:27:14,740 [INFO] 192.168.1.28 - - [30/Oct/2025 20:27:14] "[33mGET /static/protocol_stats.png HTTP/1.1[0m" 404 -
2025-10-30 20:27:14,741 [INFO] 192.168.1.28 - - [30/Oct/2025 20:27:14] "[33mGET /static/attack_trend.png HTTP/1.1[0m" 404 -
2025-10-30 20:27:24,780 [INFO] 192.168.1.28 - - [30/Oct/2025 20:27:24] "GET / HTTP/1.1" 200 -
2025-10-30 20:27:24,831 [INFO] 192.168.1.28 - - [30/Oct/2025 20:27:24] "[33mGET /static/dashboard.css HTTP/1.1[0m" 404 -
2025-10-30 20:27:24,853 [INFO] 192.168.1.28 - - [30/Oct/2025 20:27:24] "[33mGET /static/attack_trend.png HTTP/1.1[0m" 404 -
2025-10-30 20:27:24,854 [INFO] 192.168.1.28 - - [30/Oct/2025 20:27:24] "[33mGET /static/protocol_stats.png HTTP/1.1[0m" 404 -
2025-10-30 20:27:34,916 [INFO] 192.168.1.28 - - [30/Oct/2025 20:27:34] "GET / HTTP/1.1" 200 -
2025-10-30 20:27:34,988 [INFO] 192.168.1.28 - - [30/Oct/2025 20:27:34] "[33mGET /static/dashboard.css HTTP/1.1[0m" 404 -
2025-10-30 20:27:34,992 [INFO] 192.168.1.28 - - [30/Oct/2025 20:27:34] "[33mGET /static/attack_trend.png HTTP/1.1[0m" 404 -
2025-10-30 20:27:35,000 [INFO] 192.168.1.28 - - [30/Oct/2025 20:27:35] "[33mGET /static/protocol_stats.png HTTP/1.1[0m" 404 -
2025-10-30 20:27:45,044 [INFO] 192.168.1.28 - - [30/Oct/2025 20:27:45] "GET / HTTP/1.1" 200 -
2025-10-30 20:27:45,107 [INFO] 192.168.1.28 - - [30/Oct/2025 20:27:45] "[33mGET /static/dashboard.css HTTP/1.1[0m" 404 -
2025-10-30 20:27:45,127 [INFO] 192.168.1.28 - - [30/Oct/2025 20:27:45] "[33mGET /static/attack_trend.png HTTP/1.1[0m" 404 -
2025-10-30 20:27:45,133 [INFO] 192.168.1.28 - - [30/Oct/2025 20:27:45] "[33mGET /static/protocol_stats.png HTTP/1.1[0m" 404 -
2025-10-30 20:27:55,177 [INFO] 192.168.1.28 - - [30/Oct/2025 20:27:55] "GET / HTTP/1.1" 200 -
2025-10-30 20:27:55,279 [INFO] 192.168.1.28 - - [30/Oct/2025 20:27:55] "[33mGET /static/dashboard.css HTTP/1.1[0m" 404 -
2025-10-30 20:27:55,297 [INFO] 192.168.1.28 - - [30/Oct/2025 20:27:55] "[33mGET /static/attack_trend.png HTTP/1.1[0m" 404 -
2025-10-30 20:27:55,306 [INFO] 192.168.1.28 - - [30/Oct/2025 20:27:55] "[33mGET /static/protocol_stats.png HTTP/1.1[0m" 404 -
2025-10-30 20:28:05,359 [INFO] 192.168.1.28 - - [30/Oct/2025 20:28:05] "GET / HTTP/1.1" 200 -
2025-10-30 20:28:05,415 [INFO] 192.168.1.28 - - [30/Oct/2025 20:28:05] "[33mGET /static/dashboard.css HTTP/1.1[0m" 404 -
2025-10-30 20:28:05,464 [INFO] 192.168.1.28 - - [30/Oct/2025 20:28:05] "[33mGET /static/attack_trend.png HTTP/1.1[0m" 404 -
2025-10-30 20:28:05,467 [INFO] 192.168.1.28 - - [30/Oct/2025 20:28:05] "[33mGET /static/protocol_stats.png HTTP/1.1[0m" 404 -
2025-10-30 20:28:15,503 [INFO] 192.168.1.28 - - [30/Oct/2025 20:28:15] "GET / HTTP/1.1" 200 -
2025-10-30 20:28:15,559 [INFO] 192.168.1.28 - - [30/Oct/2025 20:28:15] "[33mGET /static/dashboard.css HTTP/1.1[0m" 404 -
2025-10-30 20:28:15,577 [INFO] 192.168.1.28 - - [30/Oct/2025 20:28:15] "[33mGET /static/attack_trend.png HTTP/1.1[0m" 404 -
2025-10-30 20:28:15,587 [INFO] 192.168.1.28 - - [30/Oct/2025 20:28:15] "[33mGET /static/protocol_stats.png HTTP/1.1[0m" 404 -
2025-10-30 20:28:25,655 [INFO] 192.168.1.28 - - [30/Oct/2025 20:28:25] "GET / HTTP/1.1" 200 -
2025-10-30 20:28:25,703 [INFO] 192.168.1.28 - - [30/Oct/2025 20:28:25] "[33mGET /static/dashboard.css HTTP/1.1[0m" 404 -
2025-10-30 20:28:25,733 [INFO] 192.168.1.28 - - [30/Oct/2025 20:28:25] "[33mGET /static/attack_trend.png HTTP/1.1[0m" 404 -
2025-10-30 20:28:25,737 [INFO] 192.168.1.28 - - [30/Oct/2025 20:28:25] "[33mGET /static/protocol_stats.png HTTP/1.1[0m" 404 -
2025-10-30 20:28:35,792 [INFO] 192.168.1.28 - - [30/Oct/2025 20:28:35] "GET / HTTP/1.1" 200 -
2025-10-30 20:28:35,852 [INFO] 192.168.1.28 - - [30/Oct/2025 20:28:35] "[33mGET /static/dashboard.css HTTP/1.1[0m" 404 -
2025-10-30 20:28:35,866 [INFO] 192.168.1.28 - - [30/Oct/2025 20:28:35] "[33mGET /static/attack_trend.png HTTP/1.1[0m" 404 -
2025-10-30 20:28:35,870 [INFO] 192.168.1.28 - - [30/Oct/2025 20:28:35] "[33mGET /static/protocol_stats.png HTTP/1.1[0m" 404 -
2025-10-30 20:28:45,955 [INFO] 192.168.1.28 - - [30/Oct/2025 20:28:45] "GET / HTTP/1.1" 200 -
2025-10-30 20:28:46,002 [INFO] 192.168.1.28 - - [30/Oct/2025 20:28:46] "[33mGET /static/dashboard.css HTTP/1.1[0m" 404 -
2025-10-30 20:28:46,011 [INFO] 192.168.1.28 - - [30/Oct/2025 20:28:46] "[33mGET /static/attack_trend.png HTTP/1.1[0m" 404 -
2025-10-30 20:28:46,014 [INFO] 192.168.1.28 - - [30/Oct/2025 20:28:46] "[33mGET /static/protocol_stats.png HTTP/1.1[0m" 404 -
2025-10-30 20:28:56,075 [INFO] 192.168.1.28 - - [30/Oct/2025 20:28:56] "GET / HTTP/1.1" 200 -
2025-10-30 20:28:56,104 [INFO] 192.168.1.28 - - [30/Oct/2025 20:28:56] "[33mGET /static/dashboard.css HTTP/1.1[0m" 404 -
2025-10-30 20:28:56,115 [INFO] 192.168.1.28 - - [30/Oct/2025 20:28:56] "[33mGET /static/attack_trend.png HTTP/1.1[0m" 404 -
2025-10-30 20:28:56,116 [INFO] 192.168.1.28 - - [30/Oct/2025 20:28:56] "[33mGET /static/protocol_stats.png HTTP/1.1[0m" 404 -
2025-10-30 20:29:06,183 [INFO] 192.168.1.28 - - [30/Oct/2025 20:29:06] "GET / HTTP/1.1" 200 -
2025-10-30 20:29:06,232 [INFO] 192.168.1.28 - - [30/Oct/2025 20:29:06] "[33mGET /static/dashboard.css HTTP/1.1[0m" 404 -
2025-10-30 20:29:06,240 [INFO] 192.168.1.28 - - [30/Oct/2025 20:29:06] "[33mGET /static/attack_trend.png HTTP/1.1[0m" 404 -
2025-10-30 20:29:06,246 [INFO] 192.168.1.28 - - [30/Oct/2025 20:29:06] "[33mGET /static/protocol_stats.png HTTP/1.1[0m" 404 -
2025-10-30 20:29:16,280 [INFO] 192.168.1.28 - - [30/Oct/2025 20:29:16] "GET / HTTP/1.1" 200 -
2025-10-30 20:29:16,318 [INFO] 192.168.1.28 - - [30/Oct/2025 20:29:16] "[33mGET /static/dashboard.css HTTP/1.1[0m" 404 -
2025-10-30 20:29:16,327 [INFO] 192.168.1.28 - - [30/Oct/2025 20:29:16] "[33mGET /static/attack_trend.png HTTP/1.1[0m" 404 -
2025-10-30 20:29:16,330 [INFO] 192.168.1.28 - - [30/Oct/2025 20:29:16] "[33mGET /static/protocol_stats.png HTTP/1.1[0m" 404 -
2025-10-30 20:29:26,388 [INFO] 192.168.1.28 - - [30/Oct/2025 20:29:26] "GET / HTTP/1.1" 200 -
2025-10-30 20:29:26,429 [INFO] 192.168.1.28 - - [30/Oct/2025 20:29:26] "GET /static/style.css HTTP/1.1" 200 -
2025-10-30 20:31:01,740 [INFO] 192.168.1.28 - - [30/Oct/2025 20:31:01] "GET / HTTP/1.1" 200 -
2025-10-30 20:31:01,766 [INFO] 192.168.1.28 - - [30/Oct/2025 20:31:01] "GET /static/style.css HTTP/1.1" 200 -
2025-10-30 20:31:09,624 [INFO] 192.168.1.28 - - [30/Oct/2025 20:31:09] "[32mPOST /login HTTP/1.1[0m" 302 -
2025-10-30 20:31:09,993 [INFO] 192.168.1.28 - - [30/Oct/2025 20:31:09] "GET / HTTP/1.1" 200 -
2025-10-30 20:31:10,023 [INFO] 192.168.1.28 - - [30/Oct/2025 20:31:10] "[36mGET /static/style.css HTTP/1.1[0m" 304 -
2025-10-30 20:31:19,821 [INFO] 192.168.1.28 - - [30/Oct/2025 20:31:19] "GET /predict HTTP/1.1" 200 -
2025-10-30 20:31:19,863 [INFO] 192.168.1.28 - - [30/Oct/2025 20:31:19] "[36mGET /static/style.css HTTP/1.1[0m" 304 -
2025-10-30 20:31:19,875 [INFO] 192.168.1.28 - - [30/Oct/2025 20:31:19] "GET /api/history HTTP/1.1" 200 -
2025-10-30 20:31:19,888 [INFO] 192.168.1.28 - - [30/Oct/2025 20:31:19] "GET /stream_alerts HTTP/1.1" 200 -
2025-10-30 20:31:22,428 [INFO] 192.168.1.28 - - [30/Oct/2025 20:31:22] "GET /blocked_ips HTTP/1.1" 200 -
2025-10-30 20:31:22,465 [INFO] 192.168.1.28 - - [30/Oct/2025 20:31:22] "[36mGET /static/style.css HTTP/1.1[0m" 304 -
2025-10-30 20:31:33,661 [INFO] 192.168.1.28 - - [30/Oct/2025 20:31:33] "GET /predict HTTP/1.1" 200 -
2025-10-30 20:31:33,707 [INFO] 192.168.1.28 - - [30/Oct/2025 20:31:33] "[36mGET /static/style.css HTTP/1.1[0m" 304 -
2025-10-30 20:31:33,726 [INFO] 192.168.1.28 - - [30/Oct/2025 20:31:33] "GET /api/history HTTP/1.1" 200 -
2025-10-30 20:31:33,741 [INFO] 192.168.1.28 - - [30/Oct/2025 20:31:33] "GET /stream_alerts HTTP/1.1" 200 -
2025-10-30 20:31:34,926 [INFO] 192.168.1.28 - - [30/Oct/2025 20:31:34] "GET / HTTP/1.1" 200 -
2025-10-30 20:31:34,961 [INFO] 192.168.1.28 - - [30/Oct/2025 20:31:34] "[36mGET /static/style.css HTTP/1.1[0m" 304 -
2025-10-30 20:31:38,281 [INFO] 192.168.1.28 - - [30/Oct/2025 20:31:38] "[32mGET /logout HTTP/1.1[0m" 302 -
2025-10-30 20:31:38,293 [INFO] 192.168.1.28 - - [30/Oct/2025 20:31:38] "GET / HTTP/1.1" 200 -
2025-10-30 20:31:38,321 [INFO] 192.168.1.28 - - [30/Oct/2025 20:31:38] "[36mGET /static/style.css HTTP/1.1[0m" 304 -
2025-10-30 20:50:18,648 [INFO]  * Detected change in 'C:\\Users\\Abhishek\\Documents\\7th_Sem_Syllabus\\IDS_Project_Phase_2\\app\\dashboard.py', reloading
2025-10-30 20:50:21,248 [INFO]  * Restarting with stat
2025-10-30 20:50:22,705 - WARNING -  * Debugger is active!
2025-10-30 20:50:22,713 - INFO -  * Debugger PIN: 130-245-796
2025-10-30 20:52:51,600 - INFO - Admin logged in successfully.
2025-10-30 20:52:51,606 - INFO - 192.168.1.28 - - [30/Oct/2025 20:52:51] "[32mPOST /login HTTP/1.1[0m" 302 -
2025-10-30 20:52:51,925 - INFO - 192.168.1.28 - - [30/Oct/2025 20:52:51] "[35m[1mGET /dashboard HTTP/1.1[0m" 500 -
2025-10-30 20:52:52,427 - INFO - 192.168.1.28 - - [30/Oct/2025 20:52:52] "GET /dashboard?__debugger__=yes&cmd=resource&f=style.css HTTP/1.1" 200 -
2025-10-30 20:52:52,464 - INFO - 192.168.1.28 - - [30/Oct/2025 20:52:52] "GET /dashboard?__debugger__=yes&cmd=resource&f=debugger.js HTTP/1.1" 200 -
2025-10-30 20:52:52,648 - INFO - 192.168.1.28 - - [30/Oct/2025 20:52:52] "GET /dashboard?__debugger__=yes&cmd=resource&f=console.png HTTP/1.1" 200 -
2025-10-30 20:52:54,664 - INFO - 192.168.1.28 - - [30/Oct/2025 20:52:54] "[35m[1mGET /dashboard HTTP/1.1[0m" 500 -
2025-10-30 20:52:54,716 - INFO - 192.168.1.28 - - [30/Oct/2025 20:52:54] "[36mGET /dashboard?__debugger__=yes&cmd=resource&f=style.css HTTP/1.1[0m" 304 -
2025-10-30 20:52:54,721 - INFO - 192.168.1.28 - - [30/Oct/2025 20:52:54] "[36mGET /dashboard?__debugger__=yes&cmd=resource&f=debugger.js HTTP/1.1[0m" 304 -
2025-10-30 20:52:54,765 - INFO - 192.168.1.28 - - [30/Oct/2025 20:52:54] "[36mGET /dashboard?__debugger__=yes&cmd=resource&f=console.png HTTP/1.1[0m" 304 -
2025-10-30 20:52:55,810 - INFO - 192.168.1.28 - - [30/Oct/2025 20:52:55] "[35m[1mGET /dashboard HTTP/1.1[0m" 500 -
2025-10-30 20:52:55,847 - INFO - 192.168.1.28 - - [30/Oct/2025 20:52:55] "[36mGET /dashboard?__debugger__=yes&cmd=resource&f=style.css HTTP/1.1[0m" 304 -
2025-10-30 20:52:55,862 - INFO - 192.168.1.28 - - [30/Oct/2025 20:52:55] "[36mGET /dashboard?__debugger__=yes&cmd=resource&f=debugger.js HTTP/1.1[0m" 304 -
2025-10-30 20:52:55,898 - INFO - 192.168.1.28 - - [30/Oct/2025 20:52:55] "[36mGET /dashboard?__debugger__=yes&cmd=resource&f=console.png HTTP/1.1[0m" 304 -
2025-10-30 20:52:56,493 - INFO - 192.168.1.28 - - [30/Oct/2025 20:52:56] "[35m[1mGET /dashboard HTTP/1.1[0m" 500 -
2025-10-30 20:52:56,532 - INFO - 192.168.1.28 - - [30/Oct/2025 20:52:56] "[36mGET /dashboard?__debugger__=yes&cmd=resource&f=style.css HTTP/1.1[0m" 304 -
2025-10-30 20:52:56,547 - INFO - 192.168.1.28 - - [30/Oct/2025 20:52:56] "[36mGET /dashboard?__debugger__=yes&cmd=resource&f=debugger.js HTTP/1.1[0m" 304 -
2025-10-30 20:52:56,604 - INFO - 192.168.1.28 - - [30/Oct/2025 20:52:56] "[36mGET /dashboard?__debugger__=yes&cmd=resource&f=console.png HTTP/1.1[0m" 304 -
2025-10-30 20:52:56,704 - INFO - 192.168.1.28 - - [30/Oct/2025 20:52:56] "[35m[1mGET /dashboard HTTP/1.1[0m" 500 -
2025-10-30 20:52:56,752 - INFO - 192.168.1.28 - - [30/Oct/2025 20:52:56] "[36mGET /dashboard?__debugger__=yes&cmd=resource&f=style.css HTTP/1.1[0m" 304 -
2025-10-30 20:52:56,754 - INFO - 192.168.1.28 - - [30/Oct/2025 20:52:56] "[36mGET /dashboard?__debugger__=yes&cmd=resource&f=debugger.js HTTP/1.1[0m" 304 -
2025-10-30 20:55:38,952 - INFO - 192.168.1.28 - - [30/Oct/2025 20:55:38] "[35m[1mGET /dashboard HTTP/1.1[0m" 500 -
2025-10-30 20:55:38,996 - INFO - 192.168.1.28 - - [30/Oct/2025 20:55:38] "[36mGET /dashboard?__debugger__=yes&cmd=resource&f=style.css HTTP/1.1[0m" 304 -
2025-10-30 20:55:39,012 - INFO - 192.168.1.28 - - [30/Oct/2025 20:55:39] "[36mGET /dashboard?__debugger__=yes&cmd=resource&f=debugger.js HTTP/1.1[0m" 304 -
2025-10-30 20:55:39,059 - INFO - 192.168.1.28 - - [30/Oct/2025 20:55:39] "[36mGET /dashboard?__debugger__=yes&cmd=resource&f=console.png HTTP/1.1[0m" 304 -
2025-10-30 20:55:39,856 - INFO - 192.168.1.28 - - [30/Oct/2025 20:55:39] "[35m[1mGET /dashboard HTTP/1.1[0m" 500 -
2025-10-30 20:55:39,897 - INFO - 192.168.1.28 - - [30/Oct/2025 20:55:39] "[36mGET /dashboard?__debugger__=yes&cmd=resource&f=style.css HTTP/1.1[0m" 304 -
2025-10-30 20:55:39,916 - INFO - 192.168.1.28 - - [30/Oct/2025 20:55:39] "[36mGET /dashboard?__debugger__=yes&cmd=resource&f=debugger.js HTTP/1.1[0m" 304 -
2025-10-30 20:55:39,959 - INFO - 192.168.1.28 - - [30/Oct/2025 20:55:39] "[36mGET /dashboard?__debugger__=yes&cmd=resource&f=console.png HTTP/1.1[0m" 304 -
2025-10-30 20:55:40,229 - INFO - 192.168.1.28 - - [30/Oct/2025 20:55:40] "[35m[1mGET /dashboard HTTP/1.1[0m" 500 -
2025-10-30 20:55:40,279 - INFO - 192.168.1.28 - - [30/Oct/2025 20:55:40] "[36mGET /dashboard?__debugger__=yes&cmd=resource&f=style.css HTTP/1.1[0m" 304 -
2025-10-30 20:55:40,285 - INFO - 192.168.1.28 - - [30/Oct/2025 20:55:40] "[36mGET /dashboard?__debugger__=yes&cmd=resource&f=debugger.js HTTP/1.1[0m" 304 -
2025-10-30 20:55:40,322 - INFO - 192.168.1.28 - - [30/Oct/2025 20:55:40] "[36mGET /dashboard?__debugger__=yes&cmd=resource&f=console.png HTTP/1.1[0m" 304 -
2025-10-30 21:00:25,652 - INFO - 192.168.1.28 - - [30/Oct/2025 21:00:25] "[35m[1mGET /dashboard HTTP/1.1[0m" 500 -
2025-10-30 21:00:25,698 - INFO - 192.168.1.28 - - [30/Oct/2025 21:00:25] "[36mGET /dashboard?__debugger__=yes&cmd=resource&f=style.css HTTP/1.1[0m" 304 -
2025-10-30 21:00:25,703 - INFO - 192.168.1.28 - - [30/Oct/2025 21:00:25] "[36mGET /dashboard?__debugger__=yes&cmd=resource&f=debugger.js HTTP/1.1[0m" 304 -
2025-10-30 21:00:25,750 - INFO - 192.168.1.28 - - [30/Oct/2025 21:00:25] "[36mGET /dashboard?__debugger__=yes&cmd=resource&f=console.png HTTP/1.1[0m" 304 -
2025-10-30 21:00:26,512 - INFO - 192.168.1.28 - - [30/Oct/2025 21:00:26] "[35m[1mGET /dashboard HTTP/1.1[0m" 500 -
2025-10-30 21:00:26,551 - INFO - 192.168.1.28 - - [30/Oct/2025 21:00:26] "[36mGET /dashboard?__debugger__=yes&cmd=resource&f=style.css HTTP/1.1[0m" 304 -
2025-10-30 21:00:26,557 - INFO - 192.168.1.28 - - [30/Oct/2025 21:00:26] "[36mGET /dashboard?__debugger__=yes&cmd=resource&f=debugger.js HTTP/1.1[0m" 304 -
2025-10-30 21:00:26,594 - INFO - 192.168.1.28 - - [30/Oct/2025 21:00:26] "[36mGET /dashboard?__debugger__=yes&cmd=resource&f=console.png HTTP/1.1[0m" 304 -
2025-10-30 21:00:28,941 - INFO - 192.168.1.28 - - [30/Oct/2025 21:00:28] "[35m[1mGET /dashboard HTTP/1.1[0m" 500 -
2025-10-30 21:00:28,983 - INFO - 192.168.1.28 - - [30/Oct/2025 21:00:28] "[36mGET /dashboard?__debugger__=yes&cmd=resource&f=style.css HTTP/1.1[0m" 304 -
2025-10-30 21:00:28,996 - INFO - 192.168.1.28 - - [30/Oct/2025 21:00:28] "[36mGET /dashboard?__debugger__=yes&cmd=resource&f=debugger.js HTTP/1.1[0m" 304 -
2025-10-30 21:00:29,034 - INFO - 192.168.1.28 - - [30/Oct/2025 21:00:29] "[36mGET /dashboard?__debugger__=yes&cmd=resource&f=console.png HTTP/1.1[0m" 304 -
2025-10-30 21:00:29,152 - INFO - 192.168.1.28 - - [30/Oct/2025 21:00:29] "[35m[1mGET /dashboard HTTP/1.1[0m" 500 -
2025-10-30 21:00:29,191 - INFO - 192.168.1.28 - - [30/Oct/2025 21:00:29] "[36mGET /dashboard?__debugger__=yes&cmd=resource&f=style.css HTTP/1.1[0m" 304 -
2025-10-30 21:00:29,197 - INFO - 192.168.1.28 - - [30/Oct/2025 21:00:29] "[36mGET /dashboard?__debugger__=yes&cmd=resource&f=debugger.js HTTP/1.1[0m" 304 -
2025-10-30 21:00:29,809 - INFO - 192.168.1.28 - - [30/Oct/2025 21:00:29] "[35m[1mGET /dashboard HTTP/1.1[0m" 500 -
2025-10-30 21:00:29,855 - INFO - 192.168.1.28 - - [30/Oct/2025 21:00:29] "[36mGET /dashboard?__debugger__=yes&cmd=resource&f=style.css HTTP/1.1[0m" 304 -
2025-10-30 21:00:29,871 - INFO - 192.168.1.28 - - [30/Oct/2025 21:00:29] "[36mGET /dashboard?__debugger__=yes&cmd=resource&f=debugger.js HTTP/1.1[0m" 304 -
2025-10-30 21:00:29,909 - INFO - 192.168.1.28 - - [30/Oct/2025 21:00:29] "[36mGET /dashboard?__debugger__=yes&cmd=resource&f=console.png HTTP/1.1[0m" 304 -
2025-10-30 21:00:30,085 - INFO - 192.168.1.28 - - [30/Oct/2025 21:00:30] "[35m[1mGET /dashboard HTTP/1.1[0m" 500 -
2025-10-30 21:00:30,127 - INFO - 192.168.1.28 - - [30/Oct/2025 21:00:30] "[36mGET /dashboard?__debugger__=yes&cmd=resource&f=style.css HTTP/1.1[0m" 304 -
2025-10-30 21:00:30,135 - INFO - 192.168.1.28 - - [30/Oct/2025 21:00:30] "[36mGET /dashboard?__debugger__=yes&cmd=resource&f=debugger.js HTTP/1.1[0m" 304 -
2025-10-30 21:00:30,179 - INFO - 192.168.1.28 - - [30/Oct/2025 21:00:30] "[36mGET /dashboard?__debugger__=yes&cmd=resource&f=console.png HTTP/1.1[0m" 304 -
2025-10-30 21:00:52,947 - INFO - Admin logged in successfully.
2025-10-30 21:00:52,949 - INFO - 192.168.1.28 - - [30/Oct/2025 21:00:52] "[32mPOST /login HTTP/1.1[0m" 302 -
2025-10-30 21:00:53,104 - INFO - 192.168.1.28 - - [30/Oct/2025 21:00:53] "[35m[1mGET /dashboard HTTP/1.1[0m" 500 -
2025-10-30 21:00:53,183 - INFO - 192.168.1.28 - - [30/Oct/2025 21:00:53] "[36mGET /dashboard?__debugger__=yes&cmd=resource&f=style.css HTTP/1.1[0m" 304 -
2025-10-30 21:00:53,186 - INFO - 192.168.1.28 - - [30/Oct/2025 21:00:53] "[36mGET /dashboard?__debugger__=yes&cmd=resource&f=debugger.js HTTP/1.1[0m" 304 -
2025-10-30 21:00:55,937 - INFO - 192.168.1.28 - - [30/Oct/2025 21:00:55] "[35m[1mGET /dashboard HTTP/1.1[0m" 500 -
2025-10-30 21:00:55,985 - INFO - 192.168.1.28 - - [30/Oct/2025 21:00:55] "[36mGET /dashboard?__debugger__=yes&cmd=resource&f=style.css HTTP/1.1[0m" 304 -
2025-10-30 21:00:55,989 - INFO - 192.168.1.28 - - [30/Oct/2025 21:00:55] "[36mGET /dashboard?__debugger__=yes&cmd=resource&f=debugger.js HTTP/1.1[0m" 304 -
2025-10-30 21:00:56,022 - INFO - 192.168.1.28 - - [30/Oct/2025 21:00:56] "[36mGET /dashboard?__debugger__=yes&cmd=resource&f=console.png HTTP/1.1[0m" 304 -
2025-10-30 21:01:00,426 - INFO - Admin logged in successfully.
2025-10-30 21:01:00,427 - INFO - 192.168.1.28 - - [30/Oct/2025 21:01:00] "[32mPOST /login HTTP/1.1[0m" 302 -
2025-10-30 21:01:00,530 - INFO - 192.168.1.28 - - [30/Oct/2025 21:01:00] "[35m[1mGET /dashboard HTTP/1.1[0m" 500 -
2025-10-30 21:01:00,594 - INFO - 192.168.1.28 - - [30/Oct/2025 21:01:00] "[36mGET /dashboard?__debugger__=yes&cmd=resource&f=style.css HTTP/1.1[0m" 304 -
2025-10-30 21:01:00,596 - INFO - 192.168.1.28 - - [30/Oct/2025 21:01:00] "[36mGET /dashboard?__debugger__=yes&cmd=resource&f=debugger.js HTTP/1.1[0m" 304 -
2025-10-30 21:01:52,692 - INFO -  * Detected change in 'C:\\Users\\Abhishek\\Documents\\7th_Sem_Syllabus\\IDS_Project_Phase_2\\app\\dashboard.py', reloading
2025-10-30 21:01:52,873 [INFO]  * Restarting with stat
2025-10-30 21:01:54,386 - WARNING -  * Debugger is active!
2025-10-30 21:01:54,395 - INFO -  * Debugger PIN: 130-245-796
2025-10-30 21:02:00,037 - INFO -  * Detected change in 'C:\\Users\\Abhishek\\Documents\\7th_Sem_Syllabus\\IDS_Project_Phase_2\\app\\dashboard.py', reloading
2025-10-30 21:02:00,175 [INFO]  * Restarting with stat
2025-10-30 21:02:01,541 - WARNING -  * Debugger is active!
2025-10-30 21:02:01,550 - INFO -  * Debugger PIN: 130-245-796
2025-10-30 21:03:00,384 - INFO - [31m[1mWARNING: This is a development server. Do not use it in a production deployment. Use a production WSGI server instead.[0m
 * Running on all addresses (0.0.0.0)
 * Running on http://127.0.0.1:5000
 * Running on http://192.168.1.28:5000
2025-10-30 21:03:00,385 - INFO - [33mPress CTRL+C to quit[0m
2025-10-30 21:03:00,390 - INFO -  * Restarting with stat
2025-10-30 21:03:01,635 - WARNING -  * Debugger is active!
2025-10-30 21:03:01,643 - INFO -  * Debugger PIN: 130-245-796
2025-10-30 21:03:29,479 - INFO - 192.168.1.28 - - [30/Oct/2025 21:03:29] "[32mGET / HTTP/1.1[0m" 302 -
2025-10-30 21:03:29,711 - INFO - 192.168.1.28 - - [30/Oct/2025 21:03:29] "[35m[1mGET /dashboard HTTP/1.1[0m" 500 -
2025-10-30 21:03:30,055 - INFO - 192.168.1.28 - - [30/Oct/2025 21:03:30] "[36mGET /dashboard?__debugger__=yes&cmd=resource&f=style.css HTTP/1.1[0m" 304 -
2025-10-30 21:03:30,058 - INFO - 192.168.1.28 - - [30/Oct/2025 21:03:30] "[36mGET /dashboard?__debugger__=yes&cmd=resource&f=debugger.js HTTP/1.1[0m" 304 -
2025-10-30 21:12:38,986 - INFO -  * Detected change in 'C:\\Users\\Abhishek\\Documents\\7th_Sem_Syllabus\\IDS_Project_Phase_2\\app\\dashboard.py', reloading
2025-10-30 21:12:39,131 - INFO -  * Restarting with stat
2025-10-30 21:12:42,213 [INFO] === Flask Dashboard started ===
2025-10-30 21:12:42,214 [INFO] Loading model and scaler...
2025-10-30 21:12:45,992 [INFO] Model and scaler loaded successfully.
2025-10-30 21:12:46,030 [WARNING]  * Debugger is active!
2025-10-30 21:12:46,036 [INFO]  * Debugger PIN: 130-245-796
2025-10-30 21:13:15,500 [INFO] 192.168.1.28 - - [30/Oct/2025 21:13:15] "[33mGET /dashboard HTTP/1.1[0m" 404 -
2025-10-30 21:13:17,772 [INFO] 192.168.1.28 - - [30/Oct/2025 21:13:17] "[33mGET /dashboard HTTP/1.1[0m" 404 -
2025-10-30 21:13:19,612 [INFO] 192.168.1.28 - - [30/Oct/2025 21:13:19] "[32mGET /predict HTTP/1.1[0m" 302 -
2025-10-30 21:13:20,147 [INFO] 192.168.1.28 - - [30/Oct/2025 21:13:20] "[32mGET /blocked_ips HTTP/1.1[0m" 302 -
2025-10-30 21:13:22,366 [INFO] 192.168.1.28 - - [30/Oct/2025 21:13:22] "[33mGET /dashboard HTTP/1.1[0m" 404 -
2025-10-30 21:14:21,568 [INFO] 192.168.1.28 - - [30/Oct/2025 21:14:21] "[33mGET /dashboard HTTP/1.1[0m" 404 -
2025-10-30 21:14:22,150 [INFO] 192.168.1.28 - - [30/Oct/2025 21:14:22] "[33mGET /dashboard HTTP/1.1[0m" 404 -
2025-10-30 21:14:22,329 [INFO] 192.168.1.28 - - [30/Oct/2025 21:14:22] "[33mGET /dashboard HTTP/1.1[0m" 404 -
2025-10-30 21:14:22,518 [INFO] 192.168.1.28 - - [30/Oct/2025 21:14:22] "[33mGET /dashboard HTTP/1.1[0m" 404 -
2025-10-30 21:15:28,432 [INFO] === Flask Dashboard started ===
2025-10-30 21:15:28,433 [INFO] Loading model and scaler...
2025-10-30 21:15:30,900 [INFO] Model and scaler loaded successfully.
2025-10-30 21:15:30,987 [INFO] [31m[1mWARNING: This is a development server. Do not use it in a production deployment. Use a production WSGI server instead.[0m
 * Running on all addresses (0.0.0.0)
 * Running on http://127.0.0.1:5000
 * Running on http://192.168.1.28:5000
2025-10-30 21:15:30,987 [INFO] [33mPress CTRL+C to quit[0m
2025-10-30 21:15:30,991 [INFO]  * Restarting with stat
2025-10-30 21:15:33,239 [INFO] === Flask Dashboard started ===
2025-10-30 21:15:33,240 [INFO] Loading model and scaler...
2025-10-30 21:15:35,598 [INFO] Model and scaler loaded successfully.
2025-10-30 21:15:35,640 [WARNING]  * Debugger is active!
2025-10-30 21:15:35,646 [INFO]  * Debugger PIN: 130-245-796
2025-10-30 21:15:39,197 [INFO] 192.168.1.28 - - [30/Oct/2025 21:15:39] "GET / HTTP/1.1" 200 -
2025-10-30 21:15:39,666 [INFO] 192.168.1.28 - - [30/Oct/2025 21:15:39] "GET /static/style.css HTTP/1.1" 200 -
2025-10-30 21:15:39,848 [INFO] 192.168.1.28 - - [30/Oct/2025 21:15:39] "[33mGET /favicon.ico HTTP/1.1[0m" 404 -
2025-10-30 21:15:48,196 [INFO] 192.168.1.28 - - [30/Oct/2025 21:15:48] "[32mPOST /login HTTP/1.1[0m" 302 -
2025-10-30 21:15:48,609 [DEBUG] matplotlib data path: C:\Users\Abhishek\AppData\Roaming\Python\Python313\site-packages\matplotlib\mpl-data
2025-10-30 21:15:48,624 [DEBUG] CONFIGDIR=C:\Users\Abhishek\.matplotlib
2025-10-30 21:15:48,629 [DEBUG] interactive is False
2025-10-30 21:15:48,630 [DEBUG] platform is win32
2025-10-30 21:15:48,807 [DEBUG] CACHEDIR=C:\Users\Abhishek\.matplotlib
2025-10-30 21:15:48,815 [DEBUG] Using fontManager instance from C:\Users\Abhishek\.matplotlib\fontlist-v390.json
2025-10-30 21:15:49,382 [DEBUG] Loaded backend Agg version v2.2.
2025-10-30 21:15:49,389 [DEBUG] findfont: Matching sans\-serif:style=normal:variant=normal:weight=normal:stretch=normal:size=10.0.
2025-10-30 21:15:49,390 [DEBUG] findfont: score(FontEntry(fname='C:\\Users\\Abhishek\\AppData\\Roaming\\Python\\Python313\\site-packages\\matplotlib\\mpl-data\\fonts\\ttf\\cmr10.ttf', name='cmr10', style='normal', variant='normal', weight=400, stretch='normal', size='scalable')) = 10.05
2025-10-30 21:15:49,391 [DEBUG] findfont: score(FontEntry(fname='C:\\Users\\Abhishek\\AppData\\Roaming\\Python\\Python313\\site-packages\\matplotlib\\mpl-data\\fonts\\ttf\\DejaVuSansMono-Bold.ttf', name='DejaVu Sans Mono', style='normal', variant='normal', weight=700, stretch='normal', size='scalable')) = 10.335
2025-10-30 21:15:49,392 [DEBUG] findfont: score(FontEntry(fname='C:\\Users\\Abhishek\\AppData\\Roaming\\Python\\Python313\\site-packages\\matplotlib\\mpl-data\\fonts\\ttf\\STIXGeneralBol.ttf', name='STIXGeneral', style='normal', variant='normal', weight=700, stretch='normal', size='scalable')) = 10.335
2025-10-30 21:15:49,393 [DEBUG] findfont: score(FontEntry(fname='C:\\Users\\Abhishek\\AppData\\Roaming\\Python\\Python313\\site-packages\\matplotlib\\mpl-data\\fonts\\ttf\\cmb10.ttf', name='cmb10', style='normal', variant='normal', weight=400, stretch='normal', size='scalable')) = 10.05
2025-10-30 21:15:49,393 [DEBUG] findfont: score(FontEntry(fname='C:\\Users\\Abhishek\\AppData\\Roaming\\Python\\Python313\\site-packages\\matplotlib\\mpl-data\\fonts\\ttf\\cmss10.ttf', name='cmss10', style='normal', variant='normal', weight=400, stretch='normal', size='scalable')) = 10.05
2025-10-30 21:15:49,394 [DEBUG] findfont: score(FontEntry(fname='C:\\Users\\Abhishek\\AppData\\Roaming\\Python\\Python313\\site-packages\\matplotlib\\mpl-data\\fonts\\ttf\\DejaVuSans.ttf', name='DejaVu Sans', style='normal', variant='normal', weight=400, stretch='normal', size='scalable')) = 0.05
2025-10-30 21:15:49,395 [DEBUG] findfont: score(FontEntry(fname='C:\\Users\\Abhishek\\AppData\\Roaming\\Python\\Python313\\site-packages\\matplotlib\\mpl-data\\fonts\\ttf\\STIXSizFourSymBol.ttf', name='STIXSizeFourSym', style='normal', variant='normal', weight=700, stretch='normal', size='scalable')) = 10.335
2025-10-30 21:15:49,395 [DEBUG] findfont: score(FontEntry(fname='C:\\Users\\Abhishek\\AppData\\Roaming\\Python\\Python313\\site-packages\\matplotlib\\mpl-data\\fonts\\ttf\\STIXGeneralItalic.ttf', name='STIXGeneral', style='italic', variant='normal', weight=400, stretch='normal', size='scalable')) = 11.05
2025-10-30 21:15:49,396 [DEBUG] findfont: score(FontEntry(fname='C:\\Users\\Abhishek\\AppData\\Roaming\\Python\\Python313\\site-packages\\matplotlib\\mpl-data\\fonts\\ttf\\DejaVuSans-BoldOblique.ttf', name='DejaVu Sans', style='oblique', variant='normal', weight=700, stretch='normal', size='scalable')) = 1.335
2025-10-30 21:15:49,397 [DEBUG] findfont: score(FontEntry(fname='C:\\Users\\Abhishek\\AppData\\Roaming\\Python\\Python313\\site-packages\\matplotlib\\mpl-data\\fonts\\ttf\\DejaVuSans-Bold.ttf', name='DejaVu Sans', style='normal', variant='normal', weight=700, stretch='normal', size='scalable')) = 0.33499999999999996
2025-10-30 21:15:49,397 [DEBUG] findfont: score(FontEntry(fname='C:\\Users\\Abhishek\\AppData\\Roaming\\Python\\Python313\\site-packages\\matplotlib\\mpl-data\\fonts\\ttf\\STIXNonUni.ttf', name='STIXNonUnicode', style='normal', variant='normal', weight=400, stretch='normal', size='scalable')) = 10.05
2025-10-30 21:15:49,398 [DEBUG] findfont: score(FontEntry(fname='C:\\Users\\Abhishek\\AppData\\Roaming\\Python\\Python313\\site-packages\\matplotlib\\mpl-data\\fonts\\ttf\\DejaVuSansMono.ttf', name='DejaVu Sans Mono', style='normal', variant='normal', weight=400, stretch='normal', size='scalable')) = 10.05
2025-10-30 21:15:49,399 [DEBUG] findfont: score(FontEntry(fname='C:\\Users\\Abhishek\\AppData\\Roaming\\Python\\Python313\\site-packages\\matplotlib\\mpl-data\\fonts\\ttf\\STIXSizOneSymBol.ttf', name='STIXSizeOneSym', style='normal', variant='normal', weight=700, stretch='normal', size='scalable')) = 10.335
2025-10-30 21:15:49,399 [DEBUG] findfont: score(FontEntry(fname='C:\\Users\\Abhishek\\AppData\\Roaming\\Python\\Python313\\site-packages\\matplotlib\\mpl-data\\fonts\\ttf\\DejaVuSerif-Italic.ttf', name='DejaVu Serif', style='italic', variant='normal', weight=400, stretch='normal', size='scalable')) = 11.05
2025-10-30 21:15:49,401 [DEBUG] findfont: score(FontEntry(fname='C:\\Users\\Abhishek\\AppData\\Roaming\\Python\\Python313\\site-packages\\matplotlib\\mpl-data\\fonts\\ttf\\STIXNonUniBol.ttf', name='STIXNonUnicode', style='normal', variant='normal', weight=700, stretch='normal', size='scalable')) = 10.335
2025-10-30 21:15:49,401 [DEBUG] findfont: score(FontEntry(fname='C:\\Users\\Abhishek\\AppData\\Roaming\\Python\\Python313\\site-packages\\matplotlib\\mpl-data\\fonts\\ttf\\STIXSizFiveSymReg.ttf', name='STIXSizeFiveSym', style='normal', variant='normal', weight=400, stretch='normal', size='scalable')) = 10.05
2025-10-30 21:15:49,402 [DEBUG] findfont: score(FontEntry(fname='C:\\Users\\Abhishek\\AppData\\Roaming\\Python\\Python313\\site-packages\\matplotlib\\mpl-data\\fonts\\ttf\\DejaVuSerifDisplay.ttf', name='DejaVu Serif Display', style='normal', variant='normal', weight=400, stretch='normal', size='scalable')) = 10.05
2025-10-30 21:15:49,403 [DEBUG] findfont: score(FontEntry(fname='C:\\Users\\Abhishek\\AppData\\Roaming\\Python\\Python313\\site-packages\\matplotlib\\mpl-data\\fonts\\ttf\\STIXSizFourSymReg.ttf', name='STIXSizeFourSym', style='normal', variant='normal', weight=400, stretch='normal', size='scalable')) = 10.05
2025-10-30 21:15:49,403 [DEBUG] findfont: score(FontEntry(fname='C:\\Users\\Abhishek\\AppData\\Roaming\\Python\\Python313\\site-packages\\matplotlib\\mpl-data\\fonts\\ttf\\DejaVuSansMono-BoldOblique.ttf', name='DejaVu Sans Mono', style='oblique', variant='normal', weight=700, stretch='normal', size='scalable')) = 11.335
2025-10-30 21:15:49,406 [DEBUG] findfont: score(FontEntry(fname='C:\\Users\\Abhishek\\AppData\\Roaming\\Python\\Python313\\site-packages\\matplotlib\\mpl-data\\fonts\\ttf\\DejaVuSans-Oblique.ttf', name='DejaVu Sans', style='oblique', variant='normal', weight=400, stretch='normal', size='scalable')) = 1.05
2025-10-30 21:15:49,407 [DEBUG] findfont: score(FontEntry(fname='C:\\Users\\Abhishek\\AppData\\Roaming\\Python\\Python313\\site-packages\\matplotlib\\mpl-data\\fonts\\ttf\\STIXGeneralBolIta.ttf', name='STIXGeneral', style='italic', variant='normal', weight=700, stretch='normal', size='scalable')) = 11.335
2025-10-30 21:15:49,407 [DEBUG] findfont: score(FontEntry(fname='C:\\Users\\Abhishek\\AppData\\Roaming\\Python\\Python313\\site-packages\\matplotlib\\mpl-data\\fonts\\ttf\\DejaVuSerif.ttf', name='DejaVu Serif', style='normal', variant='normal', weight=400, stretch='normal', size='scalable')) = 10.05
2025-10-30 21:15:49,408 [DEBUG] findfont: score(FontEntry(fname='C:\\Users\\Abhishek\\AppData\\Roaming\\Python\\Python313\\site-packages\\matplotlib\\mpl-data\\fonts\\ttf\\cmsy10.ttf', name='cmsy10', style='normal', variant='normal', weight=400, stretch='normal', size='scalable')) = 10.05
2025-10-30 21:15:49,409 [DEBUG] findfont: score(FontEntry(fname='C:\\Users\\Abhishek\\AppData\\Roaming\\Python\\Python313\\site-packages\\matplotlib\\mpl-data\\fonts\\ttf\\STIXNonUniIta.ttf', name='STIXNonUnicode', style='italic', variant='normal', weight=400, stretch='normal', size='scalable')) = 11.05
2025-10-30 21:15:49,410 [DEBUG] findfont: score(FontEntry(fname='C:\\Users\\Abhishek\\AppData\\Roaming\\Python\\Python313\\site-packages\\matplotlib\\mpl-data\\fonts\\ttf\\STIXSizTwoSymReg.ttf', name='STIXSizeTwoSym', style='normal', variant='normal', weight=400, stretch='normal', size='scalable')) = 10.05
2025-10-30 21:15:49,411 [DEBUG] findfont: score(FontEntry(fname='C:\\Users\\Abhishek\\AppData\\Roaming\\Python\\Python313\\site-packages\\matplotlib\\mpl-data\\fonts\\ttf\\cmmi10.ttf', name='cmmi10', style='normal', variant='normal', weight=400, stretch='normal', size='scalable')) = 10.05
2025-10-30 21:15:49,411 [DEBUG] findfont: score(FontEntry(fname='C:\\Users\\Abhishek\\AppData\\Roaming\\Python\\Python313\\site-packages\\matplotlib\\mpl-data\\fonts\\ttf\\DejaVuSerif-Bold.ttf', name='DejaVu Serif', style='normal', variant='normal', weight=700, stretch='normal', size='scalable')) = 10.335
2025-10-30 21:15:49,412 [DEBUG] findfont: score(FontEntry(fname='C:\\Users\\Abhishek\\AppData\\Roaming\\Python\\Python313\\site-packages\\matplotlib\\mpl-data\\fonts\\ttf\\DejaVuSansDisplay.ttf', name='DejaVu Sans Display', style='normal', variant='normal', weight=400, stretch='normal', size='scalable')) = 10.05
2025-10-30 21:15:49,412 [DEBUG] findfont: score(FontEntry(fname='C:\\Users\\Abhishek\\AppData\\Roaming\\Python\\Python313\\site-packages\\matplotlib\\mpl-data\\fonts\\ttf\\DejaVuSansMono-Oblique.ttf', name='DejaVu Sans Mono', style='oblique', variant='normal', weight=400, stretch='normal', size='scalable')) = 11.05
2025-10-30 21:15:49,413 [DEBUG] findfont: score(FontEntry(fname='C:\\Users\\Abhishek\\AppData\\Roaming\\Python\\Python313\\site-packages\\matplotlib\\mpl-data\\fonts\\ttf\\STIXSizThreeSymBol.ttf', name='STIXSizeThreeSym', style='normal', variant='normal', weight=700, stretch='normal', size='scalable')) = 10.335
2025-10-30 21:15:49,414 [DEBUG] findfont: score(FontEntry(fname='C:\\Users\\Abhishek\\AppData\\Roaming\\Python\\Python313\\site-packages\\matplotlib\\mpl-data\\fonts\\ttf\\STIXSizThreeSymReg.ttf', name='STIXSizeThreeSym', style='normal', variant='normal', weight=400, stretch='normal', size='scalable')) = 10.05
2025-10-30 21:15:49,415 [DEBUG] findfont: score(FontEntry(fname='C:\\Users\\Abhishek\\AppData\\Roaming\\Python\\Python313\\site-packages\\matplotlib\\mpl-data\\fonts\\ttf\\cmex10.ttf', name='cmex10', style='normal', variant='normal', weight=400, stretch='normal', size='scalable')) = 10.05
2025-10-30 21:15:49,416 [DEBUG] findfont: score(FontEntry(fname='C:\\Users\\Abhishek\\AppData\\Roaming\\Python\\Python313\\site-packages\\matplotlib\\mpl-data\\fonts\\ttf\\cmtt10.ttf', name='cmtt10', style='normal', variant='normal', weight=400, stretch='normal', size='scalable')) = 10.05
2025-10-30 21:15:49,417 [DEBUG] findfont: score(FontEntry(fname='C:\\Users\\Abhishek\\AppData\\Roaming\\Python\\Python313\\site-packages\\matplotlib\\mpl-data\\fonts\\ttf\\STIXSizTwoSymBol.ttf', name='STIXSizeTwoSym', style='normal', variant='normal', weight=700, stretch='normal', size='scalable')) = 10.335
2025-10-30 21:15:49,418 [DEBUG] findfont: score(FontEntry(fname='C:\\Users\\Abhishek\\AppData\\Roaming\\Python\\Python313\\site-packages\\matplotlib\\mpl-data\\fonts\\ttf\\STIXGeneral.ttf', name='STIXGeneral', style='normal', variant='normal', weight=400, stretch='normal', size='scalable')) = 10.05
2025-10-30 21:15:49,419 [DEBUG] findfont: score(FontEntry(fname='C:\\Users\\Abhishek\\AppData\\Roaming\\Python\\Python313\\site-packages\\matplotlib\\mpl-data\\fonts\\ttf\\DejaVuSerif-BoldItalic.ttf', name='DejaVu Serif', style='italic', variant='normal', weight=700, stretch='normal', size='scalable')) = 11.335
2025-10-30 21:15:49,420 [DEBUG] findfont: score(FontEntry(fname='C:\\Users\\Abhishek\\AppData\\Roaming\\Python\\Python313\\site-packages\\matplotlib\\mpl-data\\fonts\\ttf\\STIXNonUniBolIta.ttf', name='STIXNonUnicode', style='italic', variant='normal', weight=700, stretch='normal', size='scalable')) = 11.335
2025-10-30 21:15:49,421 [DEBUG] findfont: score(FontEntry(fname='C:\\Users\\Abhishek\\AppData\\Roaming\\Python\\Python313\\site-packages\\matplotlib\\mpl-data\\fonts\\ttf\\STIXSizOneSymReg.ttf', name='STIXSizeOneSym', style='normal', variant='normal', weight=400, stretch='normal', size='scalable')) = 10.05
2025-10-30 21:15:49,421 [DEBUG] findfont: score(FontEntry(fname='C:\\Windows\\Fonts\\GOTHICBI.TTF', name='Century Gothic', style='italic', variant='normal', weight=700, stretch='normal', size='scalable')) = 11.335
2025-10-30 21:15:49,422 [DEBUG] findfont: score(FontEntry(fname='C:\\Windows\\Fonts\\seguiemj.ttf', name='Segoe UI Emoji', style='normal', variant='normal', weight=400, stretch='normal', size='scalable')) = 10.05
2025-10-30 21:15:49,423 [DEBUG] findfont: score(FontEntry(fname='C:\\Windows\\Fonts\\FRABK.TTF', name='Franklin Gothic Book', style='normal', variant='normal', weight=400, stretch='normal', size='scalable')) = 10.05
2025-10-30 21:15:49,423 [DEBUG] findfont: score(FontEntry(fname='C:\\Windows\\Fonts\\georgiai.ttf', name='Georgia', style='italic', variant='normal', weight=400, stretch='normal', size='scalable')) = 11.05
2025-10-30 21:15:49,424 [DEBUG] findfont: score(FontEntry(fname='C:\\Windows\\Fonts\\SNAP____.TTF', name='Snap ITC', style='normal', variant='normal', weight=400, stretch='normal', size='scalable')) = 10.05
2025-10-30 21:15:49,425 [DEBUG] findfont: score(FontEntry(fname='C:\\Windows\\Fonts\\segoepr.ttf', name='Segoe Print', style='normal', variant='normal', weight=400, stretch='normal', size='scalable')) = 10.05
2025-10-30 21:15:49,425 [DEBUG] findfont: score(FontEntry(fname='C:\\Windows\\Fonts\\seguisb.ttf', name='Segoe UI', style='normal', variant='normal', weight=600, stretch='normal', size='scalable')) = 10.24
2025-10-30 21:15:49,426 [DEBUG] findfont: score(FontEntry(fname='C:\\Windows\\Fonts\\FELIXTI.TTF', name='Felix Titling', style='normal', variant='normal', weight=400, stretch='normal', size='scalable')) = 10.05
2025-10-30 21:15:49,426 [DEBUG] findfont: score(FontEntry(fname='C:\\Windows\\Fonts\\GARA.TTF', name='Garamond', style='normal', variant='normal', weight=400, stretch='normal', size='scalable')) = 10.05
2025-10-30 21:15:49,427 [DEBUG] findfont: score(FontEntry(fname='C:\\Windows\\Fonts\\ariblk.ttf', name='Arial', style='normal', variant='normal', weight=900, stretch='normal', size='scalable')) = 6.888636363636364
2025-10-30 21:15:49,428 [DEBUG] findfont: score(FontEntry(fname='C:\\Windows\\Fonts\\Gabriola.ttf', name='Gabriola', style='normal', variant='normal', weight=400, stretch='normal', size='scalable')) = 10.05
2025-10-30 21:15:49,429 [DEBUG] findfont: score(FontEntry(fname='C:\\Windows\\Fonts\\ARIALN.TTF', name='Arial', style='normal', variant='normal', weight=400, stretch='condensed', size='scalable')) = 6.613636363636363
2025-10-30 21:15:49,430 [DEBUG] findfont: score(FontEntry(fname='C:\\Windows\\Fonts\\TCCM____.TTF', name='Tw Cen MT Condensed', style='normal', variant='normal', weight=400, stretch='condensed', size='scalable')) = 10.25
2025-10-30 21:15:49,431 [DEBUG] findfont: score(FontEntry(fname='C:\\Windows\\Fonts\\LATINWD.TTF', name='Wide Latin', style='normal', variant='normal', weight=400, stretch='expanded', size='scalable')) = 10.25
2025-10-30 21:15:49,431 [DEBUG] findfont: score(FontEntry(fname='C:\\Windows\\Fonts\\LTYPE.TTF', name='Lucida Sans Typewriter', style='normal', variant='normal', weight=400, stretch='normal', size='scalable')) = 10.05
2025-10-30 21:15:49,432 [DEBUG] findfont: score(FontEntry(fname='C:\\Windows\\Fonts\\BSSYM7.TTF', name='Bookshelf Symbol 7', style='normal', variant='normal', weight=400, stretch='normal', size='scalable')) = 10.05
2025-10-30 21:15:49,433 [DEBUG] findfont: score(FontEntry(fname='C:\\Windows\\Fonts\\GIL_____.TTF', name='Gill Sans MT', style='normal', variant='normal', weight=400, stretch='normal', size='scalable')) = 10.05
2025-10-30 21:15:49,434 [DEBUG] findfont: score(FontEntry(fname='C:\\Windows\\Fonts\\pala.ttf', name='Palatino Linotype', style='normal', variant='normal', weight=400, stretch='normal', size='scalable')) = 10.05
2025-10-30 21:15:49,435 [DEBUG] findfont: score(FontEntry(fname='C:\\Windows\\Fonts\\GARAIT.TTF', name='Garamond', style='italic', variant='normal', weight=400, stretch='normal', size='scalable')) = 11.05
2025-10-30 21:15:49,435 [DEBUG] findfont: score(FontEntry(fname='C:\\Windows\\Fonts\\CURLZ___.TTF', name='Curlz MT', style='normal', variant='normal', weight=400, stretch='normal', size='scalable')) = 10.05
2025-10-30 21:15:49,436 [DEBUG] findfont: score(FontEntry(fname='C:\\Windows\\Fonts\\corbelli.ttf', name='Corbel', style='italic', variant='normal', weight=300, stretch='normal', size='scalable')) = 11.145
2025-10-30 21:15:49,437 [DEBUG] findfont: score(FontEntry(fname='C:\\Windows\\Fonts\\COOPBL.TTF', name='Cooper Black', style='normal', variant='normal', weight=400, stretch='normal', size='scalable')) = 10.05
2025-10-30 21:15:49,438 [DEBUG] findfont: score(FontEntry(fname='C:\\Windows\\Fonts\\ARLRDBD.TTF', name='Arial Rounded MT Bold', style='normal', variant='normal', weight=400, stretch='normal', size='scalable')) = 10.05
2025-10-30 21:15:49,439 [DEBUG] findfont: score(FontEntry(fname='C:\\Windows\\Fonts\\trebuc.ttf', name='Trebuchet MS', style='normal', variant='normal', weight=400, stretch='normal', size='scalable')) = 10.05
2025-10-30 21:15:49,439 [DEBUG] findfont: score(FontEntry(fname='C:\\Windows\\Fonts\\LFAXD.TTF', name='Lucida Fax', style='normal', variant='normal', weight=600, stretch='normal', size='scalable')) = 10.24
2025-10-30 21:15:49,440 [DEBUG] findfont: score(FontEntry(fname='C:\\Windows\\Fonts\\courbi.ttf', name='Courier New', style='italic', variant='normal', weight=700, stretch='normal', size='scalable')) = 11.335
2025-10-30 21:15:49,441 [DEBUG] findfont: score(FontEntry(fname='C:\\Windows\\Fonts\\CALISTBI.TTF', name='Calisto MT', style='italic', variant='normal', weight=700, stretch='normal', size='scalable')) = 11.335
2025-10-30 21:15:49,441 [DEBUG] findfont: score(FontEntry(fname='C:\\Windows\\Fonts\\segoeuisl.ttf', name='Segoe UI', style='normal', variant='normal', weight=350, stretch='normal', size='scalable')) = 10.0975
2025-10-30 21:15:49,442 [DEBUG] findfont: score(FontEntry(fname='C:\\Windows\\Fonts\\couri.ttf', name='Courier New', style='italic', variant='normal', weight=400, stretch='normal', size='scalable')) = 11.05
2025-10-30 21:15:49,442 [DEBUG] findfont: score(FontEntry(fname='C:\\Windows\\Fonts\\SCRIPTBL.TTF', name='Script MT Bold', style='normal', variant='normal', weight=700, stretch='normal', size='scalable')) = 10.335
2025-10-30 21:15:49,443 [DEBUG] findfont: score(FontEntry(fname='C:\\Windows\\Fonts\\ELEPHNTI.TTF', name='Elephant', style='italic', variant='normal', weight=400, stretch='normal', size='scalable')) = 11.05
2025-10-30 21:15:49,445 [DEBUG] findfont: score(FontEntry(fname='C:\\Windows\\Fonts\\LSANS.TTF', name='Lucida Sans', style='normal', variant='normal', weight=400, stretch='normal', size='scalable')) = 10.05
2025-10-30 21:15:49,446 [DEBUG] findfont: score(FontEntry(fname='C:\\Windows\\Fonts\\RAVIE.TTF', name='Ravie', style='normal', variant='normal', weight=400, stretch='normal', size='scalable')) = 10.05
2025-10-30 21:15:49,446 [DEBUG] findfont: score(FontEntry(fname='C:\\Windows\\Fonts\\LTYPEO.TTF', name='Lucida Sans Typewriter', style='oblique', variant='normal', weight=400, stretch='normal', size='scalable')) = 11.05
2025-10-30 21:15:49,447 [DEBUG] findfont: score(FontEntry(fname='C:\\Windows\\Fonts\\framd.ttf', name='Franklin Gothic Medium', style='normal', variant='normal', weight=400, stretch='normal', size='scalable')) = 10.05
2025-10-30 21:15:49,448 [DEBUG] findfont: score(FontEntry(fname='C:\\Windows\\Fonts\\mmrtext.ttf', name='Myanmar Text', style='normal', variant='normal', weight=400, stretch='normal', size='scalable')) = 10.05
2025-10-30 21:15:49,448 [DEBUG] findfont: score(FontEntry(fname='C:\\Windows\\Fonts\\ENGR.TTF', name='Engravers MT', style='normal', variant='normal', weight=500, stretch='normal', size='scalable')) = 10.145
2025-10-30 21:15:49,449 [DEBUG] findfont: score(FontEntry(fname='C:\\Windows\\Fonts\\FREESCPT.TTF', name='Freestyle Script', style='normal', variant='normal', weight=400, stretch='normal', size='scalable')) = 10.05
2025-10-30 21:15:49,450 [DEBUG] findfont: score(FontEntry(fname='C:\\Windows\\Fonts\\BOD_B.TTF', name='Bodoni MT', style='normal', variant='normal', weight=700, stretch='normal', size='scalable')) = 10.335
2025-10-30 21:15:49,451 [DEBUG] findfont: score(FontEntry(fname='C:\\Windows\\Fonts\\segoeprb.ttf', name='Segoe Print', style='normal', variant='normal', weight=700, stretch='normal', size='scalable')) = 10.335
2025-10-30 21:15:49,452 [DEBUG] findfont: score(FontEntry(fname='C:\\Windows\\Fonts\\GOTHIC.TTF', name='Century Gothic', style='normal', variant='normal', weight=400, stretch='normal', size='scalable')) = 10.05
2025-10-30 21:15:49,453 [DEBUG] findfont: score(FontEntry(fname='C:\\Windows\\Fonts\\consola.ttf', name='Consolas', style='normal', variant='normal', weight=400, stretch='normal', size='scalable')) = 10.05
2025-10-30 21:15:49,454 [DEBUG] findfont: score(FontEntry(fname='C:\\Windows\\Fonts\\constani.ttf', name='Constantia', style='italic', variant='normal', weight=400, stretch='normal', size='scalable')) = 11.05
2025-10-30 21:15:49,455 [DEBUG] findfont: score(FontEntry(fname='C:\\Windows\\Fonts\\MOD20.TTF', name='Modern No. 20', style='normal', variant='normal', weight=400, stretch='normal', size='scalable')) = 10.05
2025-10-30 21:15:49,455 [DEBUG] findfont: score(FontEntry(fname='C:\\Windows\\Fonts\\BELLI.TTF', name='Bell MT', style='italic', variant='normal', weight=400, stretch='normal', size='scalable')) = 11.05
2025-10-30 21:15:49,456 [DEBUG] findfont: score(FontEntry(fname='C:\\Windows\\Fonts\\ARIALNB.TTF', name='Arial', style='normal', variant='normal', weight=700, stretch='condensed', size='scalable')) = 6.8986363636363635
2025-10-30 21:15:49,457 [DEBUG] findfont: score(FontEntry(fname='C:\\Windows\\Fonts\\LSANSD.TTF', name='Lucida Sans', style='normal', variant='normal', weight=600, stretch='normal', size='scalable')) = 10.24
2025-10-30 21:15:49,458 [DEBUG] findfont: score(FontEntry(fname='C:\\Windows\\Fonts\\COPRGTB.TTF', name='Copperplate Gothic Bold', style='normal', variant='normal', weight=400, stretch='normal', size='scalable')) = 10.05
2025-10-30 21:15:49,458 [DEBUG] findfont: score(FontEntry(fname='C:\\Windows\\Fonts\\ariali.ttf', name='Arial', style='italic', variant='normal', weight=400, stretch='normal', size='scalable')) = 7.413636363636363
2025-10-30 21:15:49,459 [DEBUG] findfont: score(FontEntry(fname='C:\\Windows\\Fonts\\ERASLGHT.TTF', name='Eras Light ITC', style='normal', variant='normal', weight=400, stretch='normal', size='scalable')) = 10.05
2025-10-30 21:15:49,459 [DEBUG] findfont: score(FontEntry(fname='C:\\Windows\\Fonts\\REFSPCL.TTF', name='MS Reference Specialty', style='normal', variant='normal', weight=400, stretch='normal', size='scalable')) = 10.05
2025-10-30 21:15:49,460 [DEBUG] findfont: score(FontEntry(fname='C:\\Windows\\Fonts\\WINGDNG3.TTF', name='Wingdings 3', style='normal', variant='normal', weight=400, stretch='normal', size='scalable')) = 10.05
2025-10-30 21:15:49,461 [DEBUG] findfont: score(FontEntry(fname='C:\\Windows\\Fonts\\GOUDYSTO.TTF', name='Goudy Stout', style='normal', variant='normal', weight=400, stretch='normal', size='scalable')) = 10.05
2025-10-30 21:15:49,463 [DEBUG] findfont: score(FontEntry(fname='C:\\Windows\\Fonts\\LFAXI.TTF', name='Lucida Fax', style='italic', variant='normal', weight=400, stretch='normal', size='scalable')) = 11.05
2025-10-30 21:15:49,463 [DEBUG] findfont: score(FontEntry(fname='C:\\Windows\\Fonts\\LeelUIsl.ttf', name='Leelawadee UI', style='normal', variant='normal', weight=350, stretch='normal', size='scalable')) = 10.0975
2025-10-30 21:15:49,464 [DEBUG] findfont: score(FontEntry(fname='C:\\Windows\\Fonts\\GOTHICI.TTF', name='Century Gothic', style='italic', variant='normal', weight=400, stretch='normal', size='scalable')) = 11.05
2025-10-30 21:15:49,465 [DEBUG] findfont: score(FontEntry(fname='C:\\Windows\\Fonts\\hpsimplifiedjpan-light.ttf', name='HP Simplified Jpan', style='normal', variant='normal', weight=300, stretch='normal', size='scalable')) = 10.145
2025-10-30 21:15:49,465 [DEBUG] findfont: score(FontEntry(fname='C:\\Windows\\Fonts\\PALSCRI.TTF', name='Palace Script MT', style='normal', variant='normal', weight=400, stretch='normal', size='scalable')) = 10.05
2025-10-30 21:15:49,466 [DEBUG] findfont: score(FontEntry(fname='C:\\Windows\\Fonts\\VINERITC.TTF', name='Viner Hand ITC', style='normal', variant='normal', weight=400, stretch='normal', size='scalable')) = 10.05
2025-10-30 21:15:49,467 [DEBUG] findfont: score(FontEntry(fname='C:\\Windows\\Fonts\\simsunb.ttf', name='SimSun-ExtB', style='normal', variant='normal', weight=400, stretch='normal', size='scalable')) = 10.05
2025-10-30 21:15:49,468 [DEBUG] findfont: score(FontEntry(fname='C:\\Windows\\Fonts\\webdings.ttf', name='Webdings', style='normal', variant='normal', weight=400, stretch='normal', size='scalable')) = 10.05
2025-10-30 21:15:49,469 [DEBUG] findfont: score(FontEntry(fname='C:\\Windows\\Fonts\\HPSimplified_Rg.ttf', name='HP Simplified', style='normal', variant='normal', weight=400, stretch='normal', size='scalable')) = 10.05
2025-10-30 21:15:49,469 [DEBUG] findfont: score(FontEntry(fname='C:\\Windows\\Fonts\\segoeuii.ttf', name='Segoe UI', style='italic', variant='normal', weight=400, stretch='normal', size='scalable')) = 11.05
2025-10-30 21:15:49,470 [DEBUG] findfont: score(FontEntry(fname='C:\\Windows\\Fonts\\calibriz.ttf', name='Calibri', style='italic', variant='normal', weight=700, stretch='normal', size='scalable')) = 11.335
2025-10-30 21:15:49,470 [DEBUG] findfont: score(FontEntry(fname='C:\\Windows\\Fonts\\BERNHC.TTF', name='Bernard MT Condensed', style='normal', variant='normal', weight=400, stretch='condensed', size='scalable')) = 10.25
2025-10-30 21:15:49,471 [DEBUG] findfont: score(FontEntry(fname='C:\\Windows\\Fonts\\LBRITED.TTF', name='Lucida Bright', style='normal', variant='normal', weight=600, stretch='normal', size='scalable')) = 10.24
2025-10-30 21:15:49,472 [DEBUG] findfont: score(FontEntry(fname='C:\\Windows\\Fonts\\calibril.ttf', name='Calibri', style='normal', variant='normal', weight=300, stretch='normal', size='scalable')) = 10.145
2025-10-30 21:15:49,472 [DEBUG] findfont: score(FontEntry(fname='C:\\Windows\\Fonts\\MTEXTRA.TTF', name='MT Extra', style='normal', variant='normal', weight=400, stretch='normal', size='scalable')) = 10.05
2025-10-30 21:15:49,473 [DEBUG] findfont: score(FontEntry(fname='C:\\Windows\\Fonts\\LBRITEI.TTF', name='Lucida Bright', style='italic', variant='normal', weight=400, stretch='normal', size='scalable')) = 11.05
2025-10-30 21:15:49,473 [DEBUG] findfont: score(FontEntry(fname='C:\\Windows\\Fonts\\Nirmala.ttc', name='Nirmala UI', style='normal', variant='normal', weight=400, stretch='normal', size='scalable')) = 10.05
2025-10-30 21:15:49,474 [DEBUG] findfont: score(FontEntry(fname='C:\\Windows\\Fonts\\cambriai.ttf', name='Cambria', style='italic', variant='normal', weight=400, stretch='normal', size='scalable')) = 11.05
2025-10-30 21:15:49,475 [DEBUG] findfont: score(FontEntry(fname='C:\\Windows\\Fonts\\PRISTINA.TTF', name='Pristina', style='normal', variant='normal', weight=400, stretch='normal', size='scalable')) = 10.05
2025-10-30 21:15:49,476 [DEBUG] findfont: score(FontEntry(fname='C:\\Windows\\Fonts\\SansSerifCollection.ttf', name='Sans Serif Collection', style='normal', variant='normal', weight=400, stretch='normal', size='scalable')) = 10.05
2025-10-30 21:15:49,476 [DEBUG] findfont: score(FontEntry(fname='C:\\Windows\\Fonts\\constanb.ttf', name='Constantia', style='normal', variant='normal', weight=700, stretch='normal', size='scalable')) = 10.335
2025-10-30 21:15:49,477 [DEBUG] findfont: score(FontEntry(fname='C:\\Windows\\Fonts\\TCM_____.TTF', name='Tw Cen MT', style='normal', variant='normal', weight=400, stretch='normal', size='scalable')) = 10.05
2025-10-30 21:15:49,478 [DEBUG] findfont: score(FontEntry(fname='C:\\Windows\\Fonts\\msjh.ttc', name='Microsoft JhengHei', style='normal', variant='normal', weight=400, stretch='normal', size='scalable')) = 10.05
2025-10-30 21:15:49,479 [DEBUG] findfont: score(FontEntry(fname='C:\\Windows\\Fonts\\sylfaen.ttf', name='Sylfaen', style='normal', variant='normal', weight=400, stretch='normal', size='scalable')) = 10.05
2025-10-30 21:15:49,479 [DEBUG] findfont: score(FontEntry(fname='C:\\Windows\\Fonts\\SCHLBKBI.TTF', name='Century Schoolbook', style='italic', variant='normal', weight=700, stretch='normal', size='scalable')) = 11.335
2025-10-30 21:15:49,480 [DEBUG] findfont: score(FontEntry(fname='C:\\Windows\\Fonts\\INFROMAN.TTF', name='Informal Roman', style='normal', variant='normal', weight=400, stretch='normal', size='scalable')) = 10.05
2025-10-30 21:15:49,481 [DEBUG] findfont: score(FontEntry(fname='C:\\Windows\\Fonts\\seguibli.ttf', name='Segoe UI', style='italic', variant='normal', weight=900, stretch='normal', size='scalable')) = 11.525
2025-10-30 21:15:49,481 [DEBUG] findfont: score(FontEntry(fname='C:\\Windows\\Fonts\\TCB_____.TTF', name='Tw Cen MT', style='normal', variant='normal', weight=700, stretch='normal', size='scalable')) = 10.335
2025-10-30 21:15:49,482 [DEBUG] findfont: score(FontEntry(fname='C:\\Windows\\Fonts\\WINGDNG2.TTF', name='Wingdings 2', style='normal', variant='normal', weight=400, stretch='normal', size='scalable')) = 10.05
2025-10-30 21:15:49,483 [DEBUG] findfont: score(FontEntry(fname='C:\\Windows\\Fonts\\FRAHVIT.TTF', name='Franklin Gothic Heavy', style='italic', variant='normal', weight=400, stretch='normal', size='scalable')) = 11.05
2025-10-30 21:15:49,483 [DEBUG] findfont: score(FontEntry(fname='C:\\Windows\\Fonts\\PERTILI.TTF', name='Perpetua Titling MT', style='normal', variant='normal', weight=300, stretch='normal', size='scalable')) = 10.145
2025-10-30 21:15:49,484 [DEBUG] findfont: score(FontEntry(fname='C:\\Windows\\Fonts\\LeelawUI.ttf', name='Leelawadee UI', style='normal', variant='normal', weight=400, stretch='normal', size='scalable')) = 10.05
2025-10-30 21:15:49,485 [DEBUG] findfont: score(FontEntry(fname='C:\\Windows\\Fonts\\CHILLER.TTF', name='Chiller', style='normal', variant='normal', weight=400, stretch='normal', size='scalable')) = 10.05
2025-10-30 21:15:49,486 [DEBUG] findfont: score(FontEntry(fname='C:\\Windows\\Fonts\\segoeui.ttf', name='Segoe UI', style='normal', variant='normal', weight=400, stretch='normal', size='scalable')) = 10.05
2025-10-30 21:15:49,486 [DEBUG] findfont: score(FontEntry(fname='C:\\Windows\\Fonts\\LFAX.TTF', name='Lucida Fax', style='normal', variant='normal', weight=400, stretch='normal', size='scalable')) = 10.05
2025-10-30 21:15:49,487 [DEBUG] findfont: score(FontEntry(fname='C:\\Windows\\Fonts\\CALIST.TTF', name='Calisto MT', style='normal', variant='normal', weight=400, stretch='normal', size='scalable')) = 10.05
2025-10-30 21:15:49,488 [DEBUG] findfont: score(FontEntry(fname='C:\\Windows\\Fonts\\palab.ttf', name='Palatino Linotype', style='normal', variant='normal', weight=700, stretch='normal', size='scalable')) = 10.335
2025-10-30 21:15:49,488 [DEBUG] findfont: score(FontEntry(fname='C:\\Windows\\Fonts\\CENTAUR.TTF', name='Centaur', style='normal', variant='normal', weight=400, stretch='normal', size='scalable')) = 10.05
2025-10-30 21:15:49,489 [DEBUG] findfont: score(FontEntry(fname='C:\\Windows\\Fonts\\LHANDW.TTF', name='Lucida Handwriting', style='italic', variant='normal', weight=400, stretch='normal', size='scalable')) = 11.05
2025-10-30 21:15:49,489 [DEBUG] findfont: score(FontEntry(fname='C:\\Windows\\Fonts\\segoesc.ttf', name='Segoe Script', style='normal', variant='normal', weight=400, stretch='normal', size='scalable')) = 10.05
2025-10-30 21:15:49,490 [DEBUG] findfont: score(FontEntry(fname='C:\\Windows\\Fonts\\palabi.ttf', name='Palatino Linotype', style='italic', variant='normal', weight=700, stretch='normal', size='scalable')) = 11.335
2025-10-30 21:15:49,490 [DEBUG] findfont: score(FontEntry(fname='C:\\Windows\\Fonts\\timesbd.ttf', name='Times New Roman', style='normal', variant='normal', weight=700, stretch='normal', size='scalable')) = 10.335
2025-10-30 21:15:49,491 [DEBUG] findfont: score(FontEntry(fname='C:\\Windows\\Fonts\\JOKERMAN.TTF', name='Jokerman', style='normal', variant='normal', weight=400, stretch='normal', size='scalable')) = 10.05
2025-10-30 21:15:49,492 [DEBUG] findfont: score(FontEntry(fname='C:\\Windows\\Fonts\\framdit.ttf', name='Franklin Gothic Medium', style='italic', variant='normal', weight=400, stretch='normal', size='scalable')) = 11.05
2025-10-30 21:15:49,493 [DEBUG] findfont: score(FontEntry(fname='C:\\Windows\\Fonts\\calibri.ttf', name='Calibri', style='normal', variant='normal', weight=400, stretch='normal', size='scalable')) = 10.05
2025-10-30 21:15:49,493 [DEBUG] findfont: score(FontEntry(fname='C:\\Windows\\Fonts\\georgia.ttf', name='Georgia', style='normal', variant='normal', weight=400, stretch='normal', size='scalable')) = 10.05
2025-10-30 21:15:49,494 [DEBUG] findfont: score(FontEntry(fname='C:\\Windows\\Fonts\\SCHLBKB.TTF', name='Century Schoolbook', style='normal', variant='normal', weight=700, stretch='normal', size='scalable')) = 10.335
2025-10-30 21:15:49,495 [DEBUG] findfont: score(FontEntry(fname='C:\\Windows\\Fonts\\ERASMD.TTF', name='Eras Medium ITC', style='normal', variant='normal', weight=400, stretch='normal', size='scalable')) = 10.05
2025-10-30 21:15:49,496 [DEBUG] findfont: score(FontEntry(fname='C:\\Windows\\Fonts\\COPRGTL.TTF', name='Copperplate Gothic Light', style='normal', variant='normal', weight=400, stretch='normal', size='scalable')) = 10.05
2025-10-30 21:15:49,497 [DEBUG] findfont: score(FontEntry(fname='C:\\Windows\\Fonts\\bahnschrift.ttf', name='Bahnschrift', style='normal', variant='normal', weight=400, stretch='normal', size='scalable')) = 10.05
2025-10-30 21:15:49,497 [DEBUG] findfont: score(FontEntry(fname='C:\\Windows\\Fonts\\BRITANIC.TTF', name='Britannic Bold', style='normal', variant='normal', weight=400, stretch='normal', size='scalable')) = 10.05
2025-10-30 21:15:49,498 [DEBUG] findfont: score(FontEntry(fname='C:\\Windows\\Fonts\\LSANSDI.TTF', name='Lucida Sans', style='italic', variant='normal', weight=600, stretch='normal', size='scalable')) = 11.24
2025-10-30 21:15:49,498 [DEBUG] findfont: score(FontEntry(fname='C:\\Windows\\Fonts\\HARNGTON.TTF', name='Harrington', style='normal', variant='normal', weight=400, stretch='normal', size='scalable')) = 10.05
2025-10-30 21:15:49,499 [DEBUG] findfont: score(FontEntry(fname='C:\\Windows\\Fonts\\BOD_PSTC.TTF', name='Bodoni MT', style='normal', variant='normal', weight=300, stretch='normal', size='scalable')) = 10.145
2025-10-30 21:15:49,500 [DEBUG] findfont: score(FontEntry(fname='C:\\Windows\\Fonts\\COLONNA.TTF', name='Colonna MT', style='normal', variant='normal', weight=400, stretch='normal', size='scalable')) = 10.05
2025-10-30 21:15:49,501 [DEBUG] findfont: score(FontEntry(fname='C:\\Windows\\Fonts\\monbaiti.ttf', name='Mongolian Baiti', style='normal', variant='normal', weight=400, stretch='normal', size='scalable')) = 10.05
2025-10-30 21:15:49,502 [DEBUG] findfont: score(FontEntry(fname='C:\\Windows\\Fonts\\HPSimplified_It.ttf', name='HP Simplified', style='italic', variant='normal', weight=400, stretch='normal', size='scalable')) = 11.05
2025-10-30 21:15:49,504 [DEBUG] findfont: score(FontEntry(fname='C:\\Windows\\Fonts\\SitkaVF.ttf', name='Sitka', style='normal', variant='normal', weight=400, stretch='normal', size='scalable')) = 10.05
2025-10-30 21:15:49,505 [DEBUG] findfont: score(FontEntry(fname='C:\\Windows\\Fonts\\ebrima.ttf', name='Ebrima', style='normal', variant='normal', weight=400, stretch='normal', size='scalable')) = 10.05
2025-10-30 21:15:49,505 [DEBUG] findfont: score(FontEntry(fname='C:\\Windows\\Fonts\\YuGothR.ttc', name='Yu Gothic', style='normal', variant='normal', weight=400, stretch='normal', size='scalable')) = 10.05
2025-10-30 21:15:49,506 [DEBUG] findfont: score(FontEntry(fname='C:\\Windows\\Fonts\\timesbi.ttf', name='Times New Roman', style='italic', variant='normal', weight=700, stretch='normal', size='scalable')) = 11.335
2025-10-30 21:15:49,507 [DEBUG] findfont: score(FontEntry(fname='C:\\Windows\\Fonts\\LBRITEDI.TTF', name='Lucida Bright', style='italic', variant='normal', weight=600, stretch='normal', size='scalable')) = 11.24
2025-10-30 21:15:49,508 [DEBUG] findfont: score(FontEntry(fname='C:\\Windows\\Fonts\\STENCIL.TTF', name='Stencil', style='normal', variant='normal', weight=400, stretch='normal', size='scalable')) = 10.05
2025-10-30 21:15:49,509 [DEBUG] findfont: score(FontEntry(fname='C:\\Windows\\Fonts\\lucon.ttf', name='Lucida Console', style='normal', variant='normal', weight=400, stretch='normal', size='scalable')) = 10.05
2025-10-30 21:15:49,509 [DEBUG] findfont: score(FontEntry(fname='C:\\Windows\\Fonts\\ITCKRIST.TTF', name='Kristen ITC', style='normal', variant='normal', weight=400, stretch='normal', size='scalable')) = 10.05
2025-10-30 21:15:49,510 [DEBUG] findfont: score(FontEntry(fname='C:\\Windows\\Fonts\\ALGER.TTF', name='Algerian', style='normal', variant='normal', weight=400, stretch='normal', size='scalable')) = 10.05
2025-10-30 21:15:49,511 [DEBUG] findfont: score(FontEntry(fname='C:\\Windows\\Fonts\\HPSimplified.ttf', name='HP Simplified', style='normal', variant='normal', weight=700, stretch='normal', size='scalable')) = 10.335
2025-10-30 21:15:49,511 [DEBUG] findfont: score(FontEntry(fname='C:\\Windows\\Fonts\\courbd.ttf', name='Courier New', style='normal', variant='normal', weight=700, stretch='normal', size='scalable')) = 10.335
2025-10-30 21:15:49,512 [DEBUG] findfont: score(FontEntry(fname='C:\\Windows\\Fonts\\SimsunExtG.ttf', name='SimSun-ExtG', style='normal', variant='normal', weight=400, stretch='normal', size='scalable')) = 10.05
2025-10-30 21:15:49,512 [DEBUG] findfont: score(FontEntry(fname='C:\\Windows\\Fonts\\HPSimplified_BdIt.ttf', name='HP Simplified', style='italic', variant='normal', weight=700, stretch='normal', size='scalable')) = 11.335
2025-10-30 21:15:49,513 [DEBUG] findfont: score(FontEntry(fname='C:\\Windows\\Fonts\\taileb.ttf', name='Microsoft Tai Le', style='normal', variant='normal', weight=700, stretch='normal', size='scalable')) = 10.335
2025-10-30 21:15:49,513 [DEBUG] findfont: score(FontEntry(fname='C:\\Windows\\Fonts\\FRADM.TTF', name='Franklin Gothic Demi', style='normal', variant='normal', weight=400, stretch='normal', size='scalable')) = 10.05
2025-10-30 21:15:49,514 [DEBUG] findfont: score(FontEntry(fname='C:\\Windows\\Fonts\\seguihis.ttf', name='Segoe UI Historic', style='normal', variant='normal', weight=400, stretch='normal', size='scalable')) = 10.05
2025-10-30 21:15:49,515 [DEBUG] findfont: score(FontEntry(fname='C:\\Windows\\Fonts\\wingding.ttf', name='Wingdings', style='normal', variant='normal', weight=400, stretch='normal', size='scalable')) = 10.05
2025-10-30 21:15:49,515 [DEBUG] findfont: score(FontEntry(fname='C:\\Windows\\Fonts\\BRLNSB.TTF', name='Berlin Sans FB', style='normal', variant='normal', weight=700, stretch='normal', size='scalable')) = 10.335
2025-10-30 21:15:49,516 [DEBUG] findfont: score(FontEntry(fname='C:\\Windows\\Fonts\\ROCC____.TTF', name='Rockwell Condensed', style='normal', variant='normal', weight=400, stretch='condensed', size='scalable')) = 10.25
2025-10-30 21:15:49,517 [DEBUG] findfont: score(FontEntry(fname='C:\\Windows\\Fonts\\NIAGENG.TTF', name='Niagara Engraved', style='normal', variant='normal', weight=400, stretch='normal', size='scalable')) = 10.05
2025-10-30 21:15:49,518 [DEBUG] findfont: score(FontEntry(fname='C:\\Windows\\Fonts\\mmrtextb.ttf', name='Myanmar Text', style='normal', variant='normal', weight=700, stretch='normal', size='scalable')) = 10.335
2025-10-30 21:15:49,519 [DEBUG] findfont: score(FontEntry(fname='C:\\Windows\\Fonts\\Candara.ttf', name='Candara', style='normal', variant='normal', weight=400, stretch='normal', size='scalable')) = 10.05
2025-10-30 21:15:49,521 [DEBUG] findfont: score(FontEntry(fname='C:\\Windows\\Fonts\\verdanai.ttf', name='Verdana', style='italic', variant='normal', weight=400, stretch='normal', size='scalable')) = 4.6863636363636365
2025-10-30 21:15:49,522 [DEBUG] findfont: score(FontEntry(fname='C:\\Windows\\Fonts\\FRAHV.TTF', name='Franklin Gothic Heavy', style='normal', variant='normal', weight=400, stretch='normal', size='scalable')) = 10.05
2025-10-30 21:15:49,523 [DEBUG] findfont: score(FontEntry(fname='C:\\Windows\\Fonts\\ITCEDSCR.TTF', name='Edwardian Script ITC', style='normal', variant='normal', weight=400, stretch='normal', size='scalable')) = 10.05
2025-10-30 21:15:49,523 [DEBUG] findfont: score(FontEntry(fname='C:\\Windows\\Fonts\\ROCK.TTF', name='Rockwell', style='normal', variant='normal', weight=400, stretch='normal', size='scalable')) = 10.05
2025-10-30 21:15:49,524 [DEBUG] findfont: score(FontEntry(fname='C:\\Windows\\Fonts\\BOOKOSBI.TTF', name='Bookman Old Style', style='italic', variant='normal', weight=600, stretch='normal', size='scalable')) = 11.24
2025-10-30 21:15:49,525 [DEBUG] findfont: score(FontEntry(fname='C:\\Windows\\Fonts\\LBRITE.TTF', name='Lucida Bright', style='normal', variant='normal', weight=400, stretch='normal', size='scalable')) = 10.05
2025-10-30 21:15:49,526 [DEBUG] findfont: score(FontEntry(fname='C:\\Windows\\Fonts\\consolab.ttf', name='Consolas', style='normal', variant='normal', weight=700, stretch='normal', size='scalable')) = 10.335
2025-10-30 21:15:49,526 [DEBUG] findfont: score(FontEntry(fname='C:\\Windows\\Fonts\\POORICH.TTF', name='Poor Richard', style='normal', variant='normal', weight=400, stretch='normal', size='scalable')) = 10.05
2025-10-30 21:15:49,527 [DEBUG] findfont: score(FontEntry(fname='C:\\Windows\\Fonts\\himalaya.ttf', name='Microsoft Himalaya', style='normal', variant='normal', weight=400, stretch='normal', size='scalable')) = 10.05
2025-10-30 21:15:49,527 [DEBUG] findfont: score(FontEntry(fname='C:\\Windows\\Fonts\\hpsimplifiedhans-regular.ttf', name='HP Simplified Hans', style='normal', variant='normal', weight=400, stretch='normal', size='scalable')) = 10.05
2025-10-30 21:15:49,528 [DEBUG] findfont: score(FontEntry(fname='C:\\Windows\\Fonts\\VLADIMIR.TTF', name='Vladimir Script', style='normal', variant='normal', weight=400, stretch='normal', size='scalable')) = 10.05
2025-10-30 21:15:49,529 [DEBUG] findfont: score(FontEntry(fname='C:\\Windows\\Fonts\\BOD_I.TTF', name='Bodoni MT', style='italic', variant='normal', weight=400, stretch='normal', size='scalable')) = 11.05
2025-10-30 21:15:49,530 [DEBUG] findfont: score(FontEntry(fname='C:\\Windows\\Fonts\\ERASBD.TTF', name='Eras Bold ITC', style='normal', variant='normal', weight=400, stretch='normal', size='scalable')) = 10.05
2025-10-30 21:15:49,530 [DEBUG] findfont: score(FontEntry(fname='C:\\Windows\\Fonts\\BAUHS93.TTF', name='Bauhaus 93', style='normal', variant='normal', weight=400, stretch='normal', size='scalable')) = 10.05
2025-10-30 21:15:49,531 [DEBUG] findfont: score(FontEntry(fname='C:\\Windows\\Fonts\\ROCKB.TTF', name='Rockwell', style='normal', variant='normal', weight=700, stretch='normal', size='scalable')) = 10.335
2025-10-30 21:15:49,532 [DEBUG] findfont: score(FontEntry(fname='C:\\Windows\\Fonts\\PARCHM.TTF', name='Parchment', style='normal', variant='normal', weight=400, stretch='normal', size='scalable')) = 10.05
2025-10-30 21:15:49,532 [DEBUG] findfont: score(FontEntry(fname='C:\\Windows\\Fonts\\ROCCB___.TTF', name='Rockwell Condensed', style='normal', variant='normal', weight=700, stretch='condensed', size='scalable')) = 10.535
2025-10-30 21:15:49,533 [DEBUG] findfont: score(FontEntry(fname='C:\\Windows\\Fonts\\SHOWG.TTF', name='Showcard Gothic', style='normal', variant='normal', weight=400, stretch='normal', size='scalable')) = 10.05
2025-10-30 21:15:49,534 [DEBUG] findfont: score(FontEntry(fname='C:\\Windows\\Fonts\\MISTRAL.TTF', name='Mistral', style='normal', variant='normal', weight=400, stretch='normal', size='scalable')) = 10.05
2025-10-30 21:15:49,535 [DEBUG] findfont: score(FontEntry(fname='C:\\Windows\\Fonts\\FRAMDCN.TTF', name='Franklin Gothic Medium Cond', style='normal', variant='normal', weight=400, stretch='condensed', size='scalable')) = 10.25
2025-10-30 21:15:49,536 [DEBUG] findfont: score(FontEntry(fname='C:\\Windows\\Fonts\\ITCBLKAD.TTF', name='Blackadder ITC', style='normal', variant='normal', weight=400, stretch='normal', size='scalable')) = 10.05
2025-10-30 21:15:49,536 [DEBUG] findfont: score(FontEntry(fname='C:\\Windows\\Fonts\\hpsimplifiedjpan-regular.ttf', name='HP Simplified Jpan', style='normal', variant='normal', weight=400, stretch='normal', size='scalable')) = 10.05
2025-10-30 21:15:49,537 [DEBUG] findfont: score(FontEntry(fname='C:\\Windows\\Fonts\\constanz.ttf', name='Constantia', style='italic', variant='normal', weight=700, stretch='normal', size='scalable')) = 11.335
2025-10-30 21:15:49,538 [DEBUG] findfont: score(FontEntry(fname='C:\\Windows\\Fonts\\LeelaUIb.ttf', name='Leelawadee UI', style='normal', variant='normal', weight=700, stretch='normal', size='scalable')) = 10.335
2025-10-30 21:15:49,539 [DEBUG] findfont: score(FontEntry(fname='C:\\Windows\\Fonts\\MTCORSVA.TTF', name='Monotype Corsiva', style='normal', variant='normal', weight=400, stretch='normal', size='scalable')) = 10.05
2025-10-30 21:15:49,539 [DEBUG] findfont: score(FontEntry(fname='C:\\Windows\\Fonts\\LTYPEBO.TTF', name='Lucida Sans Typewriter', style='oblique', variant='normal', weight=600, stretch='normal', size='scalable')) = 11.24
2025-10-30 21:15:49,540 [DEBUG] findfont: score(FontEntry(fname='C:\\Windows\\Fonts\\GILSANUB.TTF', name='Gill Sans Ultra Bold', style='normal', variant='normal', weight=400, stretch='normal', size='scalable')) = 10.05
2025-10-30 21:15:49,541 [DEBUG] findfont: score(FontEntry(fname='C:\\Windows\\Fonts\\BOD_BLAR.TTF', name='Bodoni MT', style='normal', variant='normal', weight=900, stretch='normal', size='scalable')) = 10.525
2025-10-30 21:15:49,541 [DEBUG] findfont: score(FontEntry(fname='C:\\Windows\\Fonts\\comicbd.ttf', name='Comic Sans MS', style='normal', variant='normal', weight=700, stretch='normal', size='scalable')) = 10.335
2025-10-30 21:15:49,542 [DEBUG] findfont: score(FontEntry(fname='C:\\Windows\\Fonts\\DUBAI-LIGHT.TTF', name='Dubai', style='normal', variant='normal', weight=300, stretch='normal', size='scalable')) = 10.145
2025-10-30 21:15:49,543 [DEBUG] findfont: score(FontEntry(fname='C:\\Windows\\Fonts\\msyh.ttc', name='Microsoft YaHei', style='normal', variant='normal', weight=400, stretch='normal', size='scalable')) = 10.05
2025-10-30 21:15:49,543 [DEBUG] findfont: score(FontEntry(fname='C:\\Windows\\Fonts\\CALIFI.TTF', name='Californian FB', style='italic', variant='normal', weight=400, stretch='normal', size='scalable')) = 11.05
2025-10-30 21:15:49,544 [DEBUG] findfont: score(FontEntry(fname='C:\\Windows\\Fonts\\TCCB____.TTF', name='Tw Cen MT Condensed', style='normal', variant='normal', weight=700, stretch='condensed', size='scalable')) = 10.535
2025-10-30 21:15:49,544 [DEBUG] findfont: score(FontEntry(fname='C:\\Windows\\Fonts\\corbel.ttf', name='Corbel', style='normal', variant='normal', weight=400, stretch='normal', size='scalable')) = 10.05
2025-10-30 21:15:49,545 [DEBUG] findfont: score(FontEntry(fname='C:\\Windows\\Fonts\\ERASDEMI.TTF', name='Eras Demi ITC', style='normal', variant='normal', weight=400, stretch='normal', size='scalable')) = 10.05
2025-10-30 21:15:49,546 [DEBUG] findfont: score(FontEntry(fname='C:\\Windows\\Fonts\\AGENCYR.TTF', name='Agency FB', style='normal', variant='normal', weight=400, stretch='normal', size='scalable')) = 10.05
2025-10-30 21:15:49,546 [DEBUG] findfont: score(FontEntry(fname='C:\\Windows\\Fonts\\Candaral.ttf', name='Candara', style='normal', variant='normal', weight=400, stretch='normal', size='scalable')) = 10.05
2025-10-30 21:15:49,547 [DEBUG] findfont: score(FontEntry(fname='C:\\Windows\\Fonts\\RAGE.TTF', name='Rage Italic', style='italic', variant='normal', weight=400, stretch='normal', size='scalable')) = 11.05
2025-10-30 21:15:49,547 [DEBUG] findfont: score(FontEntry(fname='C:\\Windows\\Fonts\\malgun.ttf', name='Malgun Gothic', style='normal', variant='normal', weight=400, stretch='normal', size='scalable')) = 10.05
2025-10-30 21:15:49,548 [DEBUG] findfont: score(FontEntry(fname='C:\\Windows\\Fonts\\ROCKEB.TTF', name='Rockwell Extra Bold', style='normal', variant='normal', weight=800, stretch='normal', size='scalable')) = 10.43
2025-10-30 21:15:49,549 [DEBUG] findfont: score(FontEntry(fname='C:\\Windows\\Fonts\\malgunbd.ttf', name='Malgun Gothic', style='normal', variant='normal', weight=700, stretch='normal', size='scalable')) = 10.335
2025-10-30 21:15:49,550 [DEBUG] findfont: score(FontEntry(fname='C:\\Windows\\Fonts\\ANTQUABI.TTF', name='Book Antiqua', style='italic', variant='normal', weight=700, stretch='normal', size='scalable')) = 11.335
2025-10-30 21:15:49,550 [DEBUG] findfont: score(FontEntry(fname='C:\\Windows\\Fonts\\Candarali.ttf', name='Candara', style='italic', variant='normal', weight=400, stretch='normal', size='scalable')) = 11.05
2025-10-30 21:15:49,551 [DEBUG] findfont: score(FontEntry(fname='C:\\Windows\\Fonts\\TEMPSITC.TTF', name='Tempus Sans ITC', style='normal', variant='normal', weight=400, stretch='normal', size='scalable')) = 10.05
2025-10-30 21:15:49,552 [DEBUG] findfont: score(FontEntry(fname='C:\\Windows\\Fonts\\trebucit.ttf', name='Trebuchet MS', style='italic', variant='normal', weight=400, stretch='normal', size='scalable')) = 11.05
2025-10-30 21:15:49,553 [DEBUG] findfont: score(FontEntry(fname='C:\\Windows\\Fonts\\mvboli.ttf', name='MV Boli', style='normal', variant='normal', weight=400, stretch='normal', size='scalable')) = 10.05
2025-10-30 21:15:49,554 [DEBUG] findfont: score(FontEntry(fname='C:\\Windows\\Fonts\\ntailu.ttf', name='Microsoft New Tai Lue', style='normal', variant='normal', weight=400, stretch='normal', size='scalable')) = 10.05
2025-10-30 21:15:49,554 [DEBUG] findfont: score(FontEntry(fname='C:\\Windows\\Fonts\\gadugib.ttf', name='Gadugi', style='normal', variant='normal', weight=700, stretch='normal', size='scalable')) = 10.335
2025-10-30 21:15:49,555 [DEBUG] findfont: score(FontEntry(fname='C:\\Windows\\Fonts\\cour.ttf', name='Courier New', style='normal', variant='normal', weight=400, stretch='normal', size='scalable')) = 10.05
2025-10-30 21:15:49,556 [DEBUG] findfont: score(FontEntry(fname='C:\\Windows\\Fonts\\taile.ttf', name='Microsoft Tai Le', style='normal', variant='normal', weight=400, stretch='normal', size='scalable')) = 10.05
2025-10-30 21:15:49,557 [DEBUG] findfont: score(FontEntry(fname='C:\\Windows\\Fonts\\BRADHITC.TTF', name='Bradley Hand ITC', style='normal', variant='normal', weight=400, stretch='normal', size='scalable')) = 10.05
2025-10-30 21:15:49,558 [DEBUG] findfont: score(FontEntry(fname='C:\\Windows\\Fonts\\FRSCRIPT.TTF', name='French Script MT', style='normal', variant='normal', weight=400, stretch='normal', size='scalable')) = 10.05
2025-10-30 21:15:49,558 [DEBUG] findfont: score(FontEntry(fname='C:\\Windows\\Fonts\\HTOWERT.TTF', name='High Tower Text', style='normal', variant='normal', weight=400, stretch='normal', size='scalable')) = 10.05
2025-10-30 21:15:49,559 [DEBUG] findfont: score(FontEntry(fname='C:\\Windows\\Fonts\\GLECB.TTF', name='Gloucester MT Extra Condensed', style='normal', variant='normal', weight=400, stretch='condensed', size='scalable')) = 10.25
2025-10-30 21:15:49,560 [DEBUG] findfont: score(FontEntry(fname='C:\\Windows\\Fonts\\PLAYBILL.TTF', name='Playbill', style='normal', variant='normal', weight=400, stretch='normal', size='scalable')) = 10.05
2025-10-30 21:15:49,560 [DEBUG] findfont: score(FontEntry(fname='C:\\Windows\\Fonts\\LSANSI.TTF', name='Lucida Sans', style='italic', variant='normal', weight=400, stretch='normal', size='scalable')) = 11.05
2025-10-30 21:15:49,561 [DEBUG] findfont: score(FontEntry(fname='C:\\Windows\\Fonts\\GIGI.TTF', name='Gigi', style='normal', variant='normal', weight=400, stretch='normal', size='scalable')) = 10.05
2025-10-30 21:15:49,561 [DEBUG] findfont: score(FontEntry(fname='C:\\Windows\\Fonts\\phagspa.ttf', name='Microsoft PhagsPa', style='normal', variant='normal', weight=400, stretch='normal', size='scalable')) = 10.05
2025-10-30 21:15:49,562 [DEBUG] findfont: score(FontEntry(fname='C:\\Windows\\Fonts\\comic.ttf', name='Comic Sans MS', style='normal', variant='normal', weight=400, stretch='normal', size='scalable')) = 10.05
2025-10-30 21:15:49,562 [DEBUG] findfont: score(FontEntry(fname='C:\\Windows\\Fonts\\mingliub.ttc', name='MingLiU-ExtB', style='normal', variant='normal', weight=400, stretch='normal', size='scalable')) = 10.05
2025-10-30 21:15:49,563 [DEBUG] findfont: score(FontEntry(fname='C:\\Windows\\Fonts\\constan.ttf', name='Constantia', style='normal', variant='normal', weight=400, stretch='normal', size='scalable')) = 10.05
2025-10-30 21:15:49,564 [DEBUG] findfont: score(FontEntry(fname='C:\\Windows\\Fonts\\seguisym.ttf', name='Segoe UI Symbol', style='normal', variant='normal', weight=400, stretch='normal', size='scalable')) = 10.05
2025-10-30 21:15:49,564 [DEBUG] findfont: score(FontEntry(fname='C:\\Windows\\Fonts\\DUBAI-BOLD.TTF', name='Dubai', style='normal', variant='normal', weight=700, stretch='normal', size='scalable')) = 10.335
2025-10-30 21:15:49,565 [DEBUG] findfont: score(FontEntry(fname='C:\\Windows\\Fonts\\verdana.ttf', name='Verdana', style='normal', variant='normal', weight=400, stretch='normal', size='scalable')) = 3.6863636363636365
2025-10-30 21:15:49,566 [DEBUG] findfont: score(FontEntry(fname='C:\\Windows\\Fonts\\malgunsl.ttf', name='Malgun Gothic', style='normal', variant='normal', weight=300, stretch='normal', size='scalable')) = 10.145
2025-10-30 21:15:49,567 [DEBUG] findfont: score(FontEntry(fname='C:\\Windows\\Fonts\\seguibl.ttf', name='Segoe UI', style='normal', variant='normal', weight=900, stretch='normal', size='scalable')) = 10.525
2025-10-30 21:15:49,568 [DEBUG] findfont: score(FontEntry(fname='C:\\Windows\\Fonts\\PERTIBD.TTF', name='Perpetua Titling MT', style='normal', variant='normal', weight=700, stretch='normal', size='scalable')) = 10.335
2025-10-30 21:15:49,569 [DEBUG] findfont: score(FontEntry(fname='C:\\Windows\\Fonts\\segoeuiz.ttf', name='Segoe UI', style='italic', variant='normal', weight=700, stretch='normal', size='scalable')) = 11.335
2025-10-30 21:15:49,570 [DEBUG] findfont: score(FontEntry(fname='C:\\Windows\\Fonts\\YuGothL.ttc', name='Yu Gothic', style='normal', variant='normal', weight=300, stretch='normal', size='scalable')) = 10.145
2025-10-30 21:15:49,571 [DEBUG] findfont: score(FontEntry(fname='C:\\Windows\\Fonts\\GILLUBCD.TTF', name='Gill Sans Ultra Bold Condensed', style='normal', variant='normal', weight=400, stretch='condensed', size='scalable')) = 10.25
2025-10-30 21:15:49,572 [DEBUG] findfont: score(FontEntry(fname='C:\\Windows\\Fonts\\micross.ttf', name='Microsoft Sans Serif', style='normal', variant='normal', weight=400, stretch='normal', size='scalable')) = 10.05
2025-10-30 21:15:49,572 [DEBUG] findfont: score(FontEntry(fname='C:\\Windows\\Fonts\\CALIFR.TTF', name='Californian FB', style='normal', variant='normal', weight=400, stretch='normal', size='scalable')) = 10.05
2025-10-30 21:15:49,573 [DEBUG] findfont: score(FontEntry(fname='C:\\Windows\\Fonts\\ROCKI.TTF', name='Rockwell', style='italic', variant='normal', weight=400, stretch='normal', size='scalable')) = 11.05
2025-10-30 21:15:49,574 [DEBUG] findfont: score(FontEntry(fname='C:\\Windows\\Fonts\\BOD_CR.TTF', name='Bodoni MT', style='normal', variant='normal', weight=400, stretch='condensed', size='scalable')) = 10.25
2025-10-30 21:15:49,575 [DEBUG] findfont: score(FontEntry(fname='C:\\Windows\\Fonts\\BOD_CB.TTF', name='Bodoni MT', style='normal', variant='normal', weight=700, stretch='condensed', size='scalable')) = 10.535
2025-10-30 21:15:49,576 [DEBUG] findfont: score(FontEntry(fname='C:\\Windows\\Fonts\\YuGothM.ttc', name='Yu Gothic', style='normal', variant='normal', weight=500, stretch='normal', size='scalable')) = 10.145
2025-10-30 21:15:49,576 [DEBUG] findfont: score(FontEntry(fname='C:\\Windows\\Fonts\\SegUIVar.ttf', name='Segoe UI Variable', style='normal', variant='normal', weight=400, stretch='normal', size='scalable')) = 10.05
2025-10-30 21:15:49,577 [DEBUG] findfont: score(FontEntry(fname='C:\\Windows\\Fonts\\trebucbd.ttf', name='Trebuchet MS', style='normal', variant='normal', weight=700, stretch='normal', size='scalable')) = 10.335
2025-10-30 21:15:49,577 [DEBUG] findfont: score(FontEntry(fname='C:\\Windows\\Fonts\\timesi.ttf', name='Times New Roman', style='italic', variant='normal', weight=400, stretch='normal', size='scalable')) = 11.05
2025-10-30 21:15:49,578 [DEBUG] findfont: score(FontEntry(fname='C:\\Windows\\Fonts\\MAIAN.TTF', name='Maiandra GD', style='normal', variant='normal', weight=400, stretch='normal', size='scalable')) = 10.05
2025-10-30 21:15:49,578 [DEBUG] findfont: score(FontEntry(fname='C:\\Windows\\Fonts\\BOOKOSB.TTF', name='Bookman Old Style', style='normal', variant='normal', weight=600, stretch='normal', size='scalable')) = 10.24
2025-10-30 21:15:49,579 [DEBUG] findfont: score(FontEntry(fname='C:\\Windows\\Fonts\\BOD_R.TTF', name='Bodoni MT', style='normal', variant='normal', weight=400, stretch='normal', size='scalable')) = 10.05
2025-10-30 21:15:49,580 [DEBUG] findfont: score(FontEntry(fname='C:\\Windows\\Fonts\\HTOWERTI.TTF', name='High Tower Text', style='italic', variant='normal', weight=400, stretch='normal', size='scalable')) = 11.05
2025-10-30 21:15:49,581 [DEBUG] findfont: score(FontEntry(fname='C:\\Windows\\Fonts\\msyi.ttf', name='Microsoft Yi Baiti', style='normal', variant='normal', weight=400, stretch='normal', size='scalable')) = 10.05
2025-10-30 21:15:49,582 [DEBUG] findfont: score(FontEntry(fname='C:\\Windows\\Fonts\\HPSimplified_Lt.ttf', name='HP Simplified', style='normal', variant='normal', weight=300, stretch='normal', size='scalable')) = 10.145
2025-10-30 21:15:49,582 [DEBUG] findfont: score(FontEntry(fname='C:\\Windows\\Fonts\\MATURASC.TTF', name='Matura MT Script Capitals', style='normal', variant='normal', weight=400, stretch='normal', size='scalable')) = 10.05
2025-10-30 21:15:49,583 [DEBUG] findfont: score(FontEntry(fname='C:\\Windows\\Fonts\\FRADMCN.TTF', name='Franklin Gothic Demi Cond', style='normal', variant='normal', weight=400, stretch='condensed', size='scalable')) = 10.25
2025-10-30 21:15:49,584 [DEBUG] findfont: score(FontEntry(fname='C:\\Windows\\Fonts\\GOUDOSB.TTF', name='Goudy Old Style', style='normal', variant='normal', weight=700, stretch='normal', size='scalable')) = 10.335
2025-10-30 21:15:49,585 [DEBUG] findfont: score(FontEntry(fname='C:\\Windows\\Fonts\\BKANT.TTF', name='Book Antiqua', style='normal', variant='normal', weight=400, stretch='normal', size='scalable')) = 10.05
2025-10-30 21:15:49,586 [DEBUG] findfont: score(FontEntry(fname='C:\\Windows\\Fonts\\OCRAEXT.TTF', name='OCR A Extended', style='normal', variant='normal', weight=400, stretch='expanded', size='scalable')) = 10.25
2025-10-30 21:15:49,587 [DEBUG] findfont: score(FontEntry(fname='C:\\Windows\\Fonts\\phagspab.ttf', name='Microsoft PhagsPa', style='normal', variant='normal', weight=700, stretch='normal', size='scalable')) = 10.335
2025-10-30 21:15:49,588 [DEBUG] findfont: score(FontEntry(fname='C:\\Windows\\Fonts\\BOD_CI.TTF', name='Bodoni MT', style='italic', variant='normal', weight=400, stretch='condensed', size='scalable')) = 11.25
2025-10-30 21:15:49,588 [DEBUG] findfont: score(FontEntry(fname='C:\\Windows\\Fonts\\trebucbi.ttf', name='Trebuchet MS', style='italic', variant='normal', weight=700, stretch='normal', size='scalable')) = 11.335
2025-10-30 21:15:49,589 [DEBUG] findfont: score(FontEntry(fname='C:\\Windows\\Fonts\\msyhbd.ttc', name='Microsoft YaHei', style='normal', variant='normal', weight=700, stretch='normal', size='scalable')) = 10.335
2025-10-30 21:15:49,590 [DEBUG] findfont: score(FontEntry(fname='C:\\Windows\\Fonts\\corbelb.ttf', name='Corbel', style='normal', variant='normal', weight=700, stretch='normal', size='scalable')) = 10.335
2025-10-30 21:15:49,591 [DEBUG] findfont: score(FontEntry(fname='C:\\Windows\\Fonts\\LFAXDI.TTF', name='Lucida Fax', style='italic', variant='normal', weight=600, stretch='normal', size='scalable')) = 11.24
2025-10-30 21:15:49,592 [DEBUG] findfont: score(FontEntry(fname='C:\\Windows\\Fonts\\cambria.ttc', name='Cambria', style='normal', variant='normal', weight=400, stretch='normal', size='scalable')) = 10.05
2025-10-30 21:15:49,592 [DEBUG] findfont: score(FontEntry(fname='C:\\Windows\\Fonts\\segoeuil.ttf', name='Segoe UI', style='normal', variant='normal', weight=300, stretch='normal', size='scalable')) = 10.145
2025-10-30 21:15:49,593 [DEBUG] findfont: score(FontEntry(fname='C:\\Windows\\Fonts\\GOUDOS.TTF', name='Goudy Old Style', style='normal', variant='normal', weight=400, stretch='normal', size='scalable')) = 10.05
2025-10-30 21:15:49,593 [DEBUG] findfont: score(FontEntry(fname='C:\\Windows\\Fonts\\BOOKOSI.TTF', name='Bookman Old Style', style='italic', variant='normal', weight=300, stretch='normal', size='scalable')) = 11.145
2025-10-30 21:15:49,594 [DEBUG] findfont: score(FontEntry(fname='C:\\Windows\\Fonts\\BRUSHSCI.TTF', name='Brush Script MT', style='italic', variant='normal', weight=400, stretch='normal', size='scalable')) = 11.05
2025-10-30 21:15:49,594 [DEBUG] findfont: score(FontEntry(fname='C:\\Windows\\Fonts\\TCBI____.TTF', name='Tw Cen MT', style='italic', variant='normal', weight=700, stretch='normal', size='scalable')) = 11.335
2025-10-30 21:15:49,595 [DEBUG] findfont: score(FontEntry(fname='C:\\Windows\\Fonts\\HATTEN.TTF', name='Haettenschweiler', style='normal', variant='normal', weight=400, stretch='normal', size='scalable')) = 10.05
2025-10-30 21:15:49,596 [DEBUG] findfont: score(FontEntry(fname='C:\\Windows\\Fonts\\ANTQUAB.TTF', name='Book Antiqua', style='normal', variant='normal', weight=700, stretch='normal', size='scalable')) = 10.335
2025-10-30 21:15:49,596 [DEBUG] findfont: score(FontEntry(fname='C:\\Windows\\Fonts\\palai.ttf', name='Palatino Linotype', style='italic', variant='normal', weight=400, stretch='normal', size='scalable')) = 11.05
2025-10-30 21:15:49,597 [DEBUG] findfont: score(FontEntry(fname='C:\\Windows\\Fonts\\PERI____.TTF', name='Perpetua', style='italic', variant='normal', weight=400, stretch='normal', size='scalable')) = 11.05
2025-10-30 21:15:49,598 [DEBUG] findfont: score(FontEntry(fname='C:\\Windows\\Fonts\\corbeli.ttf', name='Corbel', style='italic', variant='normal', weight=400, stretch='normal', size='scalable')) = 11.05
2025-10-30 21:15:49,598 [DEBUG] findfont: score(FontEntry(fname='C:\\Windows\\Fonts\\SegoeIcons.ttf', name='Segoe Fluent Icons', style='normal', variant='normal', weight=400, stretch='normal', size='scalable')) = 10.05
2025-10-30 21:15:49,599 [DEBUG] findfont: score(FontEntry(fname='C:\\Windows\\Fonts\\PAPYRUS.TTF', name='Papyrus', style='normal', variant='normal', weight=400, stretch='normal', size='scalable')) = 10.05
2025-10-30 21:15:49,599 [DEBUG] findfont: score(FontEntry(fname='C:\\Windows\\Fonts\\comici.ttf', name='Comic Sans MS', style='italic', variant='normal', weight=400, stretch='normal', size='scalable')) = 11.05
2025-10-30 21:15:49,600 [DEBUG] findfont: score(FontEntry(fname='C:\\Windows\\Fonts\\GILI____.TTF', name='Gill Sans MT', style='italic', variant='normal', weight=400, stretch='normal', size='scalable')) = 11.05
2025-10-30 21:15:49,601 [DEBUG] findfont: score(FontEntry(fname='C:\\Windows\\Fonts\\arialbi.ttf', name='Arial', style='italic', variant='normal', weight=700, stretch='normal', size='scalable')) = 7.698636363636363
2025-10-30 21:15:49,602 [DEBUG] findfont: score(FontEntry(fname='C:\\Windows\\Fonts\\l_10646.ttf', name='Lucida Sans Unicode', style='normal', variant='normal', weight=400, stretch='normal', size='scalable')) = 10.05
2025-10-30 21:15:49,602 [DEBUG] findfont: score(FontEntry(fname='C:\\Windows\\Fonts\\impact.ttf', name='Impact', style='normal', variant='normal', weight=400, stretch='normal', size='scalable')) = 10.05
2025-10-30 21:15:49,603 [DEBUG] findfont: score(FontEntry(fname='C:\\Windows\\Fonts\\CALISTI.TTF', name='Calisto MT', style='italic', variant='normal', weight=400, stretch='normal', size='scalable')) = 11.05
2025-10-30 21:15:49,604 [DEBUG] findfont: score(FontEntry(fname='C:\\Windows\\Fonts\\segoescb.ttf', name='Segoe Script', style='normal', variant='normal', weight=700, stretch='normal', size='scalable')) = 10.335
2025-10-30 21:15:49,605 [DEBUG] findfont: score(FontEntry(fname='C:\\Windows\\Fonts\\verdanaz.ttf', name='Verdana', style='italic', variant='normal', weight=700, stretch='normal', size='scalable')) = 4.971363636363637
2025-10-30 21:15:49,606 [DEBUG] findfont: score(FontEntry(fname='C:\\Windows\\Fonts\\ARIALNBI.TTF', name='Arial', style='italic', variant='normal', weight=700, stretch='condensed', size='scalable')) = 7.8986363636363635
2025-10-30 21:15:49,606 [DEBUG] findfont: score(FontEntry(fname='C:\\Windows\\Fonts\\OLDENGL.TTF', name='Old English Text MT', style='normal', variant='normal', weight=400, stretch='normal', size='scalable')) = 10.05
2025-10-30 21:15:49,607 [DEBUG] findfont: score(FontEntry(fname='C:\\Windows\\Fonts\\simsun.ttc', name='SimSun', style='normal', variant='normal', weight=400, stretch='normal', size='scalable')) = 10.05
2025-10-30 21:15:49,608 [DEBUG] findfont: score(FontEntry(fname='C:\\Windows\\Fonts\\comicz.ttf', name='Comic Sans MS', style='italic', variant='normal', weight=700, stretch='normal', size='scalable')) = 11.335
2025-10-30 21:15:49,609 [DEBUG] findfont: score(FontEntry(fname='C:\\Windows\\Fonts\\msgothic.ttc', name='MS Gothic', style='normal', variant='normal', weight=400, stretch='normal', size='scalable')) = 10.05
2025-10-30 21:15:49,609 [DEBUG] findfont: score(FontEntry(fname='C:\\Windows\\Fonts\\GARABD.TTF', name='Garamond', style='normal', variant='normal', weight=700, stretch='normal', size='scalable')) = 10.335
2025-10-30 21:15:49,610 [DEBUG] findfont: score(FontEntry(fname='C:\\Windows\\Fonts\\PERBI___.TTF', name='Perpetua', style='italic', variant='normal', weight=700, stretch='normal', size='scalable')) = 11.335
2025-10-30 21:15:49,610 [DEBUG] findfont: score(FontEntry(fname='C:\\Windows\\Fonts\\TCMI____.TTF', name='Tw Cen MT', style='italic', variant='normal', weight=400, stretch='normal', size='scalable')) = 11.05
2025-10-30 21:15:49,611 [DEBUG] findfont: score(FontEntry(fname='C:\\Windows\\Fonts\\VIVALDII.TTF', name='Vivaldi', style='italic', variant='normal', weight=400, stretch='normal', size='scalable')) = 11.05
2025-10-30 21:15:49,612 [DEBUG] findfont: score(FontEntry(fname='C:\\Windows\\Fonts\\ROCKBI.TTF', name='Rockwell', style='italic', variant='normal', weight=700, stretch='normal', size='scalable')) = 11.335
2025-10-30 21:15:49,612 [DEBUG] findfont: score(FontEntry(fname='C:\\Windows\\Fonts\\javatext.ttf', name='Javanese Text', style='normal', variant='normal', weight=400, stretch='normal', size='scalable')) = 10.05
2025-10-30 21:15:49,613 [DEBUG] findfont: score(FontEntry(fname='C:\\Windows\\Fonts\\BROADW.TTF', name='Broadway', style='normal', variant='normal', weight=400, stretch='normal', size='scalable')) = 10.05
2025-10-30 21:15:49,614 [DEBUG] findfont: score(FontEntry(fname='C:\\Windows\\Fonts\\OUTLOOK.TTF', name='MS Outlook', style='normal', variant='normal', weight=400, stretch='normal', size='scalable')) = 10.05
2025-10-30 21:15:49,614 [DEBUG] findfont: score(FontEntry(fname='C:\\Windows\\Fonts\\Inkfree.ttf', name='Ink Free', style='normal', variant='normal', weight=400, stretch='normal', size='scalable')) = 10.05
2025-10-30 21:15:49,615 [DEBUG] findfont: score(FontEntry(fname='C:\\Windows\\Fonts\\CALIFB.TTF', name='Californian FB', style='normal', variant='normal', weight=700, stretch='normal', size='scalable')) = 10.335
2025-10-30 21:15:49,616 [DEBUG] findfont: score(FontEntry(fname='C:\\Windows\\Fonts\\LCALLIG.TTF', name='Lucida Calligraphy', style='italic', variant='normal', weight=400, stretch='normal', size='scalable')) = 11.05
2025-10-30 21:15:49,616 [DEBUG] findfont: score(FontEntry(fname='C:\\Windows\\Fonts\\NIAGSOL.TTF', name='Niagara Solid', style='normal', variant='normal', weight=400, stretch='normal', size='scalable')) = 10.05
2025-10-30 21:15:49,617 [DEBUG] findfont: score(FontEntry(fname='C:\\Windows\\Fonts\\segmdl2.ttf', name='Segoe MDL2 Assets', style='normal', variant='normal', weight=400, stretch='normal', size='scalable')) = 10.05
2025-10-30 21:15:49,618 [DEBUG] findfont: score(FontEntry(fname='C:\\Windows\\Fonts\\cambriaz.ttf', name='Cambria', style='italic', variant='normal', weight=700, stretch='normal', size='scalable')) = 11.335
2025-10-30 21:15:49,619 [DEBUG] findfont: score(FontEntry(fname='C:\\Windows\\Fonts\\GILBI___.TTF', name='Gill Sans MT', style='italic', variant='normal', weight=700, stretch='normal', size='scalable')) = 11.335
2025-10-30 21:15:49,619 [DEBUG] findfont: score(FontEntry(fname='C:\\Windows\\Fonts\\MAGNETOB.TTF', name='Magneto', style='normal', variant='normal', weight=700, stretch='normal', size='scalable')) = 10.335
2025-10-30 21:15:49,620 [DEBUG] findfont: score(FontEntry(fname='C:\\Windows\\Fonts\\FRABKIT.TTF', name='Franklin Gothic Book', style='italic', variant='normal', weight=400, stretch='normal', size='scalable')) = 11.05
2025-10-30 21:15:49,621 [DEBUG] findfont: score(FontEntry(fname='C:\\Windows\\Fonts\\REFSAN.TTF', name='MS Reference Sans Serif', style='normal', variant='normal', weight=400, stretch='normal', size='scalable')) = 10.05
2025-10-30 21:15:49,621 [DEBUG] findfont: score(FontEntry(fname='C:\\Windows\\Fonts\\tahoma.ttf', name='Tahoma', style='normal', variant='normal', weight=400, stretch='normal', size='scalable')) = 10.05
2025-10-30 21:15:49,622 [DEBUG] findfont: score(FontEntry(fname='C:\\Windows\\Fonts\\cambriab.ttf', name='Cambria', style='normal', variant='normal', weight=700, stretch='normal', size='scalable')) = 10.335
2025-10-30 21:15:49,623 [DEBUG] findfont: score(FontEntry(fname='C:\\Windows\\Fonts\\JUICE___.TTF', name='Juice ITC', style='normal', variant='normal', weight=400, stretch='normal', size='scalable')) = 10.05
2025-10-30 21:15:49,624 [DEBUG] findfont: score(FontEntry(fname='C:\\Windows\\Fonts\\BOD_CBI.TTF', name='Bodoni MT', style='italic', variant='normal', weight=700, stretch='condensed', size='scalable')) = 11.535
2025-10-30 21:15:49,625 [DEBUG] findfont: score(FontEntry(fname='C:\\Windows\\Fonts\\HARLOWSI.TTF', name='Harlow Solid Italic', style='italic', variant='normal', weight=400, stretch='normal', size='scalable')) = 11.05
2025-10-30 21:15:49,625 [DEBUG] findfont: score(FontEntry(fname='C:\\Windows\\Fonts\\msyhl.ttc', name='Microsoft YaHei', style='normal', variant='normal', weight=290, stretch='normal', size='scalable')) = 10.1545
2025-10-30 21:15:49,626 [DEBUG] findfont: score(FontEntry(fname='C:\\Windows\\Fonts\\BOOKOS.TTF', name='Bookman Old Style', style='normal', variant='normal', weight=300, stretch='normal', size='scalable')) = 10.145
2025-10-30 21:15:49,627 [DEBUG] findfont: score(FontEntry(fname='C:\\Windows\\Fonts\\FRADMIT.TTF', name='Franklin Gothic Demi', style='italic', variant='normal', weight=400, stretch='normal', size='scalable')) = 11.05
2025-10-30 21:15:49,627 [DEBUG] findfont: score(FontEntry(fname='C:\\Windows\\Fonts\\SCHLBKI.TTF', name='Century Schoolbook', style='italic', variant='normal', weight=400, stretch='normal', size='scalable')) = 11.05
2025-10-30 21:15:49,628 [DEBUG] findfont: score(FontEntry(fname='C:\\Windows\\Fonts\\GILB____.TTF', name='Gill Sans MT', style='normal', variant='normal', weight=700, stretch='normal', size='scalable')) = 10.335
2025-10-30 21:15:49,628 [DEBUG] findfont: score(FontEntry(fname='C:\\Windows\\Fonts\\GOTHICB.TTF', name='Century Gothic', style='normal', variant='normal', weight=700, stretch='normal', size='scalable')) = 10.335
2025-10-30 21:15:49,629 [DEBUG] findfont: score(FontEntry(fname='C:\\Windows\\Fonts\\segoeuib.ttf', name='Segoe UI', style='normal', variant='normal', weight=700, stretch='normal', size='scalable')) = 10.335
2025-10-30 21:15:49,630 [DEBUG] findfont: score(FontEntry(fname='C:\\Windows\\Fonts\\Candarai.ttf', name='Candara', style='italic', variant='normal', weight=400, stretch='normal', size='scalable')) = 11.05
2025-10-30 21:15:49,631 [DEBUG] findfont: score(FontEntry(fname='C:\\Windows\\Fonts\\seguili.ttf', name='Segoe UI', style='italic', variant='normal', weight=300, stretch='normal', size='scalable')) = 11.145
2025-10-30 21:15:49,631 [DEBUG] findfont: score(FontEntry(fname='C:\\Windows\\Fonts\\arial.ttf', name='Arial', style='normal', variant='normal', weight=400, stretch='normal', size='scalable')) = 6.413636363636363
2025-10-30 21:15:49,632 [DEBUG] findfont: score(FontEntry(fname='C:\\Windows\\Fonts\\hpsimplifiedhans-light.ttf', name='HP Simplified Hans', style='normal', variant='normal', weight=300, stretch='normal', size='scalable')) = 10.145
2025-10-30 21:15:49,632 [DEBUG] findfont: score(FontEntry(fname='C:\\Windows\\Fonts\\ntailub.ttf', name='Microsoft New Tai Lue', style='normal', variant='normal', weight=700, stretch='normal', size='scalable')) = 10.335
2025-10-30 21:15:49,633 [DEBUG] findfont: score(FontEntry(fname='C:\\Windows\\Fonts\\seguisbi.ttf', name='Segoe UI', style='italic', variant='normal', weight=600, stretch='normal', size='scalable')) = 11.24
2025-10-30 21:15:49,634 [DEBUG] findfont: score(FontEntry(fname='C:\\Windows\\Fonts\\ANTQUAI.TTF', name='Book Antiqua', style='italic', variant='normal', weight=400, stretch='normal', size='scalable')) = 11.05
2025-10-30 21:15:49,634 [DEBUG] findfont: score(FontEntry(fname='C:\\Windows\\Fonts\\msjhl.ttc', name='Microsoft JhengHei', style='normal', variant='normal', weight=290, stretch='normal', size='scalable')) = 10.1545
2025-10-30 21:15:49,636 [DEBUG] findfont: score(FontEntry(fname='C:\\Windows\\Fonts\\calibrili.ttf', name='Calibri', style='italic', variant='normal', weight=300, stretch='normal', size='scalable')) = 11.145
2025-10-30 21:15:49,638 [DEBUG] findfont: score(FontEntry(fname='C:\\Windows\\Fonts\\TCCEB.TTF', name='Tw Cen MT Condensed Extra Bold', style='normal', variant='normal', weight=400, stretch='condensed', size='scalable')) = 10.25
2025-10-30 21:15:49,639 [DEBUG] findfont: score(FontEntry(fname='C:\\Windows\\Fonts\\georgiaz.ttf', name='Georgia', style='italic', variant='normal', weight=700, stretch='normal', size='scalable')) = 11.335
2025-10-30 21:15:49,640 [DEBUG] findfont: score(FontEntry(fname='C:\\Windows\\Fonts\\BASKVILL.TTF', name='Baskerville Old Face', style='normal', variant='normal', weight=400, stretch='normal', size='scalable')) = 10.05
2025-10-30 21:15:49,641 [DEBUG] findfont: score(FontEntry(fname='C:\\Windows\\Fonts\\CASTELAR.TTF', name='Castellar', style='normal', variant='normal', weight=400, stretch='normal', size='scalable')) = 10.05
2025-10-30 21:15:49,641 [DEBUG] findfont: score(FontEntry(fname='C:\\Windows\\Fonts\\DUBAI-REGULAR.TTF', name='Dubai', style='normal', variant='normal', weight=400, stretch='normal', size='scalable')) = 10.05
2025-10-30 21:15:49,642 [DEBUG] findfont: score(FontEntry(fname='C:\\Windows\\Fonts\\ONYX.TTF', name='Onyx', style='normal', variant='normal', weight=400, stretch='normal', size='scalable')) = 10.05
2025-10-30 21:15:49,643 [DEBUG] findfont: score(FontEntry(fname='C:\\Windows\\Fonts\\georgiab.ttf', name='Georgia', style='normal', variant='normal', weight=700, stretch='normal', size='scalable')) = 10.335
2025-10-30 21:15:49,643 [DEBUG] findfont: score(FontEntry(fname='C:\\Windows\\Fonts\\CENSCBK.TTF', name='Century Schoolbook', style='normal', variant='normal', weight=400, stretch='normal', size='scalable')) = 10.05
2025-10-30 21:15:49,644 [DEBUG] findfont: score(FontEntry(fname='C:\\Windows\\Fonts\\times.ttf', name='Times New Roman', style='normal', variant='normal', weight=400, stretch='normal', size='scalable')) = 10.05
2025-10-30 21:15:49,645 [DEBUG] findfont: score(FontEntry(fname='C:\\Windows\\Fonts\\DUBAI-MEDIUM.TTF', name='Dubai', style='normal', variant='normal', weight=500, stretch='normal', size='scalable')) = 10.145
2025-10-30 21:15:49,645 [DEBUG] findfont: score(FontEntry(fname='C:\\Windows\\Fonts\\ebrimabd.ttf', name='Ebrima', style='normal', variant='normal', weight=700, stretch='normal', size='scalable')) = 10.335
2025-10-30 21:15:49,646 [DEBUG] findfont: score(FontEntry(fname='C:\\Windows\\Fonts\\Candarab.ttf', name='Candara', style='normal', variant='normal', weight=700, stretch='normal', size='scalable')) = 10.335
2025-10-30 21:15:49,646 [DEBUG] findfont: score(FontEntry(fname='C:\\Windows\\Fonts\\BRLNSR.TTF', name='Berlin Sans FB', style='normal', variant='normal', weight=400, stretch='normal', size='scalable')) = 10.05
2025-10-30 21:15:49,647 [DEBUG] findfont: score(FontEntry(fname='C:\\Windows\\Fonts\\GLSNECB.TTF', name='Gill Sans MT Ext Condensed Bold', style='normal', variant='normal', weight=400, stretch='condensed', size='scalable')) = 10.25
2025-10-30 21:15:49,648 [DEBUG] findfont: score(FontEntry(fname='C:\\Windows\\Fonts\\KUNSTLER.TTF', name='Kunstler Script', style='normal', variant='normal', weight=400, stretch='normal', size='scalable')) = 10.05
2025-10-30 21:15:49,649 [DEBUG] findfont: score(FontEntry(fname='C:\\Windows\\Fonts\\ELEPHNT.TTF', name='Elephant', style='normal', variant='normal', weight=400, stretch='normal', size='scalable')) = 10.05
2025-10-30 21:15:49,649 [DEBUG] findfont: score(FontEntry(fname='C:\\Windows\\Fonts\\PERB____.TTF', name='Perpetua', style='normal', variant='normal', weight=700, stretch='normal', size='scalable')) = 10.335
2025-10-30 21:15:49,650 [DEBUG] findfont: score(FontEntry(fname='C:\\Windows\\Fonts\\BELL.TTF', name='Bell MT', style='normal', variant='normal', weight=400, stretch='normal', size='scalable')) = 10.05
2025-10-30 21:15:49,651 [DEBUG] findfont: score(FontEntry(fname='C:\\Windows\\Fonts\\verdanab.ttf', name='Verdana', style='normal', variant='normal', weight=700, stretch='normal', size='scalable')) = 3.9713636363636367
2025-10-30 21:15:49,653 [DEBUG] findfont: score(FontEntry(fname='C:\\Windows\\Fonts\\gadugi.ttf', name='Gadugi', style='normal', variant='normal', weight=400, stretch='normal', size='scalable')) = 10.05
2025-10-30 21:15:49,654 [DEBUG] findfont: score(FontEntry(fname='C:\\Windows\\Fonts\\calibrib.ttf', name='Calibri', style='normal', variant='normal', weight=700, stretch='normal', size='scalable')) = 10.335
2025-10-30 21:15:49,655 [DEBUG] findfont: score(FontEntry(fname='C:\\Windows\\Fonts\\BRLNSDB.TTF', name='Berlin Sans FB Demi', style='normal', variant='normal', weight=700, stretch='normal', size='scalable')) = 10.335
2025-10-30 21:15:49,656 [DEBUG] findfont: score(FontEntry(fname='C:\\Windows\\Fonts\\GILC____.TTF', name='Gill Sans MT Condensed', style='normal', variant='normal', weight=400, stretch='condensed', size='scalable')) = 10.25
2025-10-30 21:15:49,657 [DEBUG] findfont: score(FontEntry(fname='C:\\Windows\\Fonts\\CENTURY.TTF', name='Century', style='normal', variant='normal', weight=400, stretch='normal', size='scalable')) = 10.05
2025-10-30 21:15:49,657 [DEBUG] findfont: score(FontEntry(fname='C:\\Windows\\Fonts\\PER_____.TTF', name='Perpetua', style='normal', variant='normal', weight=400, stretch='normal', size='scalable')) = 10.05
2025-10-30 21:15:49,658 [DEBUG] findfont: score(FontEntry(fname='C:\\Windows\\Fonts\\AGENCYB.TTF', name='Agency FB', style='normal', variant='normal', weight=700, stretch='normal', size='scalable')) = 10.335
2025-10-30 21:15:49,659 [DEBUG] findfont: score(FontEntry(fname='C:\\Windows\\Fonts\\GOUDOSI.TTF', name='Goudy Old Style', style='italic', variant='normal', weight=400, stretch='normal', size='scalable')) = 11.05
2025-10-30 21:15:49,659 [DEBUG] findfont: score(FontEntry(fname='C:\\Windows\\Fonts\\calibrii.ttf', name='Calibri', style='italic', variant='normal', weight=400, stretch='normal', size='scalable')) = 11.05
2025-10-30 21:15:49,660 [DEBUG] findfont: score(FontEntry(fname='C:\\Windows\\Fonts\\arialbd.ttf', name='Arial', style='normal', variant='normal', weight=700, stretch='normal', size='scalable')) = 6.698636363636363
2025-10-30 21:15:49,661 [DEBUG] findfont: score(FontEntry(fname='C:\\Windows\\Fonts\\FTLTLT.TTF', name='Footlight MT Light', style='normal', variant='normal', weight=300, stretch='normal', size='scalable')) = 10.145
2025-10-30 21:15:49,661 [DEBUG] findfont: score(FontEntry(fname='C:\\Windows\\Fonts\\LTYPEB.TTF', name='Lucida Sans Typewriter', style='normal', variant='normal', weight=600, stretch='normal', size='scalable')) = 10.24
2025-10-30 21:15:49,662 [DEBUG] findfont: score(FontEntry(fname='C:\\Windows\\Fonts\\HPSimplified_LtIt.ttf', name='HP Simplified', style='italic', variant='normal', weight=300, stretch='normal', size='scalable')) = 11.145
2025-10-30 21:15:49,663 [DEBUG] findfont: score(FontEntry(fname='C:\\Windows\\Fonts\\symbol.ttf', name='Symbol', style='normal', variant='normal', weight=400, stretch='normal', size='scalable')) = 10.05
2025-10-30 21:15:49,663 [DEBUG] findfont: score(FontEntry(fname='C:\\Windows\\Fonts\\seguisli.ttf', name='Segoe UI', style='italic', variant='normal', weight=350, stretch='normal', size='scalable')) = 11.0975
2025-10-30 21:15:49,664 [DEBUG] findfont: score(FontEntry(fname='C:\\Windows\\Fonts\\BOD_BLAI.TTF', name='Bodoni MT', style='italic', variant='normal', weight=900, stretch='normal', size='scalable')) = 11.525
2025-10-30 21:15:49,665 [DEBUG] findfont: score(FontEntry(fname='C:\\Windows\\Fonts\\BELLB.TTF', name='Bell MT', style='normal', variant='normal', weight=700, stretch='normal', size='scalable')) = 10.335
2025-10-30 21:15:49,665 [DEBUG] findfont: score(FontEntry(fname='C:\\Windows\\Fonts\\tahomabd.ttf', name='Tahoma', style='normal', variant='normal', weight=700, stretch='normal', size='scalable')) = 10.335
2025-10-30 21:15:49,666 [DEBUG] findfont: score(FontEntry(fname='C:\\Windows\\Fonts\\BOD_BI.TTF', name='Bodoni MT', style='italic', variant='normal', weight=700, stretch='normal', size='scalable')) = 11.335
2025-10-30 21:15:49,667 [DEBUG] findfont: score(FontEntry(fname='C:\\Windows\\Fonts\\CALISTB.TTF', name='Calisto MT', style='normal', variant='normal', weight=700, stretch='normal', size='scalable')) = 10.335
2025-10-30 21:15:49,668 [DEBUG] findfont: score(FontEntry(fname='C:\\Windows\\Fonts\\SitkaVF-Italic.ttf', name='Sitka', style='italic', variant='normal', weight=400, stretch='normal', size='scalable')) = 11.05
2025-10-30 21:15:49,669 [DEBUG] findfont: score(FontEntry(fname='C:\\Windows\\Fonts\\YuGothB.ttc', name='Yu Gothic', style='normal', variant='normal', weight=700, stretch='normal', size='scalable')) = 10.335
2025-10-30 21:15:49,670 [DEBUG] findfont: score(FontEntry(fname='C:\\Windows\\Fonts\\IMPRISHA.TTF', name='Imprint MT Shadow', style='normal', variant='normal', weight=400, stretch='normal', size='scalable')) = 10.05
2025-10-30 21:15:49,671 [DEBUG] findfont: score(FontEntry(fname='C:\\Windows\\Fonts\\Candaraz.ttf', name='Candara', style='italic', variant='normal', weight=700, stretch='normal', size='scalable')) = 11.335
2025-10-30 21:15:49,671 [DEBUG] findfont: score(FontEntry(fname='C:\\Windows\\Fonts\\corbelz.ttf', name='Corbel', style='italic', variant='normal', weight=700, stretch='normal', size='scalable')) = 11.335
2025-10-30 21:15:49,672 [DEBUG] findfont: score(FontEntry(fname='C:\\Windows\\Fonts\\corbell.ttf', name='Corbel', style='normal', variant='normal', weight=300, stretch='normal', size='scalable')) = 10.145
2025-10-30 21:15:49,673 [DEBUG] findfont: score(FontEntry(fname='C:\\Windows\\Fonts\\msjhbd.ttc', name='Microsoft JhengHei', style='normal', variant='normal', weight=700, stretch='normal', size='scalable')) = 10.335
2025-10-30 21:15:49,673 [DEBUG] findfont: score(FontEntry(fname='C:\\Windows\\Fonts\\ARIALNI.TTF', name='Arial', style='italic', variant='normal', weight=400, stretch='condensed', size='scalable')) = 7.613636363636363
2025-10-30 21:15:49,674 [DEBUG] findfont: score(FontEntry(fname='C:\\Windows\\Fonts\\consolai.ttf', name='Consolas', style='italic', variant='normal', weight=400, stretch='normal', size='scalable')) = 11.05
2025-10-30 21:15:49,675 [DEBUG] findfont: score(FontEntry(fname='C:\\Windows\\Fonts\\consolaz.ttf', name='Consolas', style='italic', variant='normal', weight=700, stretch='normal', size='scalable')) = 11.335
2025-10-30 21:15:49,675 [DEBUG] findfont: score(FontEntry(fname='C:\\Windows\\Fonts\\FORTE.TTF', name='Forte', style='normal', variant='normal', weight=400, stretch='normal', size='scalable')) = 10.05
2025-10-30 21:15:49,676 [DEBUG] findfont: Matching sans\-serif:style=normal:variant=normal:weight=normal:stretch=normal:size=10.0 to DejaVu Sans ('C:\\Users\\Abhishek\\AppData\\Roaming\\Python\\Python313\\site-packages\\matplotlib\\mpl-data\\fonts\\ttf\\DejaVuSans.ttf') with score of 0.050000.
2025-10-30 21:15:49,831 [DEBUG] findfont: Matching sans\-serif:style=normal:variant=normal:weight=normal:stretch=normal:size=12.0.
2025-10-30 21:15:49,832 [DEBUG] findfont: score(FontEntry(fname='C:\\Users\\Abhishek\\AppData\\Roaming\\Python\\Python313\\site-packages\\matplotlib\\mpl-data\\fonts\\ttf\\cmr10.ttf', name='cmr10', style='normal', variant='normal', weight=400, stretch='normal', size='scalable')) = 10.05
2025-10-30 21:15:49,833 [DEBUG] findfont: score(FontEntry(fname='C:\\Users\\Abhishek\\AppData\\Roaming\\Python\\Python313\\site-packages\\matplotlib\\mpl-data\\fonts\\ttf\\DejaVuSansMono-Bold.ttf', name='DejaVu Sans Mono', style='normal', variant='normal', weight=700, stretch='normal', size='scalable')) = 10.335
2025-10-30 21:15:49,835 [DEBUG] findfont: score(FontEntry(fname='C:\\Users\\Abhishek\\AppData\\Roaming\\Python\\Python313\\site-packages\\matplotlib\\mpl-data\\fonts\\ttf\\STIXGeneralBol.ttf', name='STIXGeneral', style='normal', variant='normal', weight=700, stretch='normal', size='scalable')) = 10.335
2025-10-30 21:15:49,836 [DEBUG] findfont: score(FontEntry(fname='C:\\Users\\Abhishek\\AppData\\Roaming\\Python\\Python313\\site-packages\\matplotlib\\mpl-data\\fonts\\ttf\\cmb10.ttf', name='cmb10', style='normal', variant='normal', weight=400, stretch='normal', size='scalable')) = 10.05
2025-10-30 21:15:49,837 [DEBUG] findfont: score(FontEntry(fname='C:\\Users\\Abhishek\\AppData\\Roaming\\Python\\Python313\\site-packages\\matplotlib\\mpl-data\\fonts\\ttf\\cmss10.ttf', name='cmss10', style='normal', variant='normal', weight=400, stretch='normal', size='scalable')) = 10.05
2025-10-30 21:15:49,838 [DEBUG] findfont: score(FontEntry(fname='C:\\Users\\Abhishek\\AppData\\Roaming\\Python\\Python313\\site-packages\\matplotlib\\mpl-data\\fonts\\ttf\\DejaVuSans.ttf', name='DejaVu Sans', style='normal', variant='normal', weight=400, stretch='normal', size='scalable')) = 0.05
2025-10-30 21:15:49,838 [DEBUG] findfont: score(FontEntry(fname='C:\\Users\\Abhishek\\AppData\\Roaming\\Python\\Python313\\site-packages\\matplotlib\\mpl-data\\fonts\\ttf\\STIXSizFourSymBol.ttf', name='STIXSizeFourSym', style='normal', variant='normal', weight=700, stretch='normal', size='scalable')) = 10.335
2025-10-30 21:15:49,839 [DEBUG] findfont: score(FontEntry(fname='C:\\Users\\Abhishek\\AppData\\Roaming\\Python\\Python313\\site-packages\\matplotlib\\mpl-data\\fonts\\ttf\\STIXGeneralItalic.ttf', name='STIXGeneral', style='italic', variant='normal', weight=400, stretch='normal', size='scalable')) = 11.05
2025-10-30 21:15:49,840 [DEBUG] findfont: score(FontEntry(fname='C:\\Users\\Abhishek\\AppData\\Roaming\\Python\\Python313\\site-packages\\matplotlib\\mpl-data\\fonts\\ttf\\DejaVuSans-BoldOblique.ttf', name='DejaVu Sans', style='oblique', variant='normal', weight=700, stretch='normal', size='scalable')) = 1.335
2025-10-30 21:15:49,840 [DEBUG] findfont: score(FontEntry(fname='C:\\Users\\Abhishek\\AppData\\Roaming\\Python\\Python313\\site-packages\\matplotlib\\mpl-data\\fonts\\ttf\\DejaVuSans-Bold.ttf', name='DejaVu Sans', style='normal', variant='normal', weight=700, stretch='normal', size='scalable')) = 0.33499999999999996
2025-10-30 21:15:49,841 [DEBUG] findfont: score(FontEntry(fname='C:\\Users\\Abhishek\\AppData\\Roaming\\Python\\Python313\\site-packages\\matplotlib\\mpl-data\\fonts\\ttf\\STIXNonUni.ttf', name='STIXNonUnicode', style='normal', variant='normal', weight=400, stretch='normal', size='scalable')) = 10.05
2025-10-30 21:15:49,842 [DEBUG] findfont: score(FontEntry(fname='C:\\Users\\Abhishek\\AppData\\Roaming\\Python\\Python313\\site-packages\\matplotlib\\mpl-data\\fonts\\ttf\\DejaVuSansMono.ttf', name='DejaVu Sans Mono', style='normal', variant='normal', weight=400, stretch='normal', size='scalable')) = 10.05
2025-10-30 21:15:49,843 [DEBUG] findfont: score(FontEntry(fname='C:\\Users\\Abhishek\\AppData\\Roaming\\Python\\Python313\\site-packages\\matplotlib\\mpl-data\\fonts\\ttf\\STIXSizOneSymBol.ttf', name='STIXSizeOneSym', style='normal', variant='normal', weight=700, stretch='normal', size='scalable')) = 10.335
2025-10-30 21:15:49,844 [DEBUG] findfont: score(FontEntry(fname='C:\\Users\\Abhishek\\AppData\\Roaming\\Python\\Python313\\site-packages\\matplotlib\\mpl-data\\fonts\\ttf\\DejaVuSerif-Italic.ttf', name='DejaVu Serif', style='italic', variant='normal', weight=400, stretch='normal', size='scalable')) = 11.05
2025-10-30 21:15:49,845 [DEBUG] findfont: score(FontEntry(fname='C:\\Users\\Abhishek\\AppData\\Roaming\\Python\\Python313\\site-packages\\matplotlib\\mpl-data\\fonts\\ttf\\STIXNonUniBol.ttf', name='STIXNonUnicode', style='normal', variant='normal', weight=700, stretch='normal', size='scalable')) = 10.335
2025-10-30 21:15:49,846 [DEBUG] findfont: score(FontEntry(fname='C:\\Users\\Abhishek\\AppData\\Roaming\\Python\\Python313\\site-packages\\matplotlib\\mpl-data\\fonts\\ttf\\STIXSizFiveSymReg.ttf', name='STIXSizeFiveSym', style='normal', variant='normal', weight=400, stretch='normal', size='scalable')) = 10.05
2025-10-30 21:15:49,847 [DEBUG] findfont: score(FontEntry(fname='C:\\Users\\Abhishek\\AppData\\Roaming\\Python\\Python313\\site-packages\\matplotlib\\mpl-data\\fonts\\ttf\\DejaVuSerifDisplay.ttf', name='DejaVu Serif Display', style='normal', variant='normal', weight=400, stretch='normal', size='scalable')) = 10.05
2025-10-30 21:15:49,847 [DEBUG] findfont: score(FontEntry(fname='C:\\Users\\Abhishek\\AppData\\Roaming\\Python\\Python313\\site-packages\\matplotlib\\mpl-data\\fonts\\ttf\\STIXSizFourSymReg.ttf', name='STIXSizeFourSym', style='normal', variant='normal', weight=400, stretch='normal', size='scalable')) = 10.05
2025-10-30 21:15:49,848 [DEBUG] findfont: score(FontEntry(fname='C:\\Users\\Abhishek\\AppData\\Roaming\\Python\\Python313\\site-packages\\matplotlib\\mpl-data\\fonts\\ttf\\DejaVuSansMono-BoldOblique.ttf', name='DejaVu Sans Mono', style='oblique', variant='normal', weight=700, stretch='normal', size='scalable')) = 11.335
2025-10-30 21:15:49,849 [DEBUG] findfont: score(FontEntry(fname='C:\\Users\\Abhishek\\AppData\\Roaming\\Python\\Python313\\site-packages\\matplotlib\\mpl-data\\fonts\\ttf\\DejaVuSans-Oblique.ttf', name='DejaVu Sans', style='oblique', variant='normal', weight=400, stretch='normal', size='scalable')) = 1.05
2025-10-30 21:15:49,849 [DEBUG] findfont: score(FontEntry(fname='C:\\Users\\Abhishek\\AppData\\Roaming\\Python\\Python313\\site-packages\\matplotlib\\mpl-data\\fonts\\ttf\\STIXGeneralBolIta.ttf', name='STIXGeneral', style='italic', variant='normal', weight=700, stretch='normal', size='scalable')) = 11.335
2025-10-30 21:15:49,851 [DEBUG] findfont: score(FontEntry(fname='C:\\Users\\Abhishek\\AppData\\Roaming\\Python\\Python313\\site-packages\\matplotlib\\mpl-data\\fonts\\ttf\\DejaVuSerif.ttf', name='DejaVu Serif', style='normal', variant='normal', weight=400, stretch='normal', size='scalable')) = 10.05
2025-10-30 21:15:49,854 [DEBUG] findfont: score(FontEntry(fname='C:\\Users\\Abhishek\\AppData\\Roaming\\Python\\Python313\\site-packages\\matplotlib\\mpl-data\\fonts\\ttf\\cmsy10.ttf', name='cmsy10', style='normal', variant='normal', weight=400, stretch='normal', size='scalable')) = 10.05
2025-10-30 21:15:49,858 [DEBUG] findfont: score(FontEntry(fname='C:\\Users\\Abhishek\\AppData\\Roaming\\Python\\Python313\\site-packages\\matplotlib\\mpl-data\\fonts\\ttf\\STIXNonUniIta.ttf', name='STIXNonUnicode', style='italic', variant='normal', weight=400, stretch='normal', size='scalable')) = 11.05
2025-10-30 21:15:49,859 [DEBUG] findfont: score(FontEntry(fname='C:\\Users\\Abhishek\\AppData\\Roaming\\Python\\Python313\\site-packages\\matplotlib\\mpl-data\\fonts\\ttf\\STIXSizTwoSymReg.ttf', name='STIXSizeTwoSym', style='normal', variant='normal', weight=400, stretch='normal', size='scalable')) = 10.05
2025-10-30 21:15:49,859 [DEBUG] findfont: score(FontEntry(fname='C:\\Users\\Abhishek\\AppData\\Roaming\\Python\\Python313\\site-packages\\matplotlib\\mpl-data\\fonts\\ttf\\cmmi10.ttf', name='cmmi10', style='normal', variant='normal', weight=400, stretch='normal', size='scalable')) = 10.05
2025-10-30 21:15:49,860 [DEBUG] findfont: score(FontEntry(fname='C:\\Users\\Abhishek\\AppData\\Roaming\\Python\\Python313\\site-packages\\matplotlib\\mpl-data\\fonts\\ttf\\DejaVuSerif-Bold.ttf', name='DejaVu Serif', style='normal', variant='normal', weight=700, stretch='normal', size='scalable')) = 10.335
2025-10-30 21:15:49,861 [DEBUG] findfont: score(FontEntry(fname='C:\\Users\\Abhishek\\AppData\\Roaming\\Python\\Python313\\site-packages\\matplotlib\\mpl-data\\fonts\\ttf\\DejaVuSansDisplay.ttf', name='DejaVu Sans Display', style='normal', variant='normal', weight=400, stretch='normal', size='scalable')) = 10.05
2025-10-30 21:15:49,861 [DEBUG] findfont: score(FontEntry(fname='C:\\Users\\Abhishek\\AppData\\Roaming\\Python\\Python313\\site-packages\\matplotlib\\mpl-data\\fonts\\ttf\\DejaVuSansMono-Oblique.ttf', name='DejaVu Sans Mono', style='oblique', variant='normal', weight=400, stretch='normal', size='scalable')) = 11.05
2025-10-30 21:15:49,862 [DEBUG] findfont: score(FontEntry(fname='C:\\Users\\Abhishek\\AppData\\Roaming\\Python\\Python313\\site-packages\\matplotlib\\mpl-data\\fonts\\ttf\\STIXSizThreeSymBol.ttf', name='STIXSizeThreeSym', style='normal', variant='normal', weight=700, stretch='normal', size='scalable')) = 10.335
2025-10-30 21:15:49,863 [DEBUG] findfont: score(FontEntry(fname='C:\\Users\\Abhishek\\AppData\\Roaming\\Python\\Python313\\site-packages\\matplotlib\\mpl-data\\fonts\\ttf\\STIXSizThreeSymReg.ttf', name='STIXSizeThreeSym', style='normal', variant='normal', weight=400, stretch='normal', size='scalable')) = 10.05
2025-10-30 21:15:49,863 [DEBUG] findfont: score(FontEntry(fname='C:\\Users\\Abhishek\\AppData\\Roaming\\Python\\Python313\\site-packages\\matplotlib\\mpl-data\\fonts\\ttf\\cmex10.ttf', name='cmex10', style='normal', variant='normal', weight=400, stretch='normal', size='scalable')) = 10.05
2025-10-30 21:15:49,864 [DEBUG] findfont: score(FontEntry(fname='C:\\Users\\Abhishek\\AppData\\Roaming\\Python\\Python313\\site-packages\\matplotlib\\mpl-data\\fonts\\ttf\\cmtt10.ttf', name='cmtt10', style='normal', variant='normal', weight=400, stretch='normal', size='scalable')) = 10.05
2025-10-30 21:15:49,865 [DEBUG] findfont: score(FontEntry(fname='C:\\Users\\Abhishek\\AppData\\Roaming\\Python\\Python313\\site-packages\\matplotlib\\mpl-data\\fonts\\ttf\\STIXSizTwoSymBol.ttf', name='STIXSizeTwoSym', style='normal', variant='normal', weight=700, stretch='normal', size='scalable')) = 10.335
2025-10-30 21:15:49,865 [DEBUG] findfont: score(FontEntry(fname='C:\\Users\\Abhishek\\AppData\\Roaming\\Python\\Python313\\site-packages\\matplotlib\\mpl-data\\fonts\\ttf\\STIXGeneral.ttf', name='STIXGeneral', style='normal', variant='normal', weight=400, stretch='normal', size='scalable')) = 10.05
2025-10-30 21:15:49,866 [DEBUG] findfont: score(FontEntry(fname='C:\\Users\\Abhishek\\AppData\\Roaming\\Python\\Python313\\site-packages\\matplotlib\\mpl-data\\fonts\\ttf\\DejaVuSerif-BoldItalic.ttf', name='DejaVu Serif', style='italic', variant='normal', weight=700, stretch='normal', size='scalable')) = 11.335
2025-10-30 21:15:49,867 [DEBUG] findfont: score(FontEntry(fname='C:\\Users\\Abhishek\\AppData\\Roaming\\Python\\Python313\\site-packages\\matplotlib\\mpl-data\\fonts\\ttf\\STIXNonUniBolIta.ttf', name='STIXNonUnicode', style='italic', variant='normal', weight=700, stretch='normal', size='scalable')) = 11.335
2025-10-30 21:15:49,868 [DEBUG] findfont: score(FontEntry(fname='C:\\Users\\Abhishek\\AppData\\Roaming\\Python\\Python313\\site-packages\\matplotlib\\mpl-data\\fonts\\ttf\\STIXSizOneSymReg.ttf', name='STIXSizeOneSym', style='normal', variant='normal', weight=400, stretch='normal', size='scalable')) = 10.05
2025-10-30 21:15:49,869 [DEBUG] findfont: score(FontEntry(fname='C:\\Windows\\Fonts\\GOTHICBI.TTF', name='Century Gothic', style='italic', variant='normal', weight=700, stretch='normal', size='scalable')) = 11.335
2025-10-30 21:15:49,870 [DEBUG] findfont: score(FontEntry(fname='C:\\Windows\\Fonts\\seguiemj.ttf', name='Segoe UI Emoji', style='normal', variant='normal', weight=400, stretch='normal', size='scalable')) = 10.05
2025-10-30 21:15:49,871 [DEBUG] findfont: score(FontEntry(fname='C:\\Windows\\Fonts\\FRABK.TTF', name='Franklin Gothic Book', style='normal', variant='normal', weight=400, stretch='normal', size='scalable')) = 10.05
2025-10-30 21:15:49,872 [DEBUG] findfont: score(FontEntry(fname='C:\\Windows\\Fonts\\georgiai.ttf', name='Georgia', style='italic', variant='normal', weight=400, stretch='normal', size='scalable')) = 11.05
2025-10-30 21:15:49,872 [DEBUG] findfont: score(FontEntry(fname='C:\\Windows\\Fonts\\SNAP____.TTF', name='Snap ITC', style='normal', variant='normal', weight=400, stretch='normal', size='scalable')) = 10.05
2025-10-30 21:15:49,873 [DEBUG] findfont: score(FontEntry(fname='C:\\Windows\\Fonts\\segoepr.ttf', name='Segoe Print', style='normal', variant='normal', weight=400, stretch='normal', size='scalable')) = 10.05
2025-10-30 21:15:49,874 [DEBUG] findfont: score(FontEntry(fname='C:\\Windows\\Fonts\\seguisb.ttf', name='Segoe UI', style='normal', variant='normal', weight=600, stretch='normal', size='scalable')) = 10.24
2025-10-30 21:15:49,875 [DEBUG] findfont: score(FontEntry(fname='C:\\Windows\\Fonts\\FELIXTI.TTF', name='Felix Titling', style='normal', variant='normal', weight=400, stretch='normal', size='scalable')) = 10.05
2025-10-30 21:15:49,876 [DEBUG] findfont: score(FontEntry(fname='C:\\Windows\\Fonts\\GARA.TTF', name='Garamond', style='normal', variant='normal', weight=400, stretch='normal', size='scalable')) = 10.05
2025-10-30 21:15:49,876 [DEBUG] findfont: score(FontEntry(fname='C:\\Windows\\Fonts\\ariblk.ttf', name='Arial', style='normal', variant='normal', weight=900, stretch='normal', size='scalable')) = 6.888636363636364
2025-10-30 21:15:49,877 [DEBUG] findfont: score(FontEntry(fname='C:\\Windows\\Fonts\\Gabriola.ttf', name='Gabriola', style='normal', variant='normal', weight=400, stretch='normal', size='scalable')) = 10.05
2025-10-30 21:15:49,877 [DEBUG] findfont: score(FontEntry(fname='C:\\Windows\\Fonts\\ARIALN.TTF', name='Arial', style='normal', variant='normal', weight=400, stretch='condensed', size='scalable')) = 6.613636363636363
2025-10-30 21:15:49,878 [DEBUG] findfont: score(FontEntry(fname='C:\\Windows\\Fonts\\TCCM____.TTF', name='Tw Cen MT Condensed', style='normal', variant='normal', weight=400, stretch='condensed', size='scalable')) = 10.25
2025-10-30 21:15:49,879 [DEBUG] findfont: score(FontEntry(fname='C:\\Windows\\Fonts\\LATINWD.TTF', name='Wide Latin', style='normal', variant='normal', weight=400, stretch='expanded', size='scalable')) = 10.25
2025-10-30 21:15:49,879 [DEBUG] findfont: score(FontEntry(fname='C:\\Windows\\Fonts\\LTYPE.TTF', name='Lucida Sans Typewriter', style='normal', variant='normal', weight=400, stretch='normal', size='scalable')) = 10.05
2025-10-30 21:15:49,880 [DEBUG] findfont: score(FontEntry(fname='C:\\Windows\\Fonts\\BSSYM7.TTF', name='Bookshelf Symbol 7', style='normal', variant='normal', weight=400, stretch='normal', size='scalable')) = 10.05
2025-10-30 21:15:49,880 [DEBUG] findfont: score(FontEntry(fname='C:\\Windows\\Fonts\\GIL_____.TTF', name='Gill Sans MT', style='normal', variant='normal', weight=400, stretch='normal', size='scalable')) = 10.05
2025-10-30 21:15:49,881 [DEBUG] findfont: score(FontEntry(fname='C:\\Windows\\Fonts\\pala.ttf', name='Palatino Linotype', style='normal', variant='normal', weight=400, stretch='normal', size='scalable')) = 10.05
2025-10-30 21:15:49,882 [DEBUG] findfont: score(FontEntry(fname='C:\\Windows\\Fonts\\GARAIT.TTF', name='Garamond', style='italic', variant='normal', weight=400, stretch='normal', size='scalable')) = 11.05
2025-10-30 21:15:49,883 [DEBUG] findfont: score(FontEntry(fname='C:\\Windows\\Fonts\\CURLZ___.TTF', name='Curlz MT', style='normal', variant='normal', weight=400, stretch='normal', size='scalable')) = 10.05
2025-10-30 21:15:49,884 [DEBUG] findfont: score(FontEntry(fname='C:\\Windows\\Fonts\\corbelli.ttf', name='Corbel', style='italic', variant='normal', weight=300, stretch='normal', size='scalable')) = 11.145
2025-10-30 21:15:49,884 [DEBUG] findfont: score(FontEntry(fname='C:\\Windows\\Fonts\\COOPBL.TTF', name='Cooper Black', style='normal', variant='normal', weight=400, stretch='normal', size='scalable')) = 10.05
2025-10-30 21:15:49,885 [DEBUG] findfont: score(FontEntry(fname='C:\\Windows\\Fonts\\ARLRDBD.TTF', name='Arial Rounded MT Bold', style='normal', variant='normal', weight=400, stretch='normal', size='scalable')) = 10.05
2025-10-30 21:15:49,886 [DEBUG] findfont: score(FontEntry(fname='C:\\Windows\\Fonts\\trebuc.ttf', name='Trebuchet MS', style='normal', variant='normal', weight=400, stretch='normal', size='scalable')) = 10.05
2025-10-30 21:15:49,887 [DEBUG] findfont: score(FontEntry(fname='C:\\Windows\\Fonts\\LFAXD.TTF', name='Lucida Fax', style='normal', variant='normal', weight=600, stretch='normal', size='scalable')) = 10.24
2025-10-30 21:15:49,888 [DEBUG] findfont: score(FontEntry(fname='C:\\Windows\\Fonts\\courbi.ttf', name='Courier New', style='italic', variant='normal', weight=700, stretch='normal', size='scalable')) = 11.335
2025-10-30 21:15:49,889 [DEBUG] findfont: score(FontEntry(fname='C:\\Windows\\Fonts\\CALISTBI.TTF', name='Calisto MT', style='italic', variant='normal', weight=700, stretch='normal', size='scalable')) = 11.335
2025-10-30 21:15:49,889 [DEBUG] findfont: score(FontEntry(fname='C:\\Windows\\Fonts\\segoeuisl.ttf', name='Segoe UI', style='normal', variant='normal', weight=350, stretch='normal', size='scalable')) = 10.0975
2025-10-30 21:15:49,890 [DEBUG] findfont: score(FontEntry(fname='C:\\Windows\\Fonts\\couri.ttf', name='Courier New', style='italic', variant='normal', weight=400, stretch='normal', size='scalable')) = 11.05
2025-10-30 21:15:49,891 [DEBUG] findfont: score(FontEntry(fname='C:\\Windows\\Fonts\\SCRIPTBL.TTF', name='Script MT Bold', style='normal', variant='normal', weight=700, stretch='normal', size='scalable')) = 10.335
2025-10-30 21:15:49,892 [DEBUG] findfont: score(FontEntry(fname='C:\\Windows\\Fonts\\ELEPHNTI.TTF', name='Elephant', style='italic', variant='normal', weight=400, stretch='normal', size='scalable')) = 11.05
2025-10-30 21:15:49,892 [DEBUG] findfont: score(FontEntry(fname='C:\\Windows\\Fonts\\LSANS.TTF', name='Lucida Sans', style='normal', variant='normal', weight=400, stretch='normal', size='scalable')) = 10.05
2025-10-30 21:15:49,893 [DEBUG] findfont: score(FontEntry(fname='C:\\Windows\\Fonts\\RAVIE.TTF', name='Ravie', style='normal', variant='normal', weight=400, stretch='normal', size='scalable')) = 10.05
2025-10-30 21:15:49,894 [DEBUG] findfont: score(FontEntry(fname='C:\\Windows\\Fonts\\LTYPEO.TTF', name='Lucida Sans Typewriter', style='oblique', variant='normal', weight=400, stretch='normal', size='scalable')) = 11.05
2025-10-30 21:15:49,894 [DEBUG] findfont: score(FontEntry(fname='C:\\Windows\\Fonts\\framd.ttf', name='Franklin Gothic Medium', style='normal', variant='normal', weight=400, stretch='normal', size='scalable')) = 10.05
2025-10-30 21:15:49,895 [DEBUG] findfont: score(FontEntry(fname='C:\\Windows\\Fonts\\mmrtext.ttf', name='Myanmar Text', style='normal', variant='normal', weight=400, stretch='normal', size='scalable')) = 10.05
2025-10-30 21:15:49,896 [DEBUG] findfont: score(FontEntry(fname='C:\\Windows\\Fonts\\ENGR.TTF', name='Engravers MT', style='normal', variant='normal', weight=500, stretch='normal', size='scalable')) = 10.145
2025-10-30 21:15:49,896 [DEBUG] findfont: score(FontEntry(fname='C:\\Windows\\Fonts\\FREESCPT.TTF', name='Freestyle Script', style='normal', variant='normal', weight=400, stretch='normal', size='scalable')) = 10.05
2025-10-30 21:15:49,897 [DEBUG] findfont: score(FontEntry(fname='C:\\Windows\\Fonts\\BOD_B.TTF', name='Bodoni MT', style='normal', variant='normal', weight=700, stretch='normal', size='scalable')) = 10.335
2025-10-30 21:15:49,898 [DEBUG] findfont: score(FontEntry(fname='C:\\Windows\\Fonts\\segoeprb.ttf', name='Segoe Print', style='normal', variant='normal', weight=700, stretch='normal', size='scalable')) = 10.335
2025-10-30 21:15:49,898 [DEBUG] findfont: score(FontEntry(fname='C:\\Windows\\Fonts\\GOTHIC.TTF', name='Century Gothic', style='normal', variant='normal', weight=400, stretch='normal', size='scalable')) = 10.05
2025-10-30 21:15:49,899 [DEBUG] findfont: score(FontEntry(fname='C:\\Windows\\Fonts\\consola.ttf', name='Consolas', style='normal', variant='normal', weight=400, stretch='normal', size='scalable')) = 10.05
2025-10-30 21:15:49,900 [DEBUG] findfont: score(FontEntry(fname='C:\\Windows\\Fonts\\constani.ttf', name='Constantia', style='italic', variant='normal', weight=400, stretch='normal', size='scalable')) = 11.05
2025-10-30 21:15:49,901 [DEBUG] findfont: score(FontEntry(fname='C:\\Windows\\Fonts\\MOD20.TTF', name='Modern No. 20', style='normal', variant='normal', weight=400, stretch='normal', size='scalable')) = 10.05
2025-10-30 21:15:49,903 [DEBUG] findfont: score(FontEntry(fname='C:\\Windows\\Fonts\\BELLI.TTF', name='Bell MT', style='italic', variant='normal', weight=400, stretch='normal', size='scalable')) = 11.05
2025-10-30 21:15:49,904 [DEBUG] findfont: score(FontEntry(fname='C:\\Windows\\Fonts\\ARIALNB.TTF', name='Arial', style='normal', variant='normal', weight=700, stretch='condensed', size='scalable')) = 6.8986363636363635
2025-10-30 21:15:49,905 [DEBUG] findfont: score(FontEntry(fname='C:\\Windows\\Fonts\\LSANSD.TTF', name='Lucida Sans', style='normal', variant='normal', weight=600, stretch='normal', size='scalable')) = 10.24
2025-10-30 21:15:49,906 [DEBUG] findfont: score(FontEntry(fname='C:\\Windows\\Fonts\\COPRGTB.TTF', name='Copperplate Gothic Bold', style='normal', variant='normal', weight=400, stretch='normal', size='scalable')) = 10.05
2025-10-30 21:15:49,906 [DEBUG] findfont: score(FontEntry(fname='C:\\Windows\\Fonts\\ariali.ttf', name='Arial', style='italic', variant='normal', weight=400, stretch='normal', size='scalable')) = 7.413636363636363
2025-10-30 21:15:49,907 [DEBUG] findfont: score(FontEntry(fname='C:\\Windows\\Fonts\\ERASLGHT.TTF', name='Eras Light ITC', style='normal', variant='normal', weight=400, stretch='normal', size='scalable')) = 10.05
2025-10-30 21:15:49,908 [DEBUG] findfont: score(FontEntry(fname='C:\\Windows\\Fonts\\REFSPCL.TTF', name='MS Reference Specialty', style='normal', variant='normal', weight=400, stretch='normal', size='scalable')) = 10.05
2025-10-30 21:15:49,908 [DEBUG] findfont: score(FontEntry(fname='C:\\Windows\\Fonts\\WINGDNG3.TTF', name='Wingdings 3', style='normal', variant='normal', weight=400, stretch='normal', size='scalable')) = 10.05
2025-10-30 21:15:49,909 [DEBUG] findfont: score(FontEntry(fname='C:\\Windows\\Fonts\\GOUDYSTO.TTF', name='Goudy Stout', style='normal', variant='normal', weight=400, stretch='normal', size='scalable')) = 10.05
2025-10-30 21:15:49,910 [DEBUG] findfont: score(FontEntry(fname='C:\\Windows\\Fonts\\LFAXI.TTF', name='Lucida Fax', style='italic', variant='normal', weight=400, stretch='normal', size='scalable')) = 11.05
2025-10-30 21:15:49,910 [DEBUG] findfont: score(FontEntry(fname='C:\\Windows\\Fonts\\LeelUIsl.ttf', name='Leelawadee UI', style='normal', variant='normal', weight=350, stretch='normal', size='scalable')) = 10.0975
2025-10-30 21:15:49,911 [DEBUG] findfont: score(FontEntry(fname='C:\\Windows\\Fonts\\GOTHICI.TTF', name='Century Gothic', style='italic', variant='normal', weight=400, stretch='normal', size='scalable')) = 11.05
2025-10-30 21:15:49,911 [DEBUG] findfont: score(FontEntry(fname='C:\\Windows\\Fonts\\hpsimplifiedjpan-light.ttf', name='HP Simplified Jpan', style='normal', variant='normal', weight=300, stretch='normal', size='scalable')) = 10.145
2025-10-30 21:15:49,912 [DEBUG] findfont: score(FontEntry(fname='C:\\Windows\\Fonts\\PALSCRI.TTF', name='Palace Script MT', style='normal', variant='normal', weight=400, stretch='normal', size='scalable')) = 10.05
2025-10-30 21:15:49,912 [DEBUG] findfont: score(FontEntry(fname='C:\\Windows\\Fonts\\VINERITC.TTF', name='Viner Hand ITC', style='normal', variant='normal', weight=400, stretch='normal', size='scalable')) = 10.05
2025-10-30 21:15:49,913 [DEBUG] findfont: score(FontEntry(fname='C:\\Windows\\Fonts\\simsunb.ttf', name='SimSun-ExtB', style='normal', variant='normal', weight=400, stretch='normal', size='scalable')) = 10.05
2025-10-30 21:15:49,913 [DEBUG] findfont: score(FontEntry(fname='C:\\Windows\\Fonts\\webdings.ttf', name='Webdings', style='normal', variant='normal', weight=400, stretch='normal', size='scalable')) = 10.05
2025-10-30 21:15:49,914 [DEBUG] findfont: score(FontEntry(fname='C:\\Windows\\Fonts\\HPSimplified_Rg.ttf', name='HP Simplified', style='normal', variant='normal', weight=400, stretch='normal', size='scalable')) = 10.05
2025-10-30 21:15:49,915 [DEBUG] findfont: score(FontEntry(fname='C:\\Windows\\Fonts\\segoeuii.ttf', name='Segoe UI', style='italic', variant='normal', weight=400, stretch='normal', size='scalable')) = 11.05
2025-10-30 21:15:49,915 [DEBUG] findfont: score(FontEntry(fname='C:\\Windows\\Fonts\\calibriz.ttf', name='Calibri', style='italic', variant='normal', weight=700, stretch='normal', size='scalable')) = 11.335
2025-10-30 21:15:49,916 [DEBUG] findfont: score(FontEntry(fname='C:\\Windows\\Fonts\\BERNHC.TTF', name='Bernard MT Condensed', style='normal', variant='normal', weight=400, stretch='condensed', size='scalable')) = 10.25
2025-10-30 21:15:49,917 [DEBUG] findfont: score(FontEntry(fname='C:\\Windows\\Fonts\\LBRITED.TTF', name='Lucida Bright', style='normal', variant='normal', weight=600, stretch='normal', size='scalable')) = 10.24
2025-10-30 21:15:49,918 [DEBUG] findfont: score(FontEntry(fname='C:\\Windows\\Fonts\\calibril.ttf', name='Calibri', style='normal', variant='normal', weight=300, stretch='normal', size='scalable')) = 10.145
2025-10-30 21:15:49,919 [DEBUG] findfont: score(FontEntry(fname='C:\\Windows\\Fonts\\MTEXTRA.TTF', name='MT Extra', style='normal', variant='normal', weight=400, stretch='normal', size='scalable')) = 10.05
2025-10-30 21:15:49,920 [DEBUG] findfont: score(FontEntry(fname='C:\\Windows\\Fonts\\LBRITEI.TTF', name='Lucida Bright', style='italic', variant='normal', weight=400, stretch='normal', size='scalable')) = 11.05
2025-10-30 21:15:49,921 [DEBUG] findfont: score(FontEntry(fname='C:\\Windows\\Fonts\\Nirmala.ttc', name='Nirmala UI', style='normal', variant='normal', weight=400, stretch='normal', size='scalable')) = 10.05
2025-10-30 21:15:49,922 [DEBUG] findfont: score(FontEntry(fname='C:\\Windows\\Fonts\\cambriai.ttf', name='Cambria', style='italic', variant='normal', weight=400, stretch='normal', size='scalable')) = 11.05
2025-10-30 21:15:49,922 [DEBUG] findfont: score(FontEntry(fname='C:\\Windows\\Fonts\\PRISTINA.TTF', name='Pristina', style='normal', variant='normal', weight=400, stretch='normal', size='scalable')) = 10.05
2025-10-30 21:15:49,923 [DEBUG] findfont: score(FontEntry(fname='C:\\Windows\\Fonts\\SansSerifCollection.ttf', name='Sans Serif Collection', style='normal', variant='normal', weight=400, stretch='normal', size='scalable')) = 10.05
2025-10-30 21:15:49,924 [DEBUG] findfont: score(FontEntry(fname='C:\\Windows\\Fonts\\constanb.ttf', name='Constantia', style='normal', variant='normal', weight=700, stretch='normal', size='scalable')) = 10.335
2025-10-30 21:15:49,924 [DEBUG] findfont: score(FontEntry(fname='C:\\Windows\\Fonts\\TCM_____.TTF', name='Tw Cen MT', style='normal', variant='normal', weight=400, stretch='normal', size='scalable')) = 10.05
2025-10-30 21:15:49,925 [DEBUG] findfont: score(FontEntry(fname='C:\\Windows\\Fonts\\msjh.ttc', name='Microsoft JhengHei', style='normal', variant='normal', weight=400, stretch='normal', size='scalable')) = 10.05
2025-10-30 21:15:49,926 [DEBUG] findfont: score(FontEntry(fname='C:\\Windows\\Fonts\\sylfaen.ttf', name='Sylfaen', style='normal', variant='normal', weight=400, stretch='normal', size='scalable')) = 10.05
2025-10-30 21:15:49,926 [DEBUG] findfont: score(FontEntry(fname='C:\\Windows\\Fonts\\SCHLBKBI.TTF', name='Century Schoolbook', style='italic', variant='normal', weight=700, stretch='normal', size='scalable')) = 11.335
2025-10-30 21:15:49,927 [DEBUG] findfont: score(FontEntry(fname='C:\\Windows\\Fonts\\INFROMAN.TTF', name='Informal Roman', style='normal', variant='normal', weight=400, stretch='normal', size='scalable')) = 10.05
2025-10-30 21:15:49,927 [DEBUG] findfont: score(FontEntry(fname='C:\\Windows\\Fonts\\seguibli.ttf', name='Segoe UI', style='italic', variant='normal', weight=900, stretch='normal', size='scalable')) = 11.525
2025-10-30 21:15:49,928 [DEBUG] findfont: score(FontEntry(fname='C:\\Windows\\Fonts\\TCB_____.TTF', name='Tw Cen MT', style='normal', variant='normal', weight=700, stretch='normal', size='scalable')) = 10.335
2025-10-30 21:15:49,929 [DEBUG] findfont: score(FontEntry(fname='C:\\Windows\\Fonts\\WINGDNG2.TTF', name='Wingdings 2', style='normal', variant='normal', weight=400, stretch='normal', size='scalable')) = 10.05
2025-10-30 21:15:49,929 [DEBUG] findfont: score(FontEntry(fname='C:\\Windows\\Fonts\\FRAHVIT.TTF', name='Franklin Gothic Heavy', style='italic', variant='normal', weight=400, stretch='normal', size='scalable')) = 11.05
2025-10-30 21:15:49,930 [DEBUG] findfont: score(FontEntry(fname='C:\\Windows\\Fonts\\PERTILI.TTF', name='Perpetua Titling MT', style='normal', variant='normal', weight=300, stretch='normal', size='scalable')) = 10.145
2025-10-30 21:15:49,930 [DEBUG] findfont: score(FontEntry(fname='C:\\Windows\\Fonts\\LeelawUI.ttf', name='Leelawadee UI', style='normal', variant='normal', weight=400, stretch='normal', size='scalable')) = 10.05
2025-10-30 21:15:49,931 [DEBUG] findfont: score(FontEntry(fname='C:\\Windows\\Fonts\\CHILLER.TTF', name='Chiller', style='normal', variant='normal', weight=400, stretch='normal', size='scalable')) = 10.05
2025-10-30 21:15:49,932 [DEBUG] findfont: score(FontEntry(fname='C:\\Windows\\Fonts\\segoeui.ttf', name='Segoe UI', style='normal', variant='normal', weight=400, stretch='normal', size='scalable')) = 10.05
2025-10-30 21:15:49,933 [DEBUG] findfont: score(FontEntry(fname='C:\\Windows\\Fonts\\LFAX.TTF', name='Lucida Fax', style='normal', variant='normal', weight=400, stretch='normal', size='scalable')) = 10.05
2025-10-30 21:15:49,934 [DEBUG] findfont: score(FontEntry(fname='C:\\Windows\\Fonts\\CALIST.TTF', name='Calisto MT', style='normal', variant='normal', weight=400, stretch='normal', size='scalable')) = 10.05
2025-10-30 21:15:49,935 [DEBUG] findfont: score(FontEntry(fname='C:\\Windows\\Fonts\\palab.ttf', name='Palatino Linotype', style='normal', variant='normal', weight=700, stretch='normal', size='scalable')) = 10.335
2025-10-30 21:15:49,935 [DEBUG] findfont: score(FontEntry(fname='C:\\Windows\\Fonts\\CENTAUR.TTF', name='Centaur', style='normal', variant='normal', weight=400, stretch='normal', size='scalable')) = 10.05
2025-10-30 21:15:49,936 [DEBUG] findfont: score(FontEntry(fname='C:\\Windows\\Fonts\\LHANDW.TTF', name='Lucida Handwriting', style='italic', variant='normal', weight=400, stretch='normal', size='scalable')) = 11.05
2025-10-30 21:15:49,937 [DEBUG] findfont: score(FontEntry(fname='C:\\Windows\\Fonts\\segoesc.ttf', name='Segoe Script', style='normal', variant='normal', weight=400, stretch='normal', size='scalable')) = 10.05
2025-10-30 21:15:49,938 [DEBUG] findfont: score(FontEntry(fname='C:\\Windows\\Fonts\\palabi.ttf', name='Palatino Linotype', style='italic', variant='normal', weight=700, stretch='normal', size='scalable')) = 11.335
2025-10-30 21:15:49,939 [DEBUG] findfont: score(FontEntry(fname='C:\\Windows\\Fonts\\timesbd.ttf', name='Times New Roman', style='normal', variant='normal', weight=700, stretch='normal', size='scalable')) = 10.335
2025-10-30 21:15:49,939 [DEBUG] findfont: score(FontEntry(fname='C:\\Windows\\Fonts\\JOKERMAN.TTF', name='Jokerman', style='normal', variant='normal', weight=400, stretch='normal', size='scalable')) = 10.05
2025-10-30 21:15:49,940 [DEBUG] findfont: score(FontEntry(fname='C:\\Windows\\Fonts\\framdit.ttf', name='Franklin Gothic Medium', style='italic', variant='normal', weight=400, stretch='normal', size='scalable')) = 11.05
2025-10-30 21:15:49,940 [DEBUG] findfont: score(FontEntry(fname='C:\\Windows\\Fonts\\calibri.ttf', name='Calibri', style='normal', variant='normal', weight=400, stretch='normal', size='scalable')) = 10.05
2025-10-30 21:15:49,941 [DEBUG] findfont: score(FontEntry(fname='C:\\Windows\\Fonts\\georgia.ttf', name='Georgia', style='normal', variant='normal', weight=400, stretch='normal', size='scalable')) = 10.05
2025-10-30 21:15:49,942 [DEBUG] findfont: score(FontEntry(fname='C:\\Windows\\Fonts\\SCHLBKB.TTF', name='Century Schoolbook', style='normal', variant='normal', weight=700, stretch='normal', size='scalable')) = 10.335
2025-10-30 21:15:49,943 [DEBUG] findfont: score(FontEntry(fname='C:\\Windows\\Fonts\\ERASMD.TTF', name='Eras Medium ITC', style='normal', variant='normal', weight=400, stretch='normal', size='scalable')) = 10.05
2025-10-30 21:15:49,943 [DEBUG] findfont: score(FontEntry(fname='C:\\Windows\\Fonts\\COPRGTL.TTF', name='Copperplate Gothic Light', style='normal', variant='normal', weight=400, stretch='normal', size='scalable')) = 10.05
2025-10-30 21:15:49,944 [DEBUG] findfont: score(FontEntry(fname='C:\\Windows\\Fonts\\bahnschrift.ttf', name='Bahnschrift', style='normal', variant='normal', weight=400, stretch='normal', size='scalable')) = 10.05
2025-10-30 21:15:49,944 [DEBUG] findfont: score(FontEntry(fname='C:\\Windows\\Fonts\\BRITANIC.TTF', name='Britannic Bold', style='normal', variant='normal', weight=400, stretch='normal', size='scalable')) = 10.05
2025-10-30 21:15:49,945 [DEBUG] findfont: score(FontEntry(fname='C:\\Windows\\Fonts\\LSANSDI.TTF', name='Lucida Sans', style='italic', variant='normal', weight=600, stretch='normal', size='scalable')) = 11.24
2025-10-30 21:15:49,945 [DEBUG] findfont: score(FontEntry(fname='C:\\Windows\\Fonts\\HARNGTON.TTF', name='Harrington', style='normal', variant='normal', weight=400, stretch='normal', size='scalable')) = 10.05
2025-10-30 21:15:49,946 [DEBUG] findfont: score(FontEntry(fname='C:\\Windows\\Fonts\\BOD_PSTC.TTF', name='Bodoni MT', style='normal', variant='normal', weight=300, stretch='normal', size='scalable')) = 10.145
2025-10-30 21:15:49,947 [DEBUG] findfont: score(FontEntry(fname='C:\\Windows\\Fonts\\COLONNA.TTF', name='Colonna MT', style='normal', variant='normal', weight=400, stretch='normal', size='scalable')) = 10.05
2025-10-30 21:15:49,947 [DEBUG] findfont: score(FontEntry(fname='C:\\Windows\\Fonts\\monbaiti.ttf', name='Mongolian Baiti', style='normal', variant='normal', weight=400, stretch='normal', size='scalable')) = 10.05
2025-10-30 21:15:49,948 [DEBUG] findfont: score(FontEntry(fname='C:\\Windows\\Fonts\\HPSimplified_It.ttf', name='HP Simplified', style='italic', variant='normal', weight=400, stretch='normal', size='scalable')) = 11.05
2025-10-30 21:15:49,949 [DEBUG] findfont: score(FontEntry(fname='C:\\Windows\\Fonts\\SitkaVF.ttf', name='Sitka', style='normal', variant='normal', weight=400, stretch='normal', size='scalable')) = 10.05
2025-10-30 21:15:49,949 [DEBUG] findfont: score(FontEntry(fname='C:\\Windows\\Fonts\\ebrima.ttf', name='Ebrima', style='normal', variant='normal', weight=400, stretch='normal', size='scalable')) = 10.05
2025-10-30 21:15:49,950 [DEBUG] findfont: score(FontEntry(fname='C:\\Windows\\Fonts\\YuGothR.ttc', name='Yu Gothic', style='normal', variant='normal', weight=400, stretch='normal', size='scalable')) = 10.05
2025-10-30 21:15:49,951 [DEBUG] findfont: score(FontEntry(fname='C:\\Windows\\Fonts\\timesbi.ttf', name='Times New Roman', style='italic', variant='normal', weight=700, stretch='normal', size='scalable')) = 11.335
2025-10-30 21:15:49,952 [DEBUG] findfont: score(FontEntry(fname='C:\\Windows\\Fonts\\LBRITEDI.TTF', name='Lucida Bright', style='italic', variant='normal', weight=600, stretch='normal', size='scalable')) = 11.24
2025-10-30 21:15:49,953 [DEBUG] findfont: score(FontEntry(fname='C:\\Windows\\Fonts\\STENCIL.TTF', name='Stencil', style='normal', variant='normal', weight=400, stretch='normal', size='scalable')) = 10.05
2025-10-30 21:15:49,953 [DEBUG] findfont: score(FontEntry(fname='C:\\Windows\\Fonts\\lucon.ttf', name='Lucida Console', style='normal', variant='normal', weight=400, stretch='normal', size='scalable')) = 10.05
2025-10-30 21:15:49,954 [DEBUG] findfont: score(FontEntry(fname='C:\\Windows\\Fonts\\ITCKRIST.TTF', name='Kristen ITC', style='normal', variant='normal', weight=400, stretch='normal', size='scalable')) = 10.05
2025-10-30 21:15:49,955 [DEBUG] findfont: score(FontEntry(fname='C:\\Windows\\Fonts\\ALGER.TTF', name='Algerian', style='normal', variant='normal', weight=400, stretch='normal', size='scalable')) = 10.05
2025-10-30 21:15:49,956 [DEBUG] findfont: score(FontEntry(fname='C:\\Windows\\Fonts\\HPSimplified.ttf', name='HP Simplified', style='normal', variant='normal', weight=700, stretch='normal', size='scalable')) = 10.335
2025-10-30 21:15:49,956 [DEBUG] findfont: score(FontEntry(fname='C:\\Windows\\Fonts\\courbd.ttf', name='Courier New', style='normal', variant='normal', weight=700, stretch='normal', size='scalable')) = 10.335
2025-10-30 21:15:49,957 [DEBUG] findfont: score(FontEntry(fname='C:\\Windows\\Fonts\\SimsunExtG.ttf', name='SimSun-ExtG', style='normal', variant='normal', weight=400, stretch='normal', size='scalable')) = 10.05
2025-10-30 21:15:49,958 [DEBUG] findfont: score(FontEntry(fname='C:\\Windows\\Fonts\\HPSimplified_BdIt.ttf', name='HP Simplified', style='italic', variant='normal', weight=700, stretch='normal', size='scalable')) = 11.335
2025-10-30 21:15:49,958 [DEBUG] findfont: score(FontEntry(fname='C:\\Windows\\Fonts\\taileb.ttf', name='Microsoft Tai Le', style='normal', variant='normal', weight=700, stretch='normal', size='scalable')) = 10.335
2025-10-30 21:15:49,959 [DEBUG] findfont: score(FontEntry(fname='C:\\Windows\\Fonts\\FRADM.TTF', name='Franklin Gothic Demi', style='normal', variant='normal', weight=400, stretch='normal', size='scalable')) = 10.05
2025-10-30 21:15:49,960 [DEBUG] findfont: score(FontEntry(fname='C:\\Windows\\Fonts\\seguihis.ttf', name='Segoe UI Historic', style='normal', variant='normal', weight=400, stretch='normal', size='scalable')) = 10.05
2025-10-30 21:15:49,960 [DEBUG] findfont: score(FontEntry(fname='C:\\Windows\\Fonts\\wingding.ttf', name='Wingdings', style='normal', variant='normal', weight=400, stretch='normal', size='scalable')) = 10.05
2025-10-30 21:15:49,961 [DEBUG] findfont: score(FontEntry(fname='C:\\Windows\\Fonts\\BRLNSB.TTF', name='Berlin Sans FB', style='normal', variant='normal', weight=700, stretch='normal', size='scalable')) = 10.335
2025-10-30 21:15:49,962 [DEBUG] findfont: score(FontEntry(fname='C:\\Windows\\Fonts\\ROCC____.TTF', name='Rockwell Condensed', style='normal', variant='normal', weight=400, stretch='condensed', size='scalable')) = 10.25
2025-10-30 21:15:49,962 [DEBUG] findfont: score(FontEntry(fname='C:\\Windows\\Fonts\\NIAGENG.TTF', name='Niagara Engraved', style='normal', variant='normal', weight=400, stretch='normal', size='scalable')) = 10.05
2025-10-30 21:15:49,963 [DEBUG] findfont: score(FontEntry(fname='C:\\Windows\\Fonts\\mmrtextb.ttf', name='Myanmar Text', style='normal', variant='normal', weight=700, stretch='normal', size='scalable')) = 10.335
2025-10-30 21:15:49,963 [DEBUG] findfont: score(FontEntry(fname='C:\\Windows\\Fonts\\Candara.ttf', name='Candara', style='normal', variant='normal', weight=400, stretch='normal', size='scalable')) = 10.05
2025-10-30 21:15:49,964 [DEBUG] findfont: score(FontEntry(fname='C:\\Windows\\Fonts\\verdanai.ttf', name='Verdana', style='italic', variant='normal', weight=400, stretch='normal', size='scalable')) = 4.6863636363636365
2025-10-30 21:15:49,965 [DEBUG] findfont: score(FontEntry(fname='C:\\Windows\\Fonts\\FRAHV.TTF', name='Franklin Gothic Heavy', style='normal', variant='normal', weight=400, stretch='normal', size='scalable')) = 10.05
2025-10-30 21:15:49,966 [DEBUG] findfont: score(FontEntry(fname='C:\\Windows\\Fonts\\ITCEDSCR.TTF', name='Edwardian Script ITC', style='normal', variant='normal', weight=400, stretch='normal', size='scalable')) = 10.05
2025-10-30 21:15:49,967 [DEBUG] findfont: score(FontEntry(fname='C:\\Windows\\Fonts\\ROCK.TTF', name='Rockwell', style='normal', variant='normal', weight=400, stretch='normal', size='scalable')) = 10.05
2025-10-30 21:15:49,967 [DEBUG] findfont: score(FontEntry(fname='C:\\Windows\\Fonts\\BOOKOSBI.TTF', name='Bookman Old Style', style='italic', variant='normal', weight=600, stretch='normal', size='scalable')) = 11.24
2025-10-30 21:15:49,968 [DEBUG] findfont: score(FontEntry(fname='C:\\Windows\\Fonts\\LBRITE.TTF', name='Lucida Bright', style='normal', variant='normal', weight=400, stretch='normal', size='scalable')) = 10.05
2025-10-30 21:15:49,969 [DEBUG] findfont: score(FontEntry(fname='C:\\Windows\\Fonts\\consolab.ttf', name='Consolas', style='normal', variant='normal', weight=700, stretch='normal', size='scalable')) = 10.335
2025-10-30 21:15:49,970 [DEBUG] findfont: score(FontEntry(fname='C:\\Windows\\Fonts\\POORICH.TTF', name='Poor Richard', style='normal', variant='normal', weight=400, stretch='normal', size='scalable')) = 10.05
2025-10-30 21:15:49,971 [DEBUG] findfont: score(FontEntry(fname='C:\\Windows\\Fonts\\himalaya.ttf', name='Microsoft Himalaya', style='normal', variant='normal', weight=400, stretch='normal', size='scalable')) = 10.05
2025-10-30 21:15:49,972 [DEBUG] findfont: score(FontEntry(fname='C:\\Windows\\Fonts\\hpsimplifiedhans-regular.ttf', name='HP Simplified Hans', style='normal', variant='normal', weight=400, stretch='normal', size='scalable')) = 10.05
2025-10-30 21:15:49,973 [DEBUG] findfont: score(FontEntry(fname='C:\\Windows\\Fonts\\VLADIMIR.TTF', name='Vladimir Script', style='normal', variant='normal', weight=400, stretch='normal', size='scalable')) = 10.05
2025-10-30 21:15:49,973 [DEBUG] findfont: score(FontEntry(fname='C:\\Windows\\Fonts\\BOD_I.TTF', name='Bodoni MT', style='italic', variant='normal', weight=400, stretch='normal', size='scalable')) = 11.05
2025-10-30 21:15:49,974 [DEBUG] findfont: score(FontEntry(fname='C:\\Windows\\Fonts\\ERASBD.TTF', name='Eras Bold ITC', style='normal', variant='normal', weight=400, stretch='normal', size='scalable')) = 10.05
2025-10-30 21:15:49,975 [DEBUG] findfont: score(FontEntry(fname='C:\\Windows\\Fonts\\BAUHS93.TTF', name='Bauhaus 93', style='normal', variant='normal', weight=400, stretch='normal', size='scalable')) = 10.05
2025-10-30 21:15:49,975 [DEBUG] findfont: score(FontEntry(fname='C:\\Windows\\Fonts\\ROCKB.TTF', name='Rockwell', style='normal', variant='normal', weight=700, stretch='normal', size='scalable')) = 10.335
2025-10-30 21:15:49,976 [DEBUG] findfont: score(FontEntry(fname='C:\\Windows\\Fonts\\PARCHM.TTF', name='Parchment', style='normal', variant='normal', weight=400, stretch='normal', size='scalable')) = 10.05
2025-10-30 21:15:49,977 [DEBUG] findfont: score(FontEntry(fname='C:\\Windows\\Fonts\\ROCCB___.TTF', name='Rockwell Condensed', style='normal', variant='normal', weight=700, stretch='condensed', size='scalable')) = 10.535
2025-10-30 21:15:49,977 [DEBUG] findfont: score(FontEntry(fname='C:\\Windows\\Fonts\\SHOWG.TTF', name='Showcard Gothic', style='normal', variant='normal', weight=400, stretch='normal', size='scalable')) = 10.05
2025-10-30 21:15:49,978 [DEBUG] findfont: score(FontEntry(fname='C:\\Windows\\Fonts\\MISTRAL.TTF', name='Mistral', style='normal', variant='normal', weight=400, stretch='normal', size='scalable')) = 10.05
2025-10-30 21:15:49,978 [DEBUG] findfont: score(FontEntry(fname='C:\\Windows\\Fonts\\FRAMDCN.TTF', name='Franklin Gothic Medium Cond', style='normal', variant='normal', weight=400, stretch='condensed', size='scalable')) = 10.25
2025-10-30 21:15:49,979 [DEBUG] findfont: score(FontEntry(fname='C:\\Windows\\Fonts\\ITCBLKAD.TTF', name='Blackadder ITC', style='normal', variant='normal', weight=400, stretch='normal', size='scalable')) = 10.05
2025-10-30 21:15:49,980 [DEBUG] findfont: score(FontEntry(fname='C:\\Windows\\Fonts\\hpsimplifiedjpan-regular.ttf', name='HP Simplified Jpan', style='normal', variant='normal', weight=400, stretch='normal', size='scalable')) = 10.05
2025-10-30 21:15:49,980 [DEBUG] findfont: score(FontEntry(fname='C:\\Windows\\Fonts\\constanz.ttf', name='Constantia', style='italic', variant='normal', weight=700, stretch='normal', size='scalable')) = 11.335
2025-10-30 21:15:49,981 [DEBUG] findfont: score(FontEntry(fname='C:\\Windows\\Fonts\\LeelaUIb.ttf', name='Leelawadee UI', style='normal', variant='normal', weight=700, stretch='normal', size='scalable')) = 10.335
2025-10-30 21:15:49,981 [DEBUG] findfont: score(FontEntry(fname='C:\\Windows\\Fonts\\MTCORSVA.TTF', name='Monotype Corsiva', style='normal', variant='normal', weight=400, stretch='normal', size='scalable')) = 10.05
2025-10-30 21:15:49,982 [DEBUG] findfont: score(FontEntry(fname='C:\\Windows\\Fonts\\LTYPEBO.TTF', name='Lucida Sans Typewriter', style='oblique', variant='normal', weight=600, stretch='normal', size='scalable')) = 11.24
2025-10-30 21:15:49,982 [DEBUG] findfont: score(FontEntry(fname='C:\\Windows\\Fonts\\GILSANUB.TTF', name='Gill Sans Ultra Bold', style='normal', variant='normal', weight=400, stretch='normal', size='scalable')) = 10.05
2025-10-30 21:15:49,983 [DEBUG] findfont: score(FontEntry(fname='C:\\Windows\\Fonts\\BOD_BLAR.TTF', name='Bodoni MT', style='normal', variant='normal', weight=900, stretch='normal', size='scalable')) = 10.525
2025-10-30 21:15:49,984 [DEBUG] findfont: score(FontEntry(fname='C:\\Windows\\Fonts\\comicbd.ttf', name='Comic Sans MS', style='normal', variant='normal', weight=700, stretch='normal', size='scalable')) = 10.335
2025-10-30 21:15:49,985 [DEBUG] findfont: score(FontEntry(fname='C:\\Windows\\Fonts\\DUBAI-LIGHT.TTF', name='Dubai', style='normal', variant='normal', weight=300, stretch='normal', size='scalable')) = 10.145
2025-10-30 21:15:49,986 [DEBUG] findfont: score(FontEntry(fname='C:\\Windows\\Fonts\\msyh.ttc', name='Microsoft YaHei', style='normal', variant='normal', weight=400, stretch='normal', size='scalable')) = 10.05
2025-10-30 21:15:49,987 [DEBUG] findfont: score(FontEntry(fname='C:\\Windows\\Fonts\\CALIFI.TTF', name='Californian FB', style='italic', variant='normal', weight=400, stretch='normal', size='scalable')) = 11.05
2025-10-30 21:15:49,988 [DEBUG] findfont: score(FontEntry(fname='C:\\Windows\\Fonts\\TCCB____.TTF', name='Tw Cen MT Condensed', style='normal', variant='normal', weight=700, stretch='condensed', size='scalable')) = 10.535
2025-10-30 21:15:49,989 [DEBUG] findfont: score(FontEntry(fname='C:\\Windows\\Fonts\\corbel.ttf', name='Corbel', style='normal', variant='normal', weight=400, stretch='normal', size='scalable')) = 10.05
2025-10-30 21:15:49,989 [DEBUG] findfont: score(FontEntry(fname='C:\\Windows\\Fonts\\ERASDEMI.TTF', name='Eras Demi ITC', style='normal', variant='normal', weight=400, stretch='normal', size='scalable')) = 10.05
2025-10-30 21:15:49,990 [DEBUG] findfont: score(FontEntry(fname='C:\\Windows\\Fonts\\AGENCYR.TTF', name='Agency FB', style='normal', variant='normal', weight=400, stretch='normal', size='scalable')) = 10.05
2025-10-30 21:15:49,991 [DEBUG] findfont: score(FontEntry(fname='C:\\Windows\\Fonts\\Candaral.ttf', name='Candara', style='normal', variant='normal', weight=400, stretch='normal', size='scalable')) = 10.05
2025-10-30 21:15:49,991 [DEBUG] findfont: score(FontEntry(fname='C:\\Windows\\Fonts\\RAGE.TTF', name='Rage Italic', style='italic', variant='normal', weight=400, stretch='normal', size='scalable')) = 11.05
2025-10-30 21:15:49,992 [DEBUG] findfont: score(FontEntry(fname='C:\\Windows\\Fonts\\malgun.ttf', name='Malgun Gothic', style='normal', variant='normal', weight=400, stretch='normal', size='scalable')) = 10.05
2025-10-30 21:15:49,993 [DEBUG] findfont: score(FontEntry(fname='C:\\Windows\\Fonts\\ROCKEB.TTF', name='Rockwell Extra Bold', style='normal', variant='normal', weight=800, stretch='normal', size='scalable')) = 10.43
2025-10-30 21:15:49,993 [DEBUG] findfont: score(FontEntry(fname='C:\\Windows\\Fonts\\malgunbd.ttf', name='Malgun Gothic', style='normal', variant='normal', weight=700, stretch='normal', size='scalable')) = 10.335
2025-10-30 21:15:49,994 [DEBUG] findfont: score(FontEntry(fname='C:\\Windows\\Fonts\\ANTQUABI.TTF', name='Book Antiqua', style='italic', variant='normal', weight=700, stretch='normal', size='scalable')) = 11.335
2025-10-30 21:15:49,995 [DEBUG] findfont: score(FontEntry(fname='C:\\Windows\\Fonts\\Candarali.ttf', name='Candara', style='italic', variant='normal', weight=400, stretch='normal', size='scalable')) = 11.05
2025-10-30 21:15:49,995 [DEBUG] findfont: score(FontEntry(fname='C:\\Windows\\Fonts\\TEMPSITC.TTF', name='Tempus Sans ITC', style='normal', variant='normal', weight=400, stretch='normal', size='scalable')) = 10.05
2025-10-30 21:15:49,996 [DEBUG] findfont: score(FontEntry(fname='C:\\Windows\\Fonts\\trebucit.ttf', name='Trebuchet MS', style='italic', variant='normal', weight=400, stretch='normal', size='scalable')) = 11.05
2025-10-30 21:15:49,996 [DEBUG] findfont: score(FontEntry(fname='C:\\Windows\\Fonts\\mvboli.ttf', name='MV Boli', style='normal', variant='normal', weight=400, stretch='normal', size='scalable')) = 10.05
2025-10-30 21:15:49,997 [DEBUG] findfont: score(FontEntry(fname='C:\\Windows\\Fonts\\ntailu.ttf', name='Microsoft New Tai Lue', style='normal', variant='normal', weight=400, stretch='normal', size='scalable')) = 10.05
2025-10-30 21:15:49,998 [DEBUG] findfont: score(FontEntry(fname='C:\\Windows\\Fonts\\gadugib.ttf', name='Gadugi', style='normal', variant='normal', weight=700, stretch='normal', size='scalable')) = 10.335
2025-10-30 21:15:49,998 [DEBUG] findfont: score(FontEntry(fname='C:\\Windows\\Fonts\\cour.ttf', name='Courier New', style='normal', variant='normal', weight=400, stretch='normal', size='scalable')) = 10.05
2025-10-30 21:15:49,999 [DEBUG] findfont: score(FontEntry(fname='C:\\Windows\\Fonts\\taile.ttf', name='Microsoft Tai Le', style='normal', variant='normal', weight=400, stretch='normal', size='scalable')) = 10.05
2025-10-30 21:15:50,000 [DEBUG] findfont: score(FontEntry(fname='C:\\Windows\\Fonts\\BRADHITC.TTF', name='Bradley Hand ITC', style='normal', variant='normal', weight=400, stretch='normal', size='scalable')) = 10.05
2025-10-30 21:15:50,001 [DEBUG] findfont: score(FontEntry(fname='C:\\Windows\\Fonts\\FRSCRIPT.TTF', name='French Script MT', style='normal', variant='normal', weight=400, stretch='normal', size='scalable')) = 10.05
2025-10-30 21:15:50,002 [DEBUG] findfont: score(FontEntry(fname='C:\\Windows\\Fonts\\HTOWERT.TTF', name='High Tower Text', style='normal', variant='normal', weight=400, stretch='normal', size='scalable')) = 10.05
2025-10-30 21:15:50,002 [DEBUG] findfont: score(FontEntry(fname='C:\\Windows\\Fonts\\GLECB.TTF', name='Gloucester MT Extra Condensed', style='normal', variant='normal', weight=400, stretch='condensed', size='scalable')) = 10.25
2025-10-30 21:15:50,003 [DEBUG] findfont: score(FontEntry(fname='C:\\Windows\\Fonts\\PLAYBILL.TTF', name='Playbill', style='normal', variant='normal', weight=400, stretch='normal', size='scalable')) = 10.05
2025-10-30 21:15:50,004 [DEBUG] findfont: score(FontEntry(fname='C:\\Windows\\Fonts\\LSANSI.TTF', name='Lucida Sans', style='italic', variant='normal', weight=400, stretch='normal', size='scalable')) = 11.05
2025-10-30 21:15:50,005 [DEBUG] findfont: score(FontEntry(fname='C:\\Windows\\Fonts\\GIGI.TTF', name='Gigi', style='normal', variant='normal', weight=400, stretch='normal', size='scalable')) = 10.05
2025-10-30 21:15:50,006 [DEBUG] findfont: score(FontEntry(fname='C:\\Windows\\Fonts\\phagspa.ttf', name='Microsoft PhagsPa', style='normal', variant='normal', weight=400, stretch='normal', size='scalable')) = 10.05
2025-10-30 21:15:50,006 [DEBUG] findfont: score(FontEntry(fname='C:\\Windows\\Fonts\\comic.ttf', name='Comic Sans MS', style='normal', variant='normal', weight=400, stretch='normal', size='scalable')) = 10.05
2025-10-30 21:15:50,007 [DEBUG] findfont: score(FontEntry(fname='C:\\Windows\\Fonts\\mingliub.ttc', name='MingLiU-ExtB', style='normal', variant='normal', weight=400, stretch='normal', size='scalable')) = 10.05
2025-10-30 21:15:50,008 [DEBUG] findfont: score(FontEntry(fname='C:\\Windows\\Fonts\\constan.ttf', name='Constantia', style='normal', variant='normal', weight=400, stretch='normal', size='scalable')) = 10.05
2025-10-30 21:15:50,008 [DEBUG] findfont: score(FontEntry(fname='C:\\Windows\\Fonts\\seguisym.ttf', name='Segoe UI Symbol', style='normal', variant='normal', weight=400, stretch='normal', size='scalable')) = 10.05
2025-10-30 21:15:50,009 [DEBUG] findfont: score(FontEntry(fname='C:\\Windows\\Fonts\\DUBAI-BOLD.TTF', name='Dubai', style='normal', variant='normal', weight=700, stretch='normal', size='scalable')) = 10.335
2025-10-30 21:15:50,009 [DEBUG] findfont: score(FontEntry(fname='C:\\Windows\\Fonts\\verdana.ttf', name='Verdana', style='normal', variant='normal', weight=400, stretch='normal', size='scalable')) = 3.6863636363636365
2025-10-30 21:15:50,010 [DEBUG] findfont: score(FontEntry(fname='C:\\Windows\\Fonts\\malgunsl.ttf', name='Malgun Gothic', style='normal', variant='normal', weight=300, stretch='normal', size='scalable')) = 10.145
2025-10-30 21:15:50,010 [DEBUG] findfont: score(FontEntry(fname='C:\\Windows\\Fonts\\seguibl.ttf', name='Segoe UI', style='normal', variant='normal', weight=900, stretch='normal', size='scalable')) = 10.525
2025-10-30 21:15:50,011 [DEBUG] findfont: score(FontEntry(fname='C:\\Windows\\Fonts\\PERTIBD.TTF', name='Perpetua Titling MT', style='normal', variant='normal', weight=700, stretch='normal', size='scalable')) = 10.335
2025-10-30 21:15:50,012 [DEBUG] findfont: score(FontEntry(fname='C:\\Windows\\Fonts\\segoeuiz.ttf', name='Segoe UI', style='italic', variant='normal', weight=700, stretch='normal', size='scalable')) = 11.335
2025-10-30 21:15:50,012 [DEBUG] findfont: score(FontEntry(fname='C:\\Windows\\Fonts\\YuGothL.ttc', name='Yu Gothic', style='normal', variant='normal', weight=300, stretch='normal', size='scalable')) = 10.145
2025-10-30 21:15:50,013 [DEBUG] findfont: score(FontEntry(fname='C:\\Windows\\Fonts\\GILLUBCD.TTF', name='Gill Sans Ultra Bold Condensed', style='normal', variant='normal', weight=400, stretch='condensed', size='scalable')) = 10.25
2025-10-30 21:15:50,013 [DEBUG] findfont: score(FontEntry(fname='C:\\Windows\\Fonts\\micross.ttf', name='Microsoft Sans Serif', style='normal', variant='normal', weight=400, stretch='normal', size='scalable')) = 10.05
2025-10-30 21:15:50,014 [DEBUG] findfont: score(FontEntry(fname='C:\\Windows\\Fonts\\CALIFR.TTF', name='Californian FB', style='normal', variant='normal', weight=400, stretch='normal', size='scalable')) = 10.05
2025-10-30 21:15:50,015 [DEBUG] findfont: score(FontEntry(fname='C:\\Windows\\Fonts\\ROCKI.TTF', name='Rockwell', style='italic', variant='normal', weight=400, stretch='normal', size='scalable')) = 11.05
2025-10-30 21:15:50,015 [DEBUG] findfont: score(FontEntry(fname='C:\\Windows\\Fonts\\BOD_CR.TTF', name='Bodoni MT', style='normal', variant='normal', weight=400, stretch='condensed', size='scalable')) = 10.25
2025-10-30 21:15:50,016 [DEBUG] findfont: score(FontEntry(fname='C:\\Windows\\Fonts\\BOD_CB.TTF', name='Bodoni MT', style='normal', variant='normal', weight=700, stretch='condensed', size='scalable')) = 10.535
2025-10-30 21:15:50,017 [DEBUG] findfont: score(FontEntry(fname='C:\\Windows\\Fonts\\YuGothM.ttc', name='Yu Gothic', style='normal', variant='normal', weight=500, stretch='normal', size='scalable')) = 10.145
2025-10-30 21:15:50,018 [DEBUG] findfont: score(FontEntry(fname='C:\\Windows\\Fonts\\SegUIVar.ttf', name='Segoe UI Variable', style='normal', variant='normal', weight=400, stretch='normal', size='scalable')) = 10.05
2025-10-30 21:15:50,018 [DEBUG] findfont: score(FontEntry(fname='C:\\Windows\\Fonts\\trebucbd.ttf', name='Trebuchet MS', style='normal', variant='normal', weight=700, stretch='normal', size='scalable')) = 10.335
2025-10-30 21:15:50,019 [DEBUG] findfont: score(FontEntry(fname='C:\\Windows\\Fonts\\timesi.ttf', name='Times New Roman', style='italic', variant='normal', weight=400, stretch='normal', size='scalable')) = 11.05
2025-10-30 21:15:50,020 [DEBUG] findfont: score(FontEntry(fname='C:\\Windows\\Fonts\\MAIAN.TTF', name='Maiandra GD', style='normal', variant='normal', weight=400, stretch='normal', size='scalable')) = 10.05
2025-10-30 21:15:50,021 [DEBUG] findfont: score(FontEntry(fname='C:\\Windows\\Fonts\\BOOKOSB.TTF', name='Bookman Old Style', style='normal', variant='normal', weight=600, stretch='normal', size='scalable')) = 10.24
2025-10-30 21:15:50,022 [DEBUG] findfont: score(FontEntry(fname='C:\\Windows\\Fonts\\BOD_R.TTF', name='Bodoni MT', style='normal', variant='normal', weight=400, stretch='normal', size='scalable')) = 10.05
2025-10-30 21:15:50,022 [DEBUG] findfont: score(FontEntry(fname='C:\\Windows\\Fonts\\HTOWERTI.TTF', name='High Tower Text', style='italic', variant='normal', weight=400, stretch='normal', size='scalable')) = 11.05
2025-10-30 21:15:50,023 [DEBUG] findfont: score(FontEntry(fname='C:\\Windows\\Fonts\\msyi.ttf', name='Microsoft Yi Baiti', style='normal', variant='normal', weight=400, stretch='normal', size='scalable')) = 10.05
2025-10-30 21:15:50,024 [DEBUG] findfont: score(FontEntry(fname='C:\\Windows\\Fonts\\HPSimplified_Lt.ttf', name='HP Simplified', style='normal', variant='normal', weight=300, stretch='normal', size='scalable')) = 10.145
2025-10-30 21:15:50,025 [DEBUG] findfont: score(FontEntry(fname='C:\\Windows\\Fonts\\MATURASC.TTF', name='Matura MT Script Capitals', style='normal', variant='normal', weight=400, stretch='normal', size='scalable')) = 10.05
2025-10-30 21:15:50,025 [DEBUG] findfont: score(FontEntry(fname='C:\\Windows\\Fonts\\FRADMCN.TTF', name='Franklin Gothic Demi Cond', style='normal', variant='normal', weight=400, stretch='condensed', size='scalable')) = 10.25
2025-10-30 21:15:50,026 [DEBUG] findfont: score(FontEntry(fname='C:\\Windows\\Fonts\\GOUDOSB.TTF', name='Goudy Old Style', style='normal', variant='normal', weight=700, stretch='normal', size='scalable')) = 10.335
2025-10-30 21:15:50,027 [DEBUG] findfont: score(FontEntry(fname='C:\\Windows\\Fonts\\BKANT.TTF', name='Book Antiqua', style='normal', variant='normal', weight=400, stretch='normal', size='scalable')) = 10.05
2025-10-30 21:15:50,027 [DEBUG] findfont: score(FontEntry(fname='C:\\Windows\\Fonts\\OCRAEXT.TTF', name='OCR A Extended', style='normal', variant='normal', weight=400, stretch='expanded', size='scalable')) = 10.25
2025-10-30 21:15:50,028 [DEBUG] findfont: score(FontEntry(fname='C:\\Windows\\Fonts\\phagspab.ttf', name='Microsoft PhagsPa', style='normal', variant='normal', weight=700, stretch='normal', size='scalable')) = 10.335
2025-10-30 21:15:50,028 [DEBUG] findfont: score(FontEntry(fname='C:\\Windows\\Fonts\\BOD_CI.TTF', name='Bodoni MT', style='italic', variant='normal', weight=400, stretch='condensed', size='scalable')) = 11.25
2025-10-30 21:15:50,029 [DEBUG] findfont: score(FontEntry(fname='C:\\Windows\\Fonts\\trebucbi.ttf', name='Trebuchet MS', style='italic', variant='normal', weight=700, stretch='normal', size='scalable')) = 11.335
2025-10-30 21:15:50,029 [DEBUG] findfont: score(FontEntry(fname='C:\\Windows\\Fonts\\msyhbd.ttc', name='Microsoft YaHei', style='normal', variant='normal', weight=700, stretch='normal', size='scalable')) = 10.335
2025-10-30 21:15:50,030 [DEBUG] findfont: score(FontEntry(fname='C:\\Windows\\Fonts\\corbelb.ttf', name='Corbel', style='normal', variant='normal', weight=700, stretch='normal', size='scalable')) = 10.335
2025-10-30 21:15:50,031 [DEBUG] findfont: score(FontEntry(fname='C:\\Windows\\Fonts\\LFAXDI.TTF', name='Lucida Fax', style='italic', variant='normal', weight=600, stretch='normal', size='scalable')) = 11.24
2025-10-30 21:15:50,031 [DEBUG] findfont: score(FontEntry(fname='C:\\Windows\\Fonts\\cambria.ttc', name='Cambria', style='normal', variant='normal', weight=400, stretch='normal', size='scalable')) = 10.05
2025-10-30 21:15:50,032 [DEBUG] findfont: score(FontEntry(fname='C:\\Windows\\Fonts\\segoeuil.ttf', name='Segoe UI', style='normal', variant='normal', weight=300, stretch='normal', size='scalable')) = 10.145
2025-10-30 21:15:50,033 [DEBUG] findfont: score(FontEntry(fname='C:\\Windows\\Fonts\\GOUDOS.TTF', name='Goudy Old Style', style='normal', variant='normal', weight=400, stretch='normal', size='scalable')) = 10.05
2025-10-30 21:15:50,033 [DEBUG] findfont: score(FontEntry(fname='C:\\Windows\\Fonts\\BOOKOSI.TTF', name='Bookman Old Style', style='italic', variant='normal', weight=300, stretch='normal', size='scalable')) = 11.145
2025-10-30 21:15:50,034 [DEBUG] findfont: score(FontEntry(fname='C:\\Windows\\Fonts\\BRUSHSCI.TTF', name='Brush Script MT', style='italic', variant='normal', weight=400, stretch='normal', size='scalable')) = 11.05
2025-10-30 21:15:50,035 [DEBUG] findfont: score(FontEntry(fname='C:\\Windows\\Fonts\\TCBI____.TTF', name='Tw Cen MT', style='italic', variant='normal', weight=700, stretch='normal', size='scalable')) = 11.335
2025-10-30 21:15:50,037 [DEBUG] findfont: score(FontEntry(fname='C:\\Windows\\Fonts\\HATTEN.TTF', name='Haettenschweiler', style='normal', variant='normal', weight=400, stretch='normal', size='scalable')) = 10.05
2025-10-30 21:15:50,038 [DEBUG] findfont: score(FontEntry(fname='C:\\Windows\\Fonts\\ANTQUAB.TTF', name='Book Antiqua', style='normal', variant='normal', weight=700, stretch='normal', size='scalable')) = 10.335
2025-10-30 21:15:50,039 [DEBUG] findfont: score(FontEntry(fname='C:\\Windows\\Fonts\\palai.ttf', name='Palatino Linotype', style='italic', variant='normal', weight=400, stretch='normal', size='scalable')) = 11.05
2025-10-30 21:15:50,039 [DEBUG] findfont: score(FontEntry(fname='C:\\Windows\\Fonts\\PERI____.TTF', name='Perpetua', style='italic', variant='normal', weight=400, stretch='normal', size='scalable')) = 11.05
2025-10-30 21:15:50,040 [DEBUG] findfont: score(FontEntry(fname='C:\\Windows\\Fonts\\corbeli.ttf', name='Corbel', style='italic', variant='normal', weight=400, stretch='normal', size='scalable')) = 11.05
2025-10-30 21:15:50,041 [DEBUG] findfont: score(FontEntry(fname='C:\\Windows\\Fonts\\SegoeIcons.ttf', name='Segoe Fluent Icons', style='normal', variant='normal', weight=400, stretch='normal', size='scalable')) = 10.05
2025-10-30 21:15:50,041 [DEBUG] findfont: score(FontEntry(fname='C:\\Windows\\Fonts\\PAPYRUS.TTF', name='Papyrus', style='normal', variant='normal', weight=400, stretch='normal', size='scalable')) = 10.05
2025-10-30 21:15:50,042 [DEBUG] findfont: score(FontEntry(fname='C:\\Windows\\Fonts\\comici.ttf', name='Comic Sans MS', style='italic', variant='normal', weight=400, stretch='normal', size='scalable')) = 11.05
2025-10-30 21:15:50,043 [DEBUG] findfont: score(FontEntry(fname='C:\\Windows\\Fonts\\GILI____.TTF', name='Gill Sans MT', style='italic', variant='normal', weight=400, stretch='normal', size='scalable')) = 11.05
2025-10-30 21:15:50,043 [DEBUG] findfont: score(FontEntry(fname='C:\\Windows\\Fonts\\arialbi.ttf', name='Arial', style='italic', variant='normal', weight=700, stretch='normal', size='scalable')) = 7.698636363636363
2025-10-30 21:15:50,044 [DEBUG] findfont: score(FontEntry(fname='C:\\Windows\\Fonts\\l_10646.ttf', name='Lucida Sans Unicode', style='normal', variant='normal', weight=400, stretch='normal', size='scalable')) = 10.05
2025-10-30 21:15:50,044 [DEBUG] findfont: score(FontEntry(fname='C:\\Windows\\Fonts\\impact.ttf', name='Impact', style='normal', variant='normal', weight=400, stretch='normal', size='scalable')) = 10.05
2025-10-30 21:15:50,045 [DEBUG] findfont: score(FontEntry(fname='C:\\Windows\\Fonts\\CALISTI.TTF', name='Calisto MT', style='italic', variant='normal', weight=400, stretch='normal', size='scalable')) = 11.05
2025-10-30 21:15:50,046 [DEBUG] findfont: score(FontEntry(fname='C:\\Windows\\Fonts\\segoescb.ttf', name='Segoe Script', style='normal', variant='normal', weight=700, stretch='normal', size='scalable')) = 10.335
2025-10-30 21:15:50,046 [DEBUG] findfont: score(FontEntry(fname='C:\\Windows\\Fonts\\verdanaz.ttf', name='Verdana', style='italic', variant='normal', weight=700, stretch='normal', size='scalable')) = 4.971363636363637
2025-10-30 21:15:50,047 [DEBUG] findfont: score(FontEntry(fname='C:\\Windows\\Fonts\\ARIALNBI.TTF', name='Arial', style='italic', variant='normal', weight=700, stretch='condensed', size='scalable')) = 7.8986363636363635
2025-10-30 21:15:50,048 [DEBUG] findfont: score(FontEntry(fname='C:\\Windows\\Fonts\\OLDENGL.TTF', name='Old English Text MT', style='normal', variant='normal', weight=400, stretch='normal', size='scalable')) = 10.05
2025-10-30 21:15:50,049 [DEBUG] findfont: score(FontEntry(fname='C:\\Windows\\Fonts\\simsun.ttc', name='SimSun', style='normal', variant='normal', weight=400, stretch='normal', size='scalable')) = 10.05
2025-10-30 21:15:50,049 [DEBUG] findfont: score(FontEntry(fname='C:\\Windows\\Fonts\\comicz.ttf', name='Comic Sans MS', style='italic', variant='normal', weight=700, stretch='normal', size='scalable')) = 11.335
2025-10-30 21:15:50,050 [DEBUG] findfont: score(FontEntry(fname='C:\\Windows\\Fonts\\msgothic.ttc', name='MS Gothic', style='normal', variant='normal', weight=400, stretch='normal', size='scalable')) = 10.05
2025-10-30 21:15:50,051 [DEBUG] findfont: score(FontEntry(fname='C:\\Windows\\Fonts\\GARABD.TTF', name='Garamond', style='normal', variant='normal', weight=700, stretch='normal', size='scalable')) = 10.335
2025-10-30 21:15:50,052 [DEBUG] findfont: score(FontEntry(fname='C:\\Windows\\Fonts\\PERBI___.TTF', name='Perpetua', style='italic', variant='normal', weight=700, stretch='normal', size='scalable')) = 11.335
2025-10-30 21:15:50,053 [DEBUG] findfont: score(FontEntry(fname='C:\\Windows\\Fonts\\TCMI____.TTF', name='Tw Cen MT', style='italic', variant='normal', weight=400, stretch='normal', size='scalable')) = 11.05
2025-10-30 21:15:50,055 [DEBUG] findfont: score(FontEntry(fname='C:\\Windows\\Fonts\\VIVALDII.TTF', name='Vivaldi', style='italic', variant='normal', weight=400, stretch='normal', size='scalable')) = 11.05
2025-10-30 21:15:50,056 [DEBUG] findfont: score(FontEntry(fname='C:\\Windows\\Fonts\\ROCKBI.TTF', name='Rockwell', style='italic', variant='normal', weight=700, stretch='normal', size='scalable')) = 11.335
2025-10-30 21:15:50,056 [DEBUG] findfont: score(FontEntry(fname='C:\\Windows\\Fonts\\javatext.ttf', name='Javanese Text', style='normal', variant='normal', weight=400, stretch='normal', size='scalable')) = 10.05
2025-10-30 21:15:50,057 [DEBUG] findfont: score(FontEntry(fname='C:\\Windows\\Fonts\\BROADW.TTF', name='Broadway', style='normal', variant='normal', weight=400, stretch='normal', size='scalable')) = 10.05
2025-10-30 21:15:50,058 [DEBUG] findfont: score(FontEntry(fname='C:\\Windows\\Fonts\\OUTLOOK.TTF', name='MS Outlook', style='normal', variant='normal', weight=400, stretch='normal', size='scalable')) = 10.05
2025-10-30 21:15:50,058 [DEBUG] findfont: score(FontEntry(fname='C:\\Windows\\Fonts\\Inkfree.ttf', name='Ink Free', style='normal', variant='normal', weight=400, stretch='normal', size='scalable')) = 10.05
2025-10-30 21:15:50,059 [DEBUG] findfont: score(FontEntry(fname='C:\\Windows\\Fonts\\CALIFB.TTF', name='Californian FB', style='normal', variant='normal', weight=700, stretch='normal', size='scalable')) = 10.335
2025-10-30 21:15:50,060 [DEBUG] findfont: score(FontEntry(fname='C:\\Windows\\Fonts\\LCALLIG.TTF', name='Lucida Calligraphy', style='italic', variant='normal', weight=400, stretch='normal', size='scalable')) = 11.05
2025-10-30 21:15:50,060 [DEBUG] findfont: score(FontEntry(fname='C:\\Windows\\Fonts\\NIAGSOL.TTF', name='Niagara Solid', style='normal', variant='normal', weight=400, stretch='normal', size='scalable')) = 10.05
2025-10-30 21:15:50,061 [DEBUG] findfont: score(FontEntry(fname='C:\\Windows\\Fonts\\segmdl2.ttf', name='Segoe MDL2 Assets', style='normal', variant='normal', weight=400, stretch='normal', size='scalable')) = 10.05
2025-10-30 21:15:50,061 [DEBUG] findfont: score(FontEntry(fname='C:\\Windows\\Fonts\\cambriaz.ttf', name='Cambria', style='italic', variant='normal', weight=700, stretch='normal', size='scalable')) = 11.335
2025-10-30 21:15:50,062 [DEBUG] findfont: score(FontEntry(fname='C:\\Windows\\Fonts\\GILBI___.TTF', name='Gill Sans MT', style='italic', variant='normal', weight=700, stretch='normal', size='scalable')) = 11.335
2025-10-30 21:15:50,063 [DEBUG] findfont: score(FontEntry(fname='C:\\Windows\\Fonts\\MAGNETOB.TTF', name='Magneto', style='normal', variant='normal', weight=700, stretch='normal', size='scalable')) = 10.335
2025-10-30 21:15:50,063 [DEBUG] findfont: score(FontEntry(fname='C:\\Windows\\Fonts\\FRABKIT.TTF', name='Franklin Gothic Book', style='italic', variant='normal', weight=400, stretch='normal', size='scalable')) = 11.05
2025-10-30 21:15:50,064 [DEBUG] findfont: score(FontEntry(fname='C:\\Windows\\Fonts\\REFSAN.TTF', name='MS Reference Sans Serif', style='normal', variant='normal', weight=400, stretch='normal', size='scalable')) = 10.05
2025-10-30 21:15:50,065 [DEBUG] findfont: score(FontEntry(fname='C:\\Windows\\Fonts\\tahoma.ttf', name='Tahoma', style='normal', variant='normal', weight=400, stretch='normal', size='scalable')) = 10.05
2025-10-30 21:15:50,065 [DEBUG] findfont: score(FontEntry(fname='C:\\Windows\\Fonts\\cambriab.ttf', name='Cambria', style='normal', variant='normal', weight=700, stretch='normal', size='scalable')) = 10.335
2025-10-30 21:15:50,066 [DEBUG] findfont: score(FontEntry(fname='C:\\Windows\\Fonts\\JUICE___.TTF', name='Juice ITC', style='normal', variant='normal', weight=400, stretch='normal', size='scalable')) = 10.05
2025-10-30 21:15:50,066 [DEBUG] findfont: score(FontEntry(fname='C:\\Windows\\Fonts\\BOD_CBI.TTF', name='Bodoni MT', style='italic', variant='normal', weight=700, stretch='condensed', size='scalable')) = 11.535
2025-10-30 21:15:50,067 [DEBUG] findfont: score(FontEntry(fname='C:\\Windows\\Fonts\\HARLOWSI.TTF', name='Harlow Solid Italic', style='italic', variant='normal', weight=400, stretch='normal', size='scalable')) = 11.05
2025-10-30 21:15:50,068 [DEBUG] findfont: score(FontEntry(fname='C:\\Windows\\Fonts\\msyhl.ttc', name='Microsoft YaHei', style='normal', variant='normal', weight=290, stretch='normal', size='scalable')) = 10.1545
2025-10-30 21:15:50,069 [DEBUG] findfont: score(FontEntry(fname='C:\\Windows\\Fonts\\BOOKOS.TTF', name='Bookman Old Style', style='normal', variant='normal', weight=300, stretch='normal', size='scalable')) = 10.145
2025-10-30 21:15:50,070 [DEBUG] findfont: score(FontEntry(fname='C:\\Windows\\Fonts\\FRADMIT.TTF', name='Franklin Gothic Demi', style='italic', variant='normal', weight=400, stretch='normal', size='scalable')) = 11.05
2025-10-30 21:15:50,071 [DEBUG] findfont: score(FontEntry(fname='C:\\Windows\\Fonts\\SCHLBKI.TTF', name='Century Schoolbook', style='italic', variant='normal', weight=400, stretch='normal', size='scalable')) = 11.05
2025-10-30 21:15:50,072 [DEBUG] findfont: score(FontEntry(fname='C:\\Windows\\Fonts\\GILB____.TTF', name='Gill Sans MT', style='normal', variant='normal', weight=700, stretch='normal', size='scalable')) = 10.335
2025-10-30 21:15:50,073 [DEBUG] findfont: score(FontEntry(fname='C:\\Windows\\Fonts\\GOTHICB.TTF', name='Century Gothic', style='normal', variant='normal', weight=700, stretch='normal', size='scalable')) = 10.335
2025-10-30 21:15:50,079 [DEBUG] findfont: score(FontEntry(fname='C:\\Windows\\Fonts\\segoeuib.ttf', name='Segoe UI', style='normal', variant='normal', weight=700, stretch='normal', size='scalable')) = 10.335
2025-10-30 21:15:50,089 [DEBUG] findfont: score(FontEntry(fname='C:\\Windows\\Fonts\\Candarai.ttf', name='Candara', style='italic', variant='normal', weight=400, stretch='normal', size='scalable')) = 11.05
2025-10-30 21:15:50,102 [DEBUG] findfont: score(FontEntry(fname='C:\\Windows\\Fonts\\seguili.ttf', name='Segoe UI', style='italic', variant='normal', weight=300, stretch='normal', size='scalable')) = 11.145
2025-10-30 21:15:50,108 [DEBUG] findfont: score(FontEntry(fname='C:\\Windows\\Fonts\\arial.ttf', name='Arial', style='normal', variant='normal', weight=400, stretch='normal', size='scalable')) = 6.413636363636363
2025-10-30 21:15:50,112 [DEBUG] findfont: score(FontEntry(fname='C:\\Windows\\Fonts\\hpsimplifiedhans-light.ttf', name='HP Simplified Hans', style='normal', variant='normal', weight=300, stretch='normal', size='scalable')) = 10.145
2025-10-30 21:15:50,116 [DEBUG] findfont: score(FontEntry(fname='C:\\Windows\\Fonts\\ntailub.ttf', name='Microsoft New Tai Lue', style='normal', variant='normal', weight=700, stretch='normal', size='scalable')) = 10.335
2025-10-30 21:15:50,127 [DEBUG] findfont: score(FontEntry(fname='C:\\Windows\\Fonts\\seguisbi.ttf', name='Segoe UI', style='italic', variant='normal', weight=600, stretch='normal', size='scalable')) = 11.24
2025-10-30 21:15:50,134 [DEBUG] findfont: score(FontEntry(fname='C:\\Windows\\Fonts\\ANTQUAI.TTF', name='Book Antiqua', style='italic', variant='normal', weight=400, stretch='normal', size='scalable')) = 11.05
2025-10-30 21:15:50,142 [DEBUG] findfont: score(FontEntry(fname='C:\\Windows\\Fonts\\msjhl.ttc', name='Microsoft JhengHei', style='normal', variant='normal', weight=290, stretch='normal', size='scalable')) = 10.1545
2025-10-30 21:15:50,148 [DEBUG] findfont: score(FontEntry(fname='C:\\Windows\\Fonts\\calibrili.ttf', name='Calibri', style='italic', variant='normal', weight=300, stretch='normal', size='scalable')) = 11.145
2025-10-30 21:15:50,149 [DEBUG] findfont: score(FontEntry(fname='C:\\Windows\\Fonts\\TCCEB.TTF', name='Tw Cen MT Condensed Extra Bold', style='normal', variant='normal', weight=400, stretch='condensed', size='scalable')) = 10.25
2025-10-30 21:15:50,151 [DEBUG] findfont: score(FontEntry(fname='C:\\Windows\\Fonts\\georgiaz.ttf', name='Georgia', style='italic', variant='normal', weight=700, stretch='normal', size='scalable')) = 11.335
2025-10-30 21:15:50,152 [DEBUG] findfont: score(FontEntry(fname='C:\\Windows\\Fonts\\BASKVILL.TTF', name='Baskerville Old Face', style='normal', variant='normal', weight=400, stretch='normal', size='scalable')) = 10.05
2025-10-30 21:15:50,153 [DEBUG] findfont: score(FontEntry(fname='C:\\Windows\\Fonts\\CASTELAR.TTF', name='Castellar', style='normal', variant='normal', weight=400, stretch='normal', size='scalable')) = 10.05
2025-10-30 21:15:50,154 [DEBUG] findfont: score(FontEntry(fname='C:\\Windows\\Fonts\\DUBAI-REGULAR.TTF', name='Dubai', style='normal', variant='normal', weight=400, stretch='normal', size='scalable')) = 10.05
2025-10-30 21:15:50,155 [DEBUG] findfont: score(FontEntry(fname='C:\\Windows\\Fonts\\ONYX.TTF', name='Onyx', style='normal', variant='normal', weight=400, stretch='normal', size='scalable')) = 10.05
2025-10-30 21:15:50,155 [DEBUG] findfont: score(FontEntry(fname='C:\\Windows\\Fonts\\georgiab.ttf', name='Georgia', style='normal', variant='normal', weight=700, stretch='normal', size='scalable')) = 10.335
2025-10-30 21:15:50,156 [DEBUG] findfont: score(FontEntry(fname='C:\\Windows\\Fonts\\CENSCBK.TTF', name='Century Schoolbook', style='normal', variant='normal', weight=400, stretch='normal', size='scalable')) = 10.05
2025-10-30 21:15:50,157 [DEBUG] findfont: score(FontEntry(fname='C:\\Windows\\Fonts\\times.ttf', name='Times New Roman', style='normal', variant='normal', weight=400, stretch='normal', size='scalable')) = 10.05
2025-10-30 21:15:50,158 [DEBUG] findfont: score(FontEntry(fname='C:\\Windows\\Fonts\\DUBAI-MEDIUM.TTF', name='Dubai', style='normal', variant='normal', weight=500, stretch='normal', size='scalable')) = 10.145
2025-10-30 21:15:50,158 [DEBUG] findfont: score(FontEntry(fname='C:\\Windows\\Fonts\\ebrimabd.ttf', name='Ebrima', style='normal', variant='normal', weight=700, stretch='normal', size='scalable')) = 10.335
2025-10-30 21:15:50,159 [DEBUG] findfont: score(FontEntry(fname='C:\\Windows\\Fonts\\Candarab.ttf', name='Candara', style='normal', variant='normal', weight=700, stretch='normal', size='scalable')) = 10.335
2025-10-30 21:15:50,160 [DEBUG] findfont: score(FontEntry(fname='C:\\Windows\\Fonts\\BRLNSR.TTF', name='Berlin Sans FB', style='normal', variant='normal', weight=400, stretch='normal', size='scalable')) = 10.05
2025-10-30 21:15:50,160 [DEBUG] findfont: score(FontEntry(fname='C:\\Windows\\Fonts\\GLSNECB.TTF', name='Gill Sans MT Ext Condensed Bold', style='normal', variant='normal', weight=400, stretch='condensed', size='scalable')) = 10.25
2025-10-30 21:15:50,161 [DEBUG] findfont: score(FontEntry(fname='C:\\Windows\\Fonts\\KUNSTLER.TTF', name='Kunstler Script', style='normal', variant='normal', weight=400, stretch='normal', size='scalable')) = 10.05
2025-10-30 21:15:50,162 [DEBUG] findfont: score(FontEntry(fname='C:\\Windows\\Fonts\\ELEPHNT.TTF', name='Elephant', style='normal', variant='normal', weight=400, stretch='normal', size='scalable')) = 10.05
2025-10-30 21:15:50,162 [DEBUG] findfont: score(FontEntry(fname='C:\\Windows\\Fonts\\PERB____.TTF', name='Perpetua', style='normal', variant='normal', weight=700, stretch='normal', size='scalable')) = 10.335
2025-10-30 21:15:50,166 [DEBUG] findfont: score(FontEntry(fname='C:\\Windows\\Fonts\\BELL.TTF', name='Bell MT', style='normal', variant='normal', weight=400, stretch='normal', size='scalable')) = 10.05
2025-10-30 21:15:50,173 [DEBUG] findfont: score(FontEntry(fname='C:\\Windows\\Fonts\\verdanab.ttf', name='Verdana', style='normal', variant='normal', weight=700, stretch='normal', size='scalable')) = 3.9713636363636367
2025-10-30 21:15:50,178 [DEBUG] findfont: score(FontEntry(fname='C:\\Windows\\Fonts\\gadugi.ttf', name='Gadugi', style='normal', variant='normal', weight=400, stretch='normal', size='scalable')) = 10.05
2025-10-30 21:15:50,179 [DEBUG] findfont: score(FontEntry(fname='C:\\Windows\\Fonts\\calibrib.ttf', name='Calibri', style='normal', variant='normal', weight=700, stretch='normal', size='scalable')) = 10.335
2025-10-30 21:15:50,180 [DEBUG] findfont: score(FontEntry(fname='C:\\Windows\\Fonts\\BRLNSDB.TTF', name='Berlin Sans FB Demi', style='normal', variant='normal', weight=700, stretch='normal', size='scalable')) = 10.335
2025-10-30 21:15:50,180 [DEBUG] findfont: score(FontEntry(fname='C:\\Windows\\Fonts\\GILC____.TTF', name='Gill Sans MT Condensed', style='normal', variant='normal', weight=400, stretch='condensed', size='scalable')) = 10.25
2025-10-30 21:15:50,181 [DEBUG] findfont: score(FontEntry(fname='C:\\Windows\\Fonts\\CENTURY.TTF', name='Century', style='normal', variant='normal', weight=400, stretch='normal', size='scalable')) = 10.05
2025-10-30 21:15:50,181 [DEBUG] findfont: score(FontEntry(fname='C:\\Windows\\Fonts\\PER_____.TTF', name='Perpetua', style='normal', variant='normal', weight=400, stretch='normal', size='scalable')) = 10.05
2025-10-30 21:15:50,182 [DEBUG] findfont: score(FontEntry(fname='C:\\Windows\\Fonts\\AGENCYB.TTF', name='Agency FB', style='normal', variant='normal', weight=700, stretch='normal', size='scalable')) = 10.335
2025-10-30 21:15:50,183 [DEBUG] findfont: score(FontEntry(fname='C:\\Windows\\Fonts\\GOUDOSI.TTF', name='Goudy Old Style', style='italic', variant='normal', weight=400, stretch='normal', size='scalable')) = 11.05
2025-10-30 21:15:50,184 [DEBUG] findfont: score(FontEntry(fname='C:\\Windows\\Fonts\\calibrii.ttf', name='Calibri', style='italic', variant='normal', weight=400, stretch='normal', size='scalable')) = 11.05
2025-10-30 21:15:50,184 [DEBUG] findfont: score(FontEntry(fname='C:\\Windows\\Fonts\\arialbd.ttf', name='Arial', style='normal', variant='normal', weight=700, stretch='normal', size='scalable')) = 6.698636363636363
2025-10-30 21:15:50,185 [DEBUG] findfont: score(FontEntry(fname='C:\\Windows\\Fonts\\FTLTLT.TTF', name='Footlight MT Light', style='normal', variant='normal', weight=300, stretch='normal', size='scalable')) = 10.145
2025-10-30 21:15:50,186 [DEBUG] findfont: score(FontEntry(fname='C:\\Windows\\Fonts\\LTYPEB.TTF', name='Lucida Sans Typewriter', style='normal', variant='normal', weight=600, stretch='normal', size='scalable')) = 10.24
2025-10-30 21:15:50,187 [DEBUG] findfont: score(FontEntry(fname='C:\\Windows\\Fonts\\HPSimplified_LtIt.ttf', name='HP Simplified', style='italic', variant='normal', weight=300, stretch='normal', size='scalable')) = 11.145
2025-10-30 21:15:50,188 [DEBUG] findfont: score(FontEntry(fname='C:\\Windows\\Fonts\\symbol.ttf', name='Symbol', style='normal', variant='normal', weight=400, stretch='normal', size='scalable')) = 10.05
2025-10-30 21:15:50,188 [DEBUG] findfont: score(FontEntry(fname='C:\\Windows\\Fonts\\seguisli.ttf', name='Segoe UI', style='italic', variant='normal', weight=350, stretch='normal', size='scalable')) = 11.0975
2025-10-30 21:15:50,189 [DEBUG] findfont: score(FontEntry(fname='C:\\Windows\\Fonts\\BOD_BLAI.TTF', name='Bodoni MT', style='italic', variant='normal', weight=900, stretch='normal', size='scalable')) = 11.525
2025-10-30 21:15:50,189 [DEBUG] findfont: score(FontEntry(fname='C:\\Windows\\Fonts\\BELLB.TTF', name='Bell MT', style='normal', variant='normal', weight=700, stretch='normal', size='scalable')) = 10.335
2025-10-30 21:15:50,190 [DEBUG] findfont: score(FontEntry(fname='C:\\Windows\\Fonts\\tahomabd.ttf', name='Tahoma', style='normal', variant='normal', weight=700, stretch='normal', size='scalable')) = 10.335
2025-10-30 21:15:50,190 [DEBUG] findfont: score(FontEntry(fname='C:\\Windows\\Fonts\\BOD_BI.TTF', name='Bodoni MT', style='italic', variant='normal', weight=700, stretch='normal', size='scalable')) = 11.335
2025-10-30 21:15:50,191 [DEBUG] findfont: score(FontEntry(fname='C:\\Windows\\Fonts\\CALISTB.TTF', name='Calisto MT', style='normal', variant='normal', weight=700, stretch='normal', size='scalable')) = 10.335
2025-10-30 21:15:50,191 [DEBUG] findfont: score(FontEntry(fname='C:\\Windows\\Fonts\\SitkaVF-Italic.ttf', name='Sitka', style='italic', variant='normal', weight=400, stretch='normal', size='scalable')) = 11.05
2025-10-30 21:15:50,192 [DEBUG] findfont: score(FontEntry(fname='C:\\Windows\\Fonts\\YuGothB.ttc', name='Yu Gothic', style='normal', variant='normal', weight=700, stretch='normal', size='scalable')) = 10.335
2025-10-30 21:15:50,193 [DEBUG] findfont: score(FontEntry(fname='C:\\Windows\\Fonts\\IMPRISHA.TTF', name='Imprint MT Shadow', style='normal', variant='normal', weight=400, stretch='normal', size='scalable')) = 10.05
2025-10-30 21:15:50,193 [DEBUG] findfont: score(FontEntry(fname='C:\\Windows\\Fonts\\Candaraz.ttf', name='Candara', style='italic', variant='normal', weight=700, stretch='normal', size='scalable')) = 11.335
2025-10-30 21:15:50,194 [DEBUG] findfont: score(FontEntry(fname='C:\\Windows\\Fonts\\corbelz.ttf', name='Corbel', style='italic', variant='normal', weight=700, stretch='normal', size='scalable')) = 11.335
2025-10-30 21:15:50,194 [DEBUG] findfont: score(FontEntry(fname='C:\\Windows\\Fonts\\corbell.ttf', name='Corbel', style='normal', variant='normal', weight=300, stretch='normal', size='scalable')) = 10.145
2025-10-30 21:15:50,195 [DEBUG] findfont: score(FontEntry(fname='C:\\Windows\\Fonts\\msjhbd.ttc', name='Microsoft JhengHei', style='normal', variant='normal', weight=700, stretch='normal', size='scalable')) = 10.335
2025-10-30 21:15:50,195 [DEBUG] findfont: score(FontEntry(fname='C:\\Windows\\Fonts\\ARIALNI.TTF', name='Arial', style='italic', variant='normal', weight=400, stretch='condensed', size='scalable')) = 7.613636363636363
2025-10-30 21:15:50,196 [DEBUG] findfont: score(FontEntry(fname='C:\\Windows\\Fonts\\consolai.ttf', name='Consolas', style='italic', variant='normal', weight=400, stretch='normal', size='scalable')) = 11.05
2025-10-30 21:15:50,196 [DEBUG] findfont: score(FontEntry(fname='C:\\Windows\\Fonts\\consolaz.ttf', name='Consolas', style='italic', variant='normal', weight=700, stretch='normal', size='scalable')) = 11.335
2025-10-30 21:15:50,197 [DEBUG] findfont: score(FontEntry(fname='C:\\Windows\\Fonts\\FORTE.TTF', name='Forte', style='normal', variant='normal', weight=400, stretch='normal', size='scalable')) = 10.05
2025-10-30 21:15:50,197 [DEBUG] findfont: Matching sans\-serif:style=normal:variant=normal:weight=normal:stretch=normal:size=12.0 to DejaVu Sans ('C:\\Users\\Abhishek\\AppData\\Roaming\\Python\\Python313\\site-packages\\matplotlib\\mpl-data\\fonts\\ttf\\DejaVuSans.ttf') with score of 0.050000.
2025-10-30 21:15:50,535 [INFO] 192.168.1.28 - - [30/Oct/2025 21:15:50] "GET / HTTP/1.1" 200 -
2025-10-30 21:15:50,578 [INFO] 192.168.1.28 - - [30/Oct/2025 21:15:50] "[36mGET /static/style.css HTTP/1.1[0m" 304 -
2025-10-30 21:15:55,636 [INFO] 192.168.1.28 - - [30/Oct/2025 21:15:55] "GET /predict HTTP/1.1" 200 -
2025-10-30 21:15:55,684 [INFO] 192.168.1.28 - - [30/Oct/2025 21:15:55] "[36mGET /static/style.css HTTP/1.1[0m" 304 -
2025-10-30 21:15:55,702 [INFO] 192.168.1.28 - - [30/Oct/2025 21:15:55] "GET /api/history HTTP/1.1" 200 -
2025-10-30 21:15:55,718 [INFO] 192.168.1.28 - - [30/Oct/2025 21:15:55] "GET /stream_alerts HTTP/1.1" 200 -
2025-10-30 21:15:57,753 [INFO] 192.168.1.28 - - [30/Oct/2025 21:15:57] "GET /blocked_ips HTTP/1.1" 200 -
2025-10-30 21:15:57,801 [INFO] 192.168.1.28 - - [30/Oct/2025 21:15:57] "[36mGET /static/style.css HTTP/1.1[0m" 304 -
2025-10-30 21:15:59,554 [INFO] 192.168.1.28 - - [30/Oct/2025 21:15:59] "GET /logs HTTP/1.1" 200 -
2025-10-30 21:15:59,596 [INFO] 192.168.1.28 - - [30/Oct/2025 21:15:59] "[36mGET /static/style.css HTTP/1.1[0m" 304 -
2025-10-30 21:16:09,068 [INFO] 192.168.1.28 - - [30/Oct/2025 21:16:09] "[32mGET /logout HTTP/1.1[0m" 302 -
2025-10-30 21:16:09,103 [INFO] 192.168.1.28 - - [30/Oct/2025 21:16:09] "GET / HTTP/1.1" 200 -
2025-10-30 21:16:09,155 [INFO] 192.168.1.28 - - [30/Oct/2025 21:16:09] "[36mGET /static/style.css HTTP/1.1[0m" 304 -
2025-10-30 21:26:30,773 [INFO] === Flask Dashboard started ===
2025-10-30 21:26:30,774 [INFO] Loading model and scaler...
2025-10-30 21:26:34,756 [INFO] Model and scaler loaded successfully.
2025-10-30 21:26:34,868 [INFO] [31m[1mWARNING: This is a development server. Do not use it in a production deployment. Use a production WSGI server instead.[0m
 * Running on all addresses (0.0.0.0)
 * Running on http://127.0.0.1:5000
 * Running on http://192.168.1.28:5000
2025-10-30 21:26:34,869 [INFO] [33mPress CTRL+C to quit[0m
2025-10-30 21:26:34,875 [INFO]  * Restarting with stat
2025-10-30 21:26:37,264 [INFO] === Flask Dashboard started ===
2025-10-30 21:26:37,265 [INFO] Loading model and scaler...
2025-10-30 21:26:39,764 [INFO] Model and scaler loaded successfully.
2025-10-30 21:26:39,799 [WARNING]  * Debugger is active!
2025-10-30 21:26:39,813 [INFO]  * Debugger PIN: 130-245-796
2025-10-30 21:26:56,838 [INFO] 192.168.1.28 - - [30/Oct/2025 21:26:56] "GET / HTTP/1.1" 200 -
2025-10-30 21:26:57,193 [INFO] 192.168.1.28 - - [30/Oct/2025 21:26:57] "[36mGET /static/style.css HTTP/1.1[0m" 304 -
2025-10-30 21:27:05,086 [INFO] 192.168.1.28 - - [30/Oct/2025 21:27:05] "[32mPOST /login HTTP/1.1[0m" 302 -
2025-10-30 21:27:05,495 [DEBUG] matplotlib data path: C:\Users\Abhishek\AppData\Roaming\Python\Python313\site-packages\matplotlib\mpl-data
2025-10-30 21:27:05,515 [DEBUG] CONFIGDIR=C:\Users\Abhishek\.matplotlib
2025-10-30 21:27:05,520 [DEBUG] interactive is False
2025-10-30 21:27:05,521 [DEBUG] platform is win32
2025-10-30 21:27:05,706 [DEBUG] CACHEDIR=C:\Users\Abhishek\.matplotlib
2025-10-30 21:27:05,714 [DEBUG] Using fontManager instance from C:\Users\Abhishek\.matplotlib\fontlist-v390.json
2025-10-30 21:27:06,333 [DEBUG] Loaded backend Agg version v2.2.
2025-10-30 21:27:06,340 [DEBUG] findfont: Matching sans\-serif:style=normal:variant=normal:weight=normal:stretch=normal:size=10.0.
2025-10-30 21:27:06,340 [DEBUG] findfont: score(FontEntry(fname='C:\\Users\\Abhishek\\AppData\\Roaming\\Python\\Python313\\site-packages\\matplotlib\\mpl-data\\fonts\\ttf\\cmr10.ttf', name='cmr10', style='normal', variant='normal', weight=400, stretch='normal', size='scalable')) = 10.05
2025-10-30 21:27:06,342 [DEBUG] findfont: score(FontEntry(fname='C:\\Users\\Abhishek\\AppData\\Roaming\\Python\\Python313\\site-packages\\matplotlib\\mpl-data\\fonts\\ttf\\DejaVuSansMono-Bold.ttf', name='DejaVu Sans Mono', style='normal', variant='normal', weight=700, stretch='normal', size='scalable')) = 10.335
2025-10-30 21:27:06,343 [DEBUG] findfont: score(FontEntry(fname='C:\\Users\\Abhishek\\AppData\\Roaming\\Python\\Python313\\site-packages\\matplotlib\\mpl-data\\fonts\\ttf\\STIXGeneralBol.ttf', name='STIXGeneral', style='normal', variant='normal', weight=700, stretch='normal', size='scalable')) = 10.335
2025-10-30 21:27:06,345 [DEBUG] findfont: score(FontEntry(fname='C:\\Users\\Abhishek\\AppData\\Roaming\\Python\\Python313\\site-packages\\matplotlib\\mpl-data\\fonts\\ttf\\cmb10.ttf', name='cmb10', style='normal', variant='normal', weight=400, stretch='normal', size='scalable')) = 10.05
2025-10-30 21:27:06,345 [DEBUG] findfont: score(FontEntry(fname='C:\\Users\\Abhishek\\AppData\\Roaming\\Python\\Python313\\site-packages\\matplotlib\\mpl-data\\fonts\\ttf\\cmss10.ttf', name='cmss10', style='normal', variant='normal', weight=400, stretch='normal', size='scalable')) = 10.05
2025-10-30 21:27:06,346 [DEBUG] findfont: score(FontEntry(fname='C:\\Users\\Abhishek\\AppData\\Roaming\\Python\\Python313\\site-packages\\matplotlib\\mpl-data\\fonts\\ttf\\DejaVuSans.ttf', name='DejaVu Sans', style='normal', variant='normal', weight=400, stretch='normal', size='scalable')) = 0.05
2025-10-30 21:27:06,347 [DEBUG] findfont: score(FontEntry(fname='C:\\Users\\Abhishek\\AppData\\Roaming\\Python\\Python313\\site-packages\\matplotlib\\mpl-data\\fonts\\ttf\\STIXSizFourSymBol.ttf', name='STIXSizeFourSym', style='normal', variant='normal', weight=700, stretch='normal', size='scalable')) = 10.335
2025-10-30 21:27:06,348 [DEBUG] findfont: score(FontEntry(fname='C:\\Users\\Abhishek\\AppData\\Roaming\\Python\\Python313\\site-packages\\matplotlib\\mpl-data\\fonts\\ttf\\STIXGeneralItalic.ttf', name='STIXGeneral', style='italic', variant='normal', weight=400, stretch='normal', size='scalable')) = 11.05
2025-10-30 21:27:06,348 [DEBUG] findfont: score(FontEntry(fname='C:\\Users\\Abhishek\\AppData\\Roaming\\Python\\Python313\\site-packages\\matplotlib\\mpl-data\\fonts\\ttf\\DejaVuSans-BoldOblique.ttf', name='DejaVu Sans', style='oblique', variant='normal', weight=700, stretch='normal', size='scalable')) = 1.335
2025-10-30 21:27:06,349 [DEBUG] findfont: score(FontEntry(fname='C:\\Users\\Abhishek\\AppData\\Roaming\\Python\\Python313\\site-packages\\matplotlib\\mpl-data\\fonts\\ttf\\DejaVuSans-Bold.ttf', name='DejaVu Sans', style='normal', variant='normal', weight=700, stretch='normal', size='scalable')) = 0.33499999999999996
2025-10-30 21:27:06,350 [DEBUG] findfont: score(FontEntry(fname='C:\\Users\\Abhishek\\AppData\\Roaming\\Python\\Python313\\site-packages\\matplotlib\\mpl-data\\fonts\\ttf\\STIXNonUni.ttf', name='STIXNonUnicode', style='normal', variant='normal', weight=400, stretch='normal', size='scalable')) = 10.05
2025-10-30 21:27:06,351 [DEBUG] findfont: score(FontEntry(fname='C:\\Users\\Abhishek\\AppData\\Roaming\\Python\\Python313\\site-packages\\matplotlib\\mpl-data\\fonts\\ttf\\DejaVuSansMono.ttf', name='DejaVu Sans Mono', style='normal', variant='normal', weight=400, stretch='normal', size='scalable')) = 10.05
2025-10-30 21:27:06,352 [DEBUG] findfont: score(FontEntry(fname='C:\\Users\\Abhishek\\AppData\\Roaming\\Python\\Python313\\site-packages\\matplotlib\\mpl-data\\fonts\\ttf\\STIXSizOneSymBol.ttf', name='STIXSizeOneSym', style='normal', variant='normal', weight=700, stretch='normal', size='scalable')) = 10.335
2025-10-30 21:27:06,353 [DEBUG] findfont: score(FontEntry(fname='C:\\Users\\Abhishek\\AppData\\Roaming\\Python\\Python313\\site-packages\\matplotlib\\mpl-data\\fonts\\ttf\\DejaVuSerif-Italic.ttf', name='DejaVu Serif', style='italic', variant='normal', weight=400, stretch='normal', size='scalable')) = 11.05
2025-10-30 21:27:06,355 [DEBUG] findfont: score(FontEntry(fname='C:\\Users\\Abhishek\\AppData\\Roaming\\Python\\Python313\\site-packages\\matplotlib\\mpl-data\\fonts\\ttf\\STIXNonUniBol.ttf', name='STIXNonUnicode', style='normal', variant='normal', weight=700, stretch='normal', size='scalable')) = 10.335
2025-10-30 21:27:06,356 [DEBUG] findfont: score(FontEntry(fname='C:\\Users\\Abhishek\\AppData\\Roaming\\Python\\Python313\\site-packages\\matplotlib\\mpl-data\\fonts\\ttf\\STIXSizFiveSymReg.ttf', name='STIXSizeFiveSym', style='normal', variant='normal', weight=400, stretch='normal', size='scalable')) = 10.05
2025-10-30 21:27:06,371 [DEBUG] findfont: score(FontEntry(fname='C:\\Users\\Abhishek\\AppData\\Roaming\\Python\\Python313\\site-packages\\matplotlib\\mpl-data\\fonts\\ttf\\DejaVuSerifDisplay.ttf', name='DejaVu Serif Display', style='normal', variant='normal', weight=400, stretch='normal', size='scalable')) = 10.05
2025-10-30 21:27:06,380 [DEBUG] findfont: score(FontEntry(fname='C:\\Users\\Abhishek\\AppData\\Roaming\\Python\\Python313\\site-packages\\matplotlib\\mpl-data\\fonts\\ttf\\STIXSizFourSymReg.ttf', name='STIXSizeFourSym', style='normal', variant='normal', weight=400, stretch='normal', size='scalable')) = 10.05
2025-10-30 21:27:06,400 [DEBUG] findfont: score(FontEntry(fname='C:\\Users\\Abhishek\\AppData\\Roaming\\Python\\Python313\\site-packages\\matplotlib\\mpl-data\\fonts\\ttf\\DejaVuSansMono-BoldOblique.ttf', name='DejaVu Sans Mono', style='oblique', variant='normal', weight=700, stretch='normal', size='scalable')) = 11.335
2025-10-30 21:27:06,408 [DEBUG] findfont: score(FontEntry(fname='C:\\Users\\Abhishek\\AppData\\Roaming\\Python\\Python313\\site-packages\\matplotlib\\mpl-data\\fonts\\ttf\\DejaVuSans-Oblique.ttf', name='DejaVu Sans', style='oblique', variant='normal', weight=400, stretch='normal', size='scalable')) = 1.05
2025-10-30 21:27:06,409 [DEBUG] findfont: score(FontEntry(fname='C:\\Users\\Abhishek\\AppData\\Roaming\\Python\\Python313\\site-packages\\matplotlib\\mpl-data\\fonts\\ttf\\STIXGeneralBolIta.ttf', name='STIXGeneral', style='italic', variant='normal', weight=700, stretch='normal', size='scalable')) = 11.335
2025-10-30 21:27:06,410 [DEBUG] findfont: score(FontEntry(fname='C:\\Users\\Abhishek\\AppData\\Roaming\\Python\\Python313\\site-packages\\matplotlib\\mpl-data\\fonts\\ttf\\DejaVuSerif.ttf', name='DejaVu Serif', style='normal', variant='normal', weight=400, stretch='normal', size='scalable')) = 10.05
2025-10-30 21:27:06,411 [DEBUG] findfont: score(FontEntry(fname='C:\\Users\\Abhishek\\AppData\\Roaming\\Python\\Python313\\site-packages\\matplotlib\\mpl-data\\fonts\\ttf\\cmsy10.ttf', name='cmsy10', style='normal', variant='normal', weight=400, stretch='normal', size='scalable')) = 10.05
2025-10-30 21:27:06,414 [DEBUG] findfont: score(FontEntry(fname='C:\\Users\\Abhishek\\AppData\\Roaming\\Python\\Python313\\site-packages\\matplotlib\\mpl-data\\fonts\\ttf\\STIXNonUniIta.ttf', name='STIXNonUnicode', style='italic', variant='normal', weight=400, stretch='normal', size='scalable')) = 11.05
2025-10-30 21:27:06,415 [DEBUG] findfont: score(FontEntry(fname='C:\\Users\\Abhishek\\AppData\\Roaming\\Python\\Python313\\site-packages\\matplotlib\\mpl-data\\fonts\\ttf\\STIXSizTwoSymReg.ttf', name='STIXSizeTwoSym', style='normal', variant='normal', weight=400, stretch='normal', size='scalable')) = 10.05
2025-10-30 21:27:06,416 [DEBUG] findfont: score(FontEntry(fname='C:\\Users\\Abhishek\\AppData\\Roaming\\Python\\Python313\\site-packages\\matplotlib\\mpl-data\\fonts\\ttf\\cmmi10.ttf', name='cmmi10', style='normal', variant='normal', weight=400, stretch='normal', size='scalable')) = 10.05
2025-10-30 21:27:06,417 [DEBUG] findfont: score(FontEntry(fname='C:\\Users\\Abhishek\\AppData\\Roaming\\Python\\Python313\\site-packages\\matplotlib\\mpl-data\\fonts\\ttf\\DejaVuSerif-Bold.ttf', name='DejaVu Serif', style='normal', variant='normal', weight=700, stretch='normal', size='scalable')) = 10.335
2025-10-30 21:27:06,418 [DEBUG] findfont: score(FontEntry(fname='C:\\Users\\Abhishek\\AppData\\Roaming\\Python\\Python313\\site-packages\\matplotlib\\mpl-data\\fonts\\ttf\\DejaVuSansDisplay.ttf', name='DejaVu Sans Display', style='normal', variant='normal', weight=400, stretch='normal', size='scalable')) = 10.05
2025-10-30 21:27:06,418 [DEBUG] findfont: score(FontEntry(fname='C:\\Users\\Abhishek\\AppData\\Roaming\\Python\\Python313\\site-packages\\matplotlib\\mpl-data\\fonts\\ttf\\DejaVuSansMono-Oblique.ttf', name='DejaVu Sans Mono', style='oblique', variant='normal', weight=400, stretch='normal', size='scalable')) = 11.05
2025-10-30 21:27:06,419 [DEBUG] findfont: score(FontEntry(fname='C:\\Users\\Abhishek\\AppData\\Roaming\\Python\\Python313\\site-packages\\matplotlib\\mpl-data\\fonts\\ttf\\STIXSizThreeSymBol.ttf', name='STIXSizeThreeSym', style='normal', variant='normal', weight=700, stretch='normal', size='scalable')) = 10.335
2025-10-30 21:27:06,420 [DEBUG] findfont: score(FontEntry(fname='C:\\Users\\Abhishek\\AppData\\Roaming\\Python\\Python313\\site-packages\\matplotlib\\mpl-data\\fonts\\ttf\\STIXSizThreeSymReg.ttf', name='STIXSizeThreeSym', style='normal', variant='normal', weight=400, stretch='normal', size='scalable')) = 10.05
2025-10-30 21:27:06,421 [DEBUG] findfont: score(FontEntry(fname='C:\\Users\\Abhishek\\AppData\\Roaming\\Python\\Python313\\site-packages\\matplotlib\\mpl-data\\fonts\\ttf\\cmex10.ttf', name='cmex10', style='normal', variant='normal', weight=400, stretch='normal', size='scalable')) = 10.05
2025-10-30 21:27:06,422 [DEBUG] findfont: score(FontEntry(fname='C:\\Users\\Abhishek\\AppData\\Roaming\\Python\\Python313\\site-packages\\matplotlib\\mpl-data\\fonts\\ttf\\cmtt10.ttf', name='cmtt10', style='normal', variant='normal', weight=400, stretch='normal', size='scalable')) = 10.05
2025-10-30 21:27:06,423 [DEBUG] findfont: score(FontEntry(fname='C:\\Users\\Abhishek\\AppData\\Roaming\\Python\\Python313\\site-packages\\matplotlib\\mpl-data\\fonts\\ttf\\STIXSizTwoSymBol.ttf', name='STIXSizeTwoSym', style='normal', variant='normal', weight=700, stretch='normal', size='scalable')) = 10.335
2025-10-30 21:27:06,424 [DEBUG] findfont: score(FontEntry(fname='C:\\Users\\Abhishek\\AppData\\Roaming\\Python\\Python313\\site-packages\\matplotlib\\mpl-data\\fonts\\ttf\\STIXGeneral.ttf', name='STIXGeneral', style='normal', variant='normal', weight=400, stretch='normal', size='scalable')) = 10.05
2025-10-30 21:27:06,424 [DEBUG] findfont: score(FontEntry(fname='C:\\Users\\Abhishek\\AppData\\Roaming\\Python\\Python313\\site-packages\\matplotlib\\mpl-data\\fonts\\ttf\\DejaVuSerif-BoldItalic.ttf', name='DejaVu Serif', style='italic', variant='normal', weight=700, stretch='normal', size='scalable')) = 11.335
2025-10-30 21:27:06,425 [DEBUG] findfont: score(FontEntry(fname='C:\\Users\\Abhishek\\AppData\\Roaming\\Python\\Python313\\site-packages\\matplotlib\\mpl-data\\fonts\\ttf\\STIXNonUniBolIta.ttf', name='STIXNonUnicode', style='italic', variant='normal', weight=700, stretch='normal', size='scalable')) = 11.335
2025-10-30 21:27:06,426 [DEBUG] findfont: score(FontEntry(fname='C:\\Users\\Abhishek\\AppData\\Roaming\\Python\\Python313\\site-packages\\matplotlib\\mpl-data\\fonts\\ttf\\STIXSizOneSymReg.ttf', name='STIXSizeOneSym', style='normal', variant='normal', weight=400, stretch='normal', size='scalable')) = 10.05
2025-10-30 21:27:06,427 [DEBUG] findfont: score(FontEntry(fname='C:\\Windows\\Fonts\\GOTHICBI.TTF', name='Century Gothic', style='italic', variant='normal', weight=700, stretch='normal', size='scalable')) = 11.335
2025-10-30 21:27:06,428 [DEBUG] findfont: score(FontEntry(fname='C:\\Windows\\Fonts\\seguiemj.ttf', name='Segoe UI Emoji', style='normal', variant='normal', weight=400, stretch='normal', size='scalable')) = 10.05
2025-10-30 21:27:06,429 [DEBUG] findfont: score(FontEntry(fname='C:\\Windows\\Fonts\\FRABK.TTF', name='Franklin Gothic Book', style='normal', variant='normal', weight=400, stretch='normal', size='scalable')) = 10.05
2025-10-30 21:27:06,430 [DEBUG] findfont: score(FontEntry(fname='C:\\Windows\\Fonts\\georgiai.ttf', name='Georgia', style='italic', variant='normal', weight=400, stretch='normal', size='scalable')) = 11.05
2025-10-30 21:27:06,431 [DEBUG] findfont: score(FontEntry(fname='C:\\Windows\\Fonts\\SNAP____.TTF', name='Snap ITC', style='normal', variant='normal', weight=400, stretch='normal', size='scalable')) = 10.05
2025-10-30 21:27:06,432 [DEBUG] findfont: score(FontEntry(fname='C:\\Windows\\Fonts\\segoepr.ttf', name='Segoe Print', style='normal', variant='normal', weight=400, stretch='normal', size='scalable')) = 10.05
2025-10-30 21:27:06,433 [DEBUG] findfont: score(FontEntry(fname='C:\\Windows\\Fonts\\seguisb.ttf', name='Segoe UI', style='normal', variant='normal', weight=600, stretch='normal', size='scalable')) = 10.24
2025-10-30 21:27:06,434 [DEBUG] findfont: score(FontEntry(fname='C:\\Windows\\Fonts\\FELIXTI.TTF', name='Felix Titling', style='normal', variant='normal', weight=400, stretch='normal', size='scalable')) = 10.05
2025-10-30 21:27:06,435 [DEBUG] findfont: score(FontEntry(fname='C:\\Windows\\Fonts\\GARA.TTF', name='Garamond', style='normal', variant='normal', weight=400, stretch='normal', size='scalable')) = 10.05
2025-10-30 21:27:06,436 [DEBUG] findfont: score(FontEntry(fname='C:\\Windows\\Fonts\\ariblk.ttf', name='Arial', style='normal', variant='normal', weight=900, stretch='normal', size='scalable')) = 6.888636363636364
2025-10-30 21:27:06,436 [DEBUG] findfont: score(FontEntry(fname='C:\\Windows\\Fonts\\Gabriola.ttf', name='Gabriola', style='normal', variant='normal', weight=400, stretch='normal', size='scalable')) = 10.05
2025-10-30 21:27:06,437 [DEBUG] findfont: score(FontEntry(fname='C:\\Windows\\Fonts\\ARIALN.TTF', name='Arial', style='normal', variant='normal', weight=400, stretch='condensed', size='scalable')) = 6.613636363636363
2025-10-30 21:27:06,437 [DEBUG] findfont: score(FontEntry(fname='C:\\Windows\\Fonts\\TCCM____.TTF', name='Tw Cen MT Condensed', style='normal', variant='normal', weight=400, stretch='condensed', size='scalable')) = 10.25
2025-10-30 21:27:06,438 [DEBUG] findfont: score(FontEntry(fname='C:\\Windows\\Fonts\\LATINWD.TTF', name='Wide Latin', style='normal', variant='normal', weight=400, stretch='expanded', size='scalable')) = 10.25
2025-10-30 21:27:06,438 [DEBUG] findfont: score(FontEntry(fname='C:\\Windows\\Fonts\\LTYPE.TTF', name='Lucida Sans Typewriter', style='normal', variant='normal', weight=400, stretch='normal', size='scalable')) = 10.05
2025-10-30 21:27:06,439 [DEBUG] findfont: score(FontEntry(fname='C:\\Windows\\Fonts\\BSSYM7.TTF', name='Bookshelf Symbol 7', style='normal', variant='normal', weight=400, stretch='normal', size='scalable')) = 10.05
2025-10-30 21:27:06,439 [DEBUG] findfont: score(FontEntry(fname='C:\\Windows\\Fonts\\GIL_____.TTF', name='Gill Sans MT', style='normal', variant='normal', weight=400, stretch='normal', size='scalable')) = 10.05
2025-10-30 21:27:06,440 [DEBUG] findfont: score(FontEntry(fname='C:\\Windows\\Fonts\\pala.ttf', name='Palatino Linotype', style='normal', variant='normal', weight=400, stretch='normal', size='scalable')) = 10.05
2025-10-30 21:27:06,441 [DEBUG] findfont: score(FontEntry(fname='C:\\Windows\\Fonts\\GARAIT.TTF', name='Garamond', style='italic', variant='normal', weight=400, stretch='normal', size='scalable')) = 11.05
2025-10-30 21:27:06,441 [DEBUG] findfont: score(FontEntry(fname='C:\\Windows\\Fonts\\CURLZ___.TTF', name='Curlz MT', style='normal', variant='normal', weight=400, stretch='normal', size='scalable')) = 10.05
2025-10-30 21:27:06,442 [DEBUG] findfont: score(FontEntry(fname='C:\\Windows\\Fonts\\corbelli.ttf', name='Corbel', style='italic', variant='normal', weight=300, stretch='normal', size='scalable')) = 11.145
2025-10-30 21:27:06,442 [DEBUG] findfont: score(FontEntry(fname='C:\\Windows\\Fonts\\COOPBL.TTF', name='Cooper Black', style='normal', variant='normal', weight=400, stretch='normal', size='scalable')) = 10.05
2025-10-30 21:27:06,443 [DEBUG] findfont: score(FontEntry(fname='C:\\Windows\\Fonts\\ARLRDBD.TTF', name='Arial Rounded MT Bold', style='normal', variant='normal', weight=400, stretch='normal', size='scalable')) = 10.05
2025-10-30 21:27:06,444 [DEBUG] findfont: score(FontEntry(fname='C:\\Windows\\Fonts\\trebuc.ttf', name='Trebuchet MS', style='normal', variant='normal', weight=400, stretch='normal', size='scalable')) = 10.05
2025-10-30 21:27:06,445 [DEBUG] findfont: score(FontEntry(fname='C:\\Windows\\Fonts\\LFAXD.TTF', name='Lucida Fax', style='normal', variant='normal', weight=600, stretch='normal', size='scalable')) = 10.24
2025-10-30 21:27:06,446 [DEBUG] findfont: score(FontEntry(fname='C:\\Windows\\Fonts\\courbi.ttf', name='Courier New', style='italic', variant='normal', weight=700, stretch='normal', size='scalable')) = 11.335
2025-10-30 21:27:06,447 [DEBUG] findfont: score(FontEntry(fname='C:\\Windows\\Fonts\\CALISTBI.TTF', name='Calisto MT', style='italic', variant='normal', weight=700, stretch='normal', size='scalable')) = 11.335
2025-10-30 21:27:06,449 [DEBUG] findfont: score(FontEntry(fname='C:\\Windows\\Fonts\\segoeuisl.ttf', name='Segoe UI', style='normal', variant='normal', weight=350, stretch='normal', size='scalable')) = 10.0975
2025-10-30 21:27:06,452 [DEBUG] findfont: score(FontEntry(fname='C:\\Windows\\Fonts\\couri.ttf', name='Courier New', style='italic', variant='normal', weight=400, stretch='normal', size='scalable')) = 11.05
2025-10-30 21:27:06,452 [DEBUG] findfont: score(FontEntry(fname='C:\\Windows\\Fonts\\SCRIPTBL.TTF', name='Script MT Bold', style='normal', variant='normal', weight=700, stretch='normal', size='scalable')) = 10.335
2025-10-30 21:27:06,453 [DEBUG] findfont: score(FontEntry(fname='C:\\Windows\\Fonts\\ELEPHNTI.TTF', name='Elephant', style='italic', variant='normal', weight=400, stretch='normal', size='scalable')) = 11.05
2025-10-30 21:27:06,454 [DEBUG] findfont: score(FontEntry(fname='C:\\Windows\\Fonts\\LSANS.TTF', name='Lucida Sans', style='normal', variant='normal', weight=400, stretch='normal', size='scalable')) = 10.05
2025-10-30 21:27:06,454 [DEBUG] findfont: score(FontEntry(fname='C:\\Windows\\Fonts\\RAVIE.TTF', name='Ravie', style='normal', variant='normal', weight=400, stretch='normal', size='scalable')) = 10.05
2025-10-30 21:27:06,455 [DEBUG] findfont: score(FontEntry(fname='C:\\Windows\\Fonts\\LTYPEO.TTF', name='Lucida Sans Typewriter', style='oblique', variant='normal', weight=400, stretch='normal', size='scalable')) = 11.05
2025-10-30 21:27:06,455 [DEBUG] findfont: score(FontEntry(fname='C:\\Windows\\Fonts\\framd.ttf', name='Franklin Gothic Medium', style='normal', variant='normal', weight=400, stretch='normal', size='scalable')) = 10.05
2025-10-30 21:27:06,456 [DEBUG] findfont: score(FontEntry(fname='C:\\Windows\\Fonts\\mmrtext.ttf', name='Myanmar Text', style='normal', variant='normal', weight=400, stretch='normal', size='scalable')) = 10.05
2025-10-30 21:27:06,457 [DEBUG] findfont: score(FontEntry(fname='C:\\Windows\\Fonts\\ENGR.TTF', name='Engravers MT', style='normal', variant='normal', weight=500, stretch='normal', size='scalable')) = 10.145
2025-10-30 21:27:06,457 [DEBUG] findfont: score(FontEntry(fname='C:\\Windows\\Fonts\\FREESCPT.TTF', name='Freestyle Script', style='normal', variant='normal', weight=400, stretch='normal', size='scalable')) = 10.05
2025-10-30 21:27:06,458 [DEBUG] findfont: score(FontEntry(fname='C:\\Windows\\Fonts\\BOD_B.TTF', name='Bodoni MT', style='normal', variant='normal', weight=700, stretch='normal', size='scalable')) = 10.335
2025-10-30 21:27:06,459 [DEBUG] findfont: score(FontEntry(fname='C:\\Windows\\Fonts\\segoeprb.ttf', name='Segoe Print', style='normal', variant='normal', weight=700, stretch='normal', size='scalable')) = 10.335
2025-10-30 21:27:06,459 [DEBUG] findfont: score(FontEntry(fname='C:\\Windows\\Fonts\\GOTHIC.TTF', name='Century Gothic', style='normal', variant='normal', weight=400, stretch='normal', size='scalable')) = 10.05
2025-10-30 21:27:06,460 [DEBUG] findfont: score(FontEntry(fname='C:\\Windows\\Fonts\\consola.ttf', name='Consolas', style='normal', variant='normal', weight=400, stretch='normal', size='scalable')) = 10.05
2025-10-30 21:27:06,461 [DEBUG] findfont: score(FontEntry(fname='C:\\Windows\\Fonts\\constani.ttf', name='Constantia', style='italic', variant='normal', weight=400, stretch='normal', size='scalable')) = 11.05
2025-10-30 21:27:06,462 [DEBUG] findfont: score(FontEntry(fname='C:\\Windows\\Fonts\\MOD20.TTF', name='Modern No. 20', style='normal', variant='normal', weight=400, stretch='normal', size='scalable')) = 10.05
2025-10-30 21:27:06,467 [DEBUG] findfont: score(FontEntry(fname='C:\\Windows\\Fonts\\BELLI.TTF', name='Bell MT', style='italic', variant='normal', weight=400, stretch='normal', size='scalable')) = 11.05
2025-10-30 21:27:06,469 [DEBUG] findfont: score(FontEntry(fname='C:\\Windows\\Fonts\\ARIALNB.TTF', name='Arial', style='normal', variant='normal', weight=700, stretch='condensed', size='scalable')) = 6.8986363636363635
2025-10-30 21:27:06,470 [DEBUG] findfont: score(FontEntry(fname='C:\\Windows\\Fonts\\LSANSD.TTF', name='Lucida Sans', style='normal', variant='normal', weight=600, stretch='normal', size='scalable')) = 10.24
2025-10-30 21:27:06,470 [DEBUG] findfont: score(FontEntry(fname='C:\\Windows\\Fonts\\COPRGTB.TTF', name='Copperplate Gothic Bold', style='normal', variant='normal', weight=400, stretch='normal', size='scalable')) = 10.05
2025-10-30 21:27:06,471 [DEBUG] findfont: score(FontEntry(fname='C:\\Windows\\Fonts\\ariali.ttf', name='Arial', style='italic', variant='normal', weight=400, stretch='normal', size='scalable')) = 7.413636363636363
2025-10-30 21:27:06,471 [DEBUG] findfont: score(FontEntry(fname='C:\\Windows\\Fonts\\ERASLGHT.TTF', name='Eras Light ITC', style='normal', variant='normal', weight=400, stretch='normal', size='scalable')) = 10.05
2025-10-30 21:27:06,472 [DEBUG] findfont: score(FontEntry(fname='C:\\Windows\\Fonts\\REFSPCL.TTF', name='MS Reference Specialty', style='normal', variant='normal', weight=400, stretch='normal', size='scalable')) = 10.05
2025-10-30 21:27:06,473 [DEBUG] findfont: score(FontEntry(fname='C:\\Windows\\Fonts\\WINGDNG3.TTF', name='Wingdings 3', style='normal', variant='normal', weight=400, stretch='normal', size='scalable')) = 10.05
2025-10-30 21:27:06,473 [DEBUG] findfont: score(FontEntry(fname='C:\\Windows\\Fonts\\GOUDYSTO.TTF', name='Goudy Stout', style='normal', variant='normal', weight=400, stretch='normal', size='scalable')) = 10.05
2025-10-30 21:27:06,474 [DEBUG] findfont: score(FontEntry(fname='C:\\Windows\\Fonts\\LFAXI.TTF', name='Lucida Fax', style='italic', variant='normal', weight=400, stretch='normal', size='scalable')) = 11.05
2025-10-30 21:27:06,474 [DEBUG] findfont: score(FontEntry(fname='C:\\Windows\\Fonts\\LeelUIsl.ttf', name='Leelawadee UI', style='normal', variant='normal', weight=350, stretch='normal', size='scalable')) = 10.0975
2025-10-30 21:27:06,475 [DEBUG] findfont: score(FontEntry(fname='C:\\Windows\\Fonts\\GOTHICI.TTF', name='Century Gothic', style='italic', variant='normal', weight=400, stretch='normal', size='scalable')) = 11.05
2025-10-30 21:27:06,476 [DEBUG] findfont: score(FontEntry(fname='C:\\Windows\\Fonts\\hpsimplifiedjpan-light.ttf', name='HP Simplified Jpan', style='normal', variant='normal', weight=300, stretch='normal', size='scalable')) = 10.145
2025-10-30 21:27:06,477 [DEBUG] findfont: score(FontEntry(fname='C:\\Windows\\Fonts\\PALSCRI.TTF', name='Palace Script MT', style='normal', variant='normal', weight=400, stretch='normal', size='scalable')) = 10.05
2025-10-30 21:27:06,478 [DEBUG] findfont: score(FontEntry(fname='C:\\Windows\\Fonts\\VINERITC.TTF', name='Viner Hand ITC', style='normal', variant='normal', weight=400, stretch='normal', size='scalable')) = 10.05
2025-10-30 21:27:06,478 [DEBUG] findfont: score(FontEntry(fname='C:\\Windows\\Fonts\\simsunb.ttf', name='SimSun-ExtB', style='normal', variant='normal', weight=400, stretch='normal', size='scalable')) = 10.05
2025-10-30 21:27:06,479 [DEBUG] findfont: score(FontEntry(fname='C:\\Windows\\Fonts\\webdings.ttf', name='Webdings', style='normal', variant='normal', weight=400, stretch='normal', size='scalable')) = 10.05
2025-10-30 21:27:06,480 [DEBUG] findfont: score(FontEntry(fname='C:\\Windows\\Fonts\\HPSimplified_Rg.ttf', name='HP Simplified', style='normal', variant='normal', weight=400, stretch='normal', size='scalable')) = 10.05
2025-10-30 21:27:06,481 [DEBUG] findfont: score(FontEntry(fname='C:\\Windows\\Fonts\\segoeuii.ttf', name='Segoe UI', style='italic', variant='normal', weight=400, stretch='normal', size='scalable')) = 11.05
2025-10-30 21:27:06,482 [DEBUG] findfont: score(FontEntry(fname='C:\\Windows\\Fonts\\calibriz.ttf', name='Calibri', style='italic', variant='normal', weight=700, stretch='normal', size='scalable')) = 11.335
2025-10-30 21:27:06,483 [DEBUG] findfont: score(FontEntry(fname='C:\\Windows\\Fonts\\BERNHC.TTF', name='Bernard MT Condensed', style='normal', variant='normal', weight=400, stretch='condensed', size='scalable')) = 10.25
2025-10-30 21:27:06,484 [DEBUG] findfont: score(FontEntry(fname='C:\\Windows\\Fonts\\LBRITED.TTF', name='Lucida Bright', style='normal', variant='normal', weight=600, stretch='normal', size='scalable')) = 10.24
2025-10-30 21:27:06,484 [DEBUG] findfont: score(FontEntry(fname='C:\\Windows\\Fonts\\calibril.ttf', name='Calibri', style='normal', variant='normal', weight=300, stretch='normal', size='scalable')) = 10.145
2025-10-30 21:27:06,485 [DEBUG] findfont: score(FontEntry(fname='C:\\Windows\\Fonts\\MTEXTRA.TTF', name='MT Extra', style='normal', variant='normal', weight=400, stretch='normal', size='scalable')) = 10.05
2025-10-30 21:27:06,486 [DEBUG] findfont: score(FontEntry(fname='C:\\Windows\\Fonts\\LBRITEI.TTF', name='Lucida Bright', style='italic', variant='normal', weight=400, stretch='normal', size='scalable')) = 11.05
2025-10-30 21:27:06,487 [DEBUG] findfont: score(FontEntry(fname='C:\\Windows\\Fonts\\Nirmala.ttc', name='Nirmala UI', style='normal', variant='normal', weight=400, stretch='normal', size='scalable')) = 10.05
2025-10-30 21:27:06,487 [DEBUG] findfont: score(FontEntry(fname='C:\\Windows\\Fonts\\cambriai.ttf', name='Cambria', style='italic', variant='normal', weight=400, stretch='normal', size='scalable')) = 11.05
2025-10-30 21:27:06,488 [DEBUG] findfont: score(FontEntry(fname='C:\\Windows\\Fonts\\PRISTINA.TTF', name='Pristina', style='normal', variant='normal', weight=400, stretch='normal', size='scalable')) = 10.05
2025-10-30 21:27:06,489 [DEBUG] findfont: score(FontEntry(fname='C:\\Windows\\Fonts\\SansSerifCollection.ttf', name='Sans Serif Collection', style='normal', variant='normal', weight=400, stretch='normal', size='scalable')) = 10.05
2025-10-30 21:27:06,490 [DEBUG] findfont: score(FontEntry(fname='C:\\Windows\\Fonts\\constanb.ttf', name='Constantia', style='normal', variant='normal', weight=700, stretch='normal', size='scalable')) = 10.335
2025-10-30 21:27:06,491 [DEBUG] findfont: score(FontEntry(fname='C:\\Windows\\Fonts\\TCM_____.TTF', name='Tw Cen MT', style='normal', variant='normal', weight=400, stretch='normal', size='scalable')) = 10.05
2025-10-30 21:27:06,491 [DEBUG] findfont: score(FontEntry(fname='C:\\Windows\\Fonts\\msjh.ttc', name='Microsoft JhengHei', style='normal', variant='normal', weight=400, stretch='normal', size='scalable')) = 10.05
2025-10-30 21:27:06,492 [DEBUG] findfont: score(FontEntry(fname='C:\\Windows\\Fonts\\sylfaen.ttf', name='Sylfaen', style='normal', variant='normal', weight=400, stretch='normal', size='scalable')) = 10.05
2025-10-30 21:27:06,495 [DEBUG] findfont: score(FontEntry(fname='C:\\Windows\\Fonts\\SCHLBKBI.TTF', name='Century Schoolbook', style='italic', variant='normal', weight=700, stretch='normal', size='scalable')) = 11.335
2025-10-30 21:27:06,500 [DEBUG] findfont: score(FontEntry(fname='C:\\Windows\\Fonts\\INFROMAN.TTF', name='Informal Roman', style='normal', variant='normal', weight=400, stretch='normal', size='scalable')) = 10.05
2025-10-30 21:27:06,502 [DEBUG] findfont: score(FontEntry(fname='C:\\Windows\\Fonts\\seguibli.ttf', name='Segoe UI', style='italic', variant='normal', weight=900, stretch='normal', size='scalable')) = 11.525
2025-10-30 21:27:06,503 [DEBUG] findfont: score(FontEntry(fname='C:\\Windows\\Fonts\\TCB_____.TTF', name='Tw Cen MT', style='normal', variant='normal', weight=700, stretch='normal', size='scalable')) = 10.335
2025-10-30 21:27:06,504 [DEBUG] findfont: score(FontEntry(fname='C:\\Windows\\Fonts\\WINGDNG2.TTF', name='Wingdings 2', style='normal', variant='normal', weight=400, stretch='normal', size='scalable')) = 10.05
2025-10-30 21:27:06,505 [DEBUG] findfont: score(FontEntry(fname='C:\\Windows\\Fonts\\FRAHVIT.TTF', name='Franklin Gothic Heavy', style='italic', variant='normal', weight=400, stretch='normal', size='scalable')) = 11.05
2025-10-30 21:27:06,506 [DEBUG] findfont: score(FontEntry(fname='C:\\Windows\\Fonts\\PERTILI.TTF', name='Perpetua Titling MT', style='normal', variant='normal', weight=300, stretch='normal', size='scalable')) = 10.145
2025-10-30 21:27:06,507 [DEBUG] findfont: score(FontEntry(fname='C:\\Windows\\Fonts\\LeelawUI.ttf', name='Leelawadee UI', style='normal', variant='normal', weight=400, stretch='normal', size='scalable')) = 10.05
2025-10-30 21:27:06,508 [DEBUG] findfont: score(FontEntry(fname='C:\\Windows\\Fonts\\CHILLER.TTF', name='Chiller', style='normal', variant='normal', weight=400, stretch='normal', size='scalable')) = 10.05
2025-10-30 21:27:06,508 [DEBUG] findfont: score(FontEntry(fname='C:\\Windows\\Fonts\\segoeui.ttf', name='Segoe UI', style='normal', variant='normal', weight=400, stretch='normal', size='scalable')) = 10.05
2025-10-30 21:27:06,509 [DEBUG] findfont: score(FontEntry(fname='C:\\Windows\\Fonts\\LFAX.TTF', name='Lucida Fax', style='normal', variant='normal', weight=400, stretch='normal', size='scalable')) = 10.05
2025-10-30 21:27:06,512 [DEBUG] findfont: score(FontEntry(fname='C:\\Windows\\Fonts\\CALIST.TTF', name='Calisto MT', style='normal', variant='normal', weight=400, stretch='normal', size='scalable')) = 10.05
2025-10-30 21:27:06,515 [DEBUG] findfont: score(FontEntry(fname='C:\\Windows\\Fonts\\palab.ttf', name='Palatino Linotype', style='normal', variant='normal', weight=700, stretch='normal', size='scalable')) = 10.335
2025-10-30 21:27:06,517 [DEBUG] findfont: score(FontEntry(fname='C:\\Windows\\Fonts\\CENTAUR.TTF', name='Centaur', style='normal', variant='normal', weight=400, stretch='normal', size='scalable')) = 10.05
2025-10-30 21:27:06,520 [DEBUG] findfont: score(FontEntry(fname='C:\\Windows\\Fonts\\LHANDW.TTF', name='Lucida Handwriting', style='italic', variant='normal', weight=400, stretch='normal', size='scalable')) = 11.05
2025-10-30 21:27:06,521 [DEBUG] findfont: score(FontEntry(fname='C:\\Windows\\Fonts\\segoesc.ttf', name='Segoe Script', style='normal', variant='normal', weight=400, stretch='normal', size='scalable')) = 10.05
2025-10-30 21:27:06,522 [DEBUG] findfont: score(FontEntry(fname='C:\\Windows\\Fonts\\palabi.ttf', name='Palatino Linotype', style='italic', variant='normal', weight=700, stretch='normal', size='scalable')) = 11.335
2025-10-30 21:27:06,523 [DEBUG] findfont: score(FontEntry(fname='C:\\Windows\\Fonts\\timesbd.ttf', name='Times New Roman', style='normal', variant='normal', weight=700, stretch='normal', size='scalable')) = 10.335
2025-10-30 21:27:06,524 [DEBUG] findfont: score(FontEntry(fname='C:\\Windows\\Fonts\\JOKERMAN.TTF', name='Jokerman', style='normal', variant='normal', weight=400, stretch='normal', size='scalable')) = 10.05
2025-10-30 21:27:06,525 [DEBUG] findfont: score(FontEntry(fname='C:\\Windows\\Fonts\\framdit.ttf', name='Franklin Gothic Medium', style='italic', variant='normal', weight=400, stretch='normal', size='scalable')) = 11.05
2025-10-30 21:27:06,535 [DEBUG] findfont: score(FontEntry(fname='C:\\Windows\\Fonts\\calibri.ttf', name='Calibri', style='normal', variant='normal', weight=400, stretch='normal', size='scalable')) = 10.05
2025-10-30 21:27:06,538 [DEBUG] findfont: score(FontEntry(fname='C:\\Windows\\Fonts\\georgia.ttf', name='Georgia', style='normal', variant='normal', weight=400, stretch='normal', size='scalable')) = 10.05
2025-10-30 21:27:06,540 [DEBUG] findfont: score(FontEntry(fname='C:\\Windows\\Fonts\\SCHLBKB.TTF', name='Century Schoolbook', style='normal', variant='normal', weight=700, stretch='normal', size='scalable')) = 10.335
2025-10-30 21:27:06,541 [DEBUG] findfont: score(FontEntry(fname='C:\\Windows\\Fonts\\ERASMD.TTF', name='Eras Medium ITC', style='normal', variant='normal', weight=400, stretch='normal', size='scalable')) = 10.05
2025-10-30 21:27:06,542 [DEBUG] findfont: score(FontEntry(fname='C:\\Windows\\Fonts\\COPRGTL.TTF', name='Copperplate Gothic Light', style='normal', variant='normal', weight=400, stretch='normal', size='scalable')) = 10.05
2025-10-30 21:27:06,545 [DEBUG] findfont: score(FontEntry(fname='C:\\Windows\\Fonts\\bahnschrift.ttf', name='Bahnschrift', style='normal', variant='normal', weight=400, stretch='normal', size='scalable')) = 10.05
2025-10-30 21:27:06,551 [DEBUG] findfont: score(FontEntry(fname='C:\\Windows\\Fonts\\BRITANIC.TTF', name='Britannic Bold', style='normal', variant='normal', weight=400, stretch='normal', size='scalable')) = 10.05
2025-10-30 21:27:06,552 [DEBUG] findfont: score(FontEntry(fname='C:\\Windows\\Fonts\\LSANSDI.TTF', name='Lucida Sans', style='italic', variant='normal', weight=600, stretch='normal', size='scalable')) = 11.24
2025-10-30 21:27:06,553 [DEBUG] findfont: score(FontEntry(fname='C:\\Windows\\Fonts\\HARNGTON.TTF', name='Harrington', style='normal', variant='normal', weight=400, stretch='normal', size='scalable')) = 10.05
2025-10-30 21:27:06,555 [DEBUG] findfont: score(FontEntry(fname='C:\\Windows\\Fonts\\BOD_PSTC.TTF', name='Bodoni MT', style='normal', variant='normal', weight=300, stretch='normal', size='scalable')) = 10.145
2025-10-30 21:27:06,555 [DEBUG] findfont: score(FontEntry(fname='C:\\Windows\\Fonts\\COLONNA.TTF', name='Colonna MT', style='normal', variant='normal', weight=400, stretch='normal', size='scalable')) = 10.05
2025-10-30 21:27:06,556 [DEBUG] findfont: score(FontEntry(fname='C:\\Windows\\Fonts\\monbaiti.ttf', name='Mongolian Baiti', style='normal', variant='normal', weight=400, stretch='normal', size='scalable')) = 10.05
2025-10-30 21:27:06,557 [DEBUG] findfont: score(FontEntry(fname='C:\\Windows\\Fonts\\HPSimplified_It.ttf', name='HP Simplified', style='italic', variant='normal', weight=400, stretch='normal', size='scalable')) = 11.05
2025-10-30 21:27:06,559 [DEBUG] findfont: score(FontEntry(fname='C:\\Windows\\Fonts\\SitkaVF.ttf', name='Sitka', style='normal', variant='normal', weight=400, stretch='normal', size='scalable')) = 10.05
2025-10-30 21:27:06,560 [DEBUG] findfont: score(FontEntry(fname='C:\\Windows\\Fonts\\ebrima.ttf', name='Ebrima', style='normal', variant='normal', weight=400, stretch='normal', size='scalable')) = 10.05
2025-10-30 21:27:06,564 [DEBUG] findfont: score(FontEntry(fname='C:\\Windows\\Fonts\\YuGothR.ttc', name='Yu Gothic', style='normal', variant='normal', weight=400, stretch='normal', size='scalable')) = 10.05
2025-10-30 21:27:06,565 [DEBUG] findfont: score(FontEntry(fname='C:\\Windows\\Fonts\\timesbi.ttf', name='Times New Roman', style='italic', variant='normal', weight=700, stretch='normal', size='scalable')) = 11.335
2025-10-30 21:27:06,567 [DEBUG] findfont: score(FontEntry(fname='C:\\Windows\\Fonts\\LBRITEDI.TTF', name='Lucida Bright', style='italic', variant='normal', weight=600, stretch='normal', size='scalable')) = 11.24
2025-10-30 21:27:06,568 [DEBUG] findfont: score(FontEntry(fname='C:\\Windows\\Fonts\\STENCIL.TTF', name='Stencil', style='normal', variant='normal', weight=400, stretch='normal', size='scalable')) = 10.05
2025-10-30 21:27:06,569 [DEBUG] findfont: score(FontEntry(fname='C:\\Windows\\Fonts\\lucon.ttf', name='Lucida Console', style='normal', variant='normal', weight=400, stretch='normal', size='scalable')) = 10.05
2025-10-30 21:27:06,570 [DEBUG] findfont: score(FontEntry(fname='C:\\Windows\\Fonts\\ITCKRIST.TTF', name='Kristen ITC', style='normal', variant='normal', weight=400, stretch='normal', size='scalable')) = 10.05
2025-10-30 21:27:06,571 [DEBUG] findfont: score(FontEntry(fname='C:\\Windows\\Fonts\\ALGER.TTF', name='Algerian', style='normal', variant='normal', weight=400, stretch='normal', size='scalable')) = 10.05
2025-10-30 21:27:06,572 [DEBUG] findfont: score(FontEntry(fname='C:\\Windows\\Fonts\\HPSimplified.ttf', name='HP Simplified', style='normal', variant='normal', weight=700, stretch='normal', size='scalable')) = 10.335
2025-10-30 21:27:06,572 [DEBUG] findfont: score(FontEntry(fname='C:\\Windows\\Fonts\\courbd.ttf', name='Courier New', style='normal', variant='normal', weight=700, stretch='normal', size='scalable')) = 10.335
2025-10-30 21:27:06,573 [DEBUG] findfont: score(FontEntry(fname='C:\\Windows\\Fonts\\SimsunExtG.ttf', name='SimSun-ExtG', style='normal', variant='normal', weight=400, stretch='normal', size='scalable')) = 10.05
2025-10-30 21:27:06,575 [DEBUG] findfont: score(FontEntry(fname='C:\\Windows\\Fonts\\HPSimplified_BdIt.ttf', name='HP Simplified', style='italic', variant='normal', weight=700, stretch='normal', size='scalable')) = 11.335
2025-10-30 21:27:06,575 [DEBUG] findfont: score(FontEntry(fname='C:\\Windows\\Fonts\\taileb.ttf', name='Microsoft Tai Le', style='normal', variant='normal', weight=700, stretch='normal', size='scalable')) = 10.335
2025-10-30 21:27:06,576 [DEBUG] findfont: score(FontEntry(fname='C:\\Windows\\Fonts\\FRADM.TTF', name='Franklin Gothic Demi', style='normal', variant='normal', weight=400, stretch='normal', size='scalable')) = 10.05
2025-10-30 21:27:06,581 [DEBUG] findfont: score(FontEntry(fname='C:\\Windows\\Fonts\\seguihis.ttf', name='Segoe UI Historic', style='normal', variant='normal', weight=400, stretch='normal', size='scalable')) = 10.05
2025-10-30 21:27:06,582 [DEBUG] findfont: score(FontEntry(fname='C:\\Windows\\Fonts\\wingding.ttf', name='Wingdings', style='normal', variant='normal', weight=400, stretch='normal', size='scalable')) = 10.05
2025-10-30 21:27:06,584 [DEBUG] findfont: score(FontEntry(fname='C:\\Windows\\Fonts\\BRLNSB.TTF', name='Berlin Sans FB', style='normal', variant='normal', weight=700, stretch='normal', size='scalable')) = 10.335
2025-10-30 21:27:06,585 [DEBUG] findfont: score(FontEntry(fname='C:\\Windows\\Fonts\\ROCC____.TTF', name='Rockwell Condensed', style='normal', variant='normal', weight=400, stretch='condensed', size='scalable')) = 10.25
2025-10-30 21:27:06,586 [DEBUG] findfont: score(FontEntry(fname='C:\\Windows\\Fonts\\NIAGENG.TTF', name='Niagara Engraved', style='normal', variant='normal', weight=400, stretch='normal', size='scalable')) = 10.05
2025-10-30 21:27:06,587 [DEBUG] findfont: score(FontEntry(fname='C:\\Windows\\Fonts\\mmrtextb.ttf', name='Myanmar Text', style='normal', variant='normal', weight=700, stretch='normal', size='scalable')) = 10.335
2025-10-30 21:27:06,588 [DEBUG] findfont: score(FontEntry(fname='C:\\Windows\\Fonts\\Candara.ttf', name='Candara', style='normal', variant='normal', weight=400, stretch='normal', size='scalable')) = 10.05
2025-10-30 21:27:06,589 [DEBUG] findfont: score(FontEntry(fname='C:\\Windows\\Fonts\\verdanai.ttf', name='Verdana', style='italic', variant='normal', weight=400, stretch='normal', size='scalable')) = 4.6863636363636365
2025-10-30 21:27:06,590 [DEBUG] findfont: score(FontEntry(fname='C:\\Windows\\Fonts\\FRAHV.TTF', name='Franklin Gothic Heavy', style='normal', variant='normal', weight=400, stretch='normal', size='scalable')) = 10.05
2025-10-30 21:27:06,590 [DEBUG] findfont: score(FontEntry(fname='C:\\Windows\\Fonts\\ITCEDSCR.TTF', name='Edwardian Script ITC', style='normal', variant='normal', weight=400, stretch='normal', size='scalable')) = 10.05
2025-10-30 21:27:06,591 [DEBUG] findfont: score(FontEntry(fname='C:\\Windows\\Fonts\\ROCK.TTF', name='Rockwell', style='normal', variant='normal', weight=400, stretch='normal', size='scalable')) = 10.05
2025-10-30 21:27:06,592 [DEBUG] findfont: score(FontEntry(fname='C:\\Windows\\Fonts\\BOOKOSBI.TTF', name='Bookman Old Style', style='italic', variant='normal', weight=600, stretch='normal', size='scalable')) = 11.24
2025-10-30 21:27:06,594 [DEBUG] findfont: score(FontEntry(fname='C:\\Windows\\Fonts\\LBRITE.TTF', name='Lucida Bright', style='normal', variant='normal', weight=400, stretch='normal', size='scalable')) = 10.05
2025-10-30 21:27:06,598 [DEBUG] findfont: score(FontEntry(fname='C:\\Windows\\Fonts\\consolab.ttf', name='Consolas', style='normal', variant='normal', weight=700, stretch='normal', size='scalable')) = 10.335
2025-10-30 21:27:06,601 [DEBUG] findfont: score(FontEntry(fname='C:\\Windows\\Fonts\\POORICH.TTF', name='Poor Richard', style='normal', variant='normal', weight=400, stretch='normal', size='scalable')) = 10.05
2025-10-30 21:27:06,602 [DEBUG] findfont: score(FontEntry(fname='C:\\Windows\\Fonts\\himalaya.ttf', name='Microsoft Himalaya', style='normal', variant='normal', weight=400, stretch='normal', size='scalable')) = 10.05
2025-10-30 21:27:06,603 [DEBUG] findfont: score(FontEntry(fname='C:\\Windows\\Fonts\\hpsimplifiedhans-regular.ttf', name='HP Simplified Hans', style='normal', variant='normal', weight=400, stretch='normal', size='scalable')) = 10.05
2025-10-30 21:27:06,604 [DEBUG] findfont: score(FontEntry(fname='C:\\Windows\\Fonts\\VLADIMIR.TTF', name='Vladimir Script', style='normal', variant='normal', weight=400, stretch='normal', size='scalable')) = 10.05
2025-10-30 21:27:06,604 [DEBUG] findfont: score(FontEntry(fname='C:\\Windows\\Fonts\\BOD_I.TTF', name='Bodoni MT', style='italic', variant='normal', weight=400, stretch='normal', size='scalable')) = 11.05
2025-10-30 21:27:06,605 [DEBUG] findfont: score(FontEntry(fname='C:\\Windows\\Fonts\\ERASBD.TTF', name='Eras Bold ITC', style='normal', variant='normal', weight=400, stretch='normal', size='scalable')) = 10.05
2025-10-30 21:27:06,606 [DEBUG] findfont: score(FontEntry(fname='C:\\Windows\\Fonts\\BAUHS93.TTF', name='Bauhaus 93', style='normal', variant='normal', weight=400, stretch='normal', size='scalable')) = 10.05
2025-10-30 21:27:06,606 [DEBUG] findfont: score(FontEntry(fname='C:\\Windows\\Fonts\\ROCKB.TTF', name='Rockwell', style='normal', variant='normal', weight=700, stretch='normal', size='scalable')) = 10.335
2025-10-30 21:27:06,608 [DEBUG] findfont: score(FontEntry(fname='C:\\Windows\\Fonts\\PARCHM.TTF', name='Parchment', style='normal', variant='normal', weight=400, stretch='normal', size='scalable')) = 10.05
2025-10-30 21:27:06,609 [DEBUG] findfont: score(FontEntry(fname='C:\\Windows\\Fonts\\ROCCB___.TTF', name='Rockwell Condensed', style='normal', variant='normal', weight=700, stretch='condensed', size='scalable')) = 10.535
2025-10-30 21:27:06,616 [DEBUG] findfont: score(FontEntry(fname='C:\\Windows\\Fonts\\SHOWG.TTF', name='Showcard Gothic', style='normal', variant='normal', weight=400, stretch='normal', size='scalable')) = 10.05
2025-10-30 21:27:06,618 [DEBUG] findfont: score(FontEntry(fname='C:\\Windows\\Fonts\\MISTRAL.TTF', name='Mistral', style='normal', variant='normal', weight=400, stretch='normal', size='scalable')) = 10.05
2025-10-30 21:27:06,619 [DEBUG] findfont: score(FontEntry(fname='C:\\Windows\\Fonts\\FRAMDCN.TTF', name='Franklin Gothic Medium Cond', style='normal', variant='normal', weight=400, stretch='condensed', size='scalable')) = 10.25
2025-10-30 21:27:06,620 [DEBUG] findfont: score(FontEntry(fname='C:\\Windows\\Fonts\\ITCBLKAD.TTF', name='Blackadder ITC', style='normal', variant='normal', weight=400, stretch='normal', size='scalable')) = 10.05
2025-10-30 21:27:06,621 [DEBUG] findfont: score(FontEntry(fname='C:\\Windows\\Fonts\\hpsimplifiedjpan-regular.ttf', name='HP Simplified Jpan', style='normal', variant='normal', weight=400, stretch='normal', size='scalable')) = 10.05
2025-10-30 21:27:06,622 [DEBUG] findfont: score(FontEntry(fname='C:\\Windows\\Fonts\\constanz.ttf', name='Constantia', style='italic', variant='normal', weight=700, stretch='normal', size='scalable')) = 11.335
2025-10-30 21:27:06,623 [DEBUG] findfont: score(FontEntry(fname='C:\\Windows\\Fonts\\LeelaUIb.ttf', name='Leelawadee UI', style='normal', variant='normal', weight=700, stretch='normal', size='scalable')) = 10.335
2025-10-30 21:27:06,623 [DEBUG] findfont: score(FontEntry(fname='C:\\Windows\\Fonts\\MTCORSVA.TTF', name='Monotype Corsiva', style='normal', variant='normal', weight=400, stretch='normal', size='scalable')) = 10.05
2025-10-30 21:27:06,625 [DEBUG] findfont: score(FontEntry(fname='C:\\Windows\\Fonts\\LTYPEBO.TTF', name='Lucida Sans Typewriter', style='oblique', variant='normal', weight=600, stretch='normal', size='scalable')) = 11.24
2025-10-30 21:27:06,626 [DEBUG] findfont: score(FontEntry(fname='C:\\Windows\\Fonts\\GILSANUB.TTF', name='Gill Sans Ultra Bold', style='normal', variant='normal', weight=400, stretch='normal', size='scalable')) = 10.05
2025-10-30 21:27:06,628 [DEBUG] findfont: score(FontEntry(fname='C:\\Windows\\Fonts\\BOD_BLAR.TTF', name='Bodoni MT', style='normal', variant='normal', weight=900, stretch='normal', size='scalable')) = 10.525
2025-10-30 21:27:06,630 [DEBUG] findfont: score(FontEntry(fname='C:\\Windows\\Fonts\\comicbd.ttf', name='Comic Sans MS', style='normal', variant='normal', weight=700, stretch='normal', size='scalable')) = 10.335
2025-10-30 21:27:06,632 [DEBUG] findfont: score(FontEntry(fname='C:\\Windows\\Fonts\\DUBAI-LIGHT.TTF', name='Dubai', style='normal', variant='normal', weight=300, stretch='normal', size='scalable')) = 10.145
2025-10-30 21:27:06,637 [DEBUG] findfont: score(FontEntry(fname='C:\\Windows\\Fonts\\msyh.ttc', name='Microsoft YaHei', style='normal', variant='normal', weight=400, stretch='normal', size='scalable')) = 10.05
2025-10-30 21:27:06,639 [DEBUG] findfont: score(FontEntry(fname='C:\\Windows\\Fonts\\CALIFI.TTF', name='Californian FB', style='italic', variant='normal', weight=400, stretch='normal', size='scalable')) = 11.05
2025-10-30 21:27:06,639 [DEBUG] findfont: score(FontEntry(fname='C:\\Windows\\Fonts\\TCCB____.TTF', name='Tw Cen MT Condensed', style='normal', variant='normal', weight=700, stretch='condensed', size='scalable')) = 10.535
2025-10-30 21:27:06,641 [DEBUG] findfont: score(FontEntry(fname='C:\\Windows\\Fonts\\corbel.ttf', name='Corbel', style='normal', variant='normal', weight=400, stretch='normal', size='scalable')) = 10.05
2025-10-30 21:27:06,642 [DEBUG] findfont: score(FontEntry(fname='C:\\Windows\\Fonts\\ERASDEMI.TTF', name='Eras Demi ITC', style='normal', variant='normal', weight=400, stretch='normal', size='scalable')) = 10.05
2025-10-30 21:27:06,645 [DEBUG] findfont: score(FontEntry(fname='C:\\Windows\\Fonts\\AGENCYR.TTF', name='Agency FB', style='normal', variant='normal', weight=400, stretch='normal', size='scalable')) = 10.05
2025-10-30 21:27:06,647 [DEBUG] findfont: score(FontEntry(fname='C:\\Windows\\Fonts\\Candaral.ttf', name='Candara', style='normal', variant='normal', weight=400, stretch='normal', size='scalable')) = 10.05
2025-10-30 21:27:06,649 [DEBUG] findfont: score(FontEntry(fname='C:\\Windows\\Fonts\\RAGE.TTF', name='Rage Italic', style='italic', variant='normal', weight=400, stretch='normal', size='scalable')) = 11.05
2025-10-30 21:27:06,651 [DEBUG] findfont: score(FontEntry(fname='C:\\Windows\\Fonts\\malgun.ttf', name='Malgun Gothic', style='normal', variant='normal', weight=400, stretch='normal', size='scalable')) = 10.05
2025-10-30 21:27:06,652 [DEBUG] findfont: score(FontEntry(fname='C:\\Windows\\Fonts\\ROCKEB.TTF', name='Rockwell Extra Bold', style='normal', variant='normal', weight=800, stretch='normal', size='scalable')) = 10.43
2025-10-30 21:27:06,653 [DEBUG] findfont: score(FontEntry(fname='C:\\Windows\\Fonts\\malgunbd.ttf', name='Malgun Gothic', style='normal', variant='normal', weight=700, stretch='normal', size='scalable')) = 10.335
2025-10-30 21:27:06,653 [DEBUG] findfont: score(FontEntry(fname='C:\\Windows\\Fonts\\ANTQUABI.TTF', name='Book Antiqua', style='italic', variant='normal', weight=700, stretch='normal', size='scalable')) = 11.335
2025-10-30 21:27:06,654 [DEBUG] findfont: score(FontEntry(fname='C:\\Windows\\Fonts\\Candarali.ttf', name='Candara', style='italic', variant='normal', weight=400, stretch='normal', size='scalable')) = 11.05
2025-10-30 21:27:06,655 [DEBUG] findfont: score(FontEntry(fname='C:\\Windows\\Fonts\\TEMPSITC.TTF', name='Tempus Sans ITC', style='normal', variant='normal', weight=400, stretch='normal', size='scalable')) = 10.05
2025-10-30 21:27:06,656 [DEBUG] findfont: score(FontEntry(fname='C:\\Windows\\Fonts\\trebucit.ttf', name='Trebuchet MS', style='italic', variant='normal', weight=400, stretch='normal', size='scalable')) = 11.05
2025-10-30 21:27:06,657 [DEBUG] findfont: score(FontEntry(fname='C:\\Windows\\Fonts\\mvboli.ttf', name='MV Boli', style='normal', variant='normal', weight=400, stretch='normal', size='scalable')) = 10.05
2025-10-30 21:27:06,657 [DEBUG] findfont: score(FontEntry(fname='C:\\Windows\\Fonts\\ntailu.ttf', name='Microsoft New Tai Lue', style='normal', variant='normal', weight=400, stretch='normal', size='scalable')) = 10.05
2025-10-30 21:27:06,658 [DEBUG] findfont: score(FontEntry(fname='C:\\Windows\\Fonts\\gadugib.ttf', name='Gadugi', style='normal', variant='normal', weight=700, stretch='normal', size='scalable')) = 10.335
2025-10-30 21:27:06,664 [DEBUG] findfont: score(FontEntry(fname='C:\\Windows\\Fonts\\cour.ttf', name='Courier New', style='normal', variant='normal', weight=400, stretch='normal', size='scalable')) = 10.05
2025-10-30 21:27:06,670 [DEBUG] findfont: score(FontEntry(fname='C:\\Windows\\Fonts\\taile.ttf', name='Microsoft Tai Le', style='normal', variant='normal', weight=400, stretch='normal', size='scalable')) = 10.05
2025-10-30 21:27:06,672 [DEBUG] findfont: score(FontEntry(fname='C:\\Windows\\Fonts\\BRADHITC.TTF', name='Bradley Hand ITC', style='normal', variant='normal', weight=400, stretch='normal', size='scalable')) = 10.05
2025-10-30 21:27:06,673 [DEBUG] findfont: score(FontEntry(fname='C:\\Windows\\Fonts\\FRSCRIPT.TTF', name='French Script MT', style='normal', variant='normal', weight=400, stretch='normal', size='scalable')) = 10.05
2025-10-30 21:27:06,674 [DEBUG] findfont: score(FontEntry(fname='C:\\Windows\\Fonts\\HTOWERT.TTF', name='High Tower Text', style='normal', variant='normal', weight=400, stretch='normal', size='scalable')) = 10.05
2025-10-30 21:27:06,675 [DEBUG] findfont: score(FontEntry(fname='C:\\Windows\\Fonts\\GLECB.TTF', name='Gloucester MT Extra Condensed', style='normal', variant='normal', weight=400, stretch='condensed', size='scalable')) = 10.25
2025-10-30 21:27:06,688 [DEBUG] findfont: score(FontEntry(fname='C:\\Windows\\Fonts\\PLAYBILL.TTF', name='Playbill', style='normal', variant='normal', weight=400, stretch='normal', size='scalable')) = 10.05
2025-10-30 21:27:06,702 [DEBUG] findfont: score(FontEntry(fname='C:\\Windows\\Fonts\\LSANSI.TTF', name='Lucida Sans', style='italic', variant='normal', weight=400, stretch='normal', size='scalable')) = 11.05
2025-10-30 21:27:06,704 [DEBUG] findfont: score(FontEntry(fname='C:\\Windows\\Fonts\\GIGI.TTF', name='Gigi', style='normal', variant='normal', weight=400, stretch='normal', size='scalable')) = 10.05
2025-10-30 21:27:06,706 [DEBUG] findfont: score(FontEntry(fname='C:\\Windows\\Fonts\\phagspa.ttf', name='Microsoft PhagsPa', style='normal', variant='normal', weight=400, stretch='normal', size='scalable')) = 10.05
2025-10-30 21:27:06,707 [DEBUG] findfont: score(FontEntry(fname='C:\\Windows\\Fonts\\comic.ttf', name='Comic Sans MS', style='normal', variant='normal', weight=400, stretch='normal', size='scalable')) = 10.05
2025-10-30 21:27:06,714 [DEBUG] findfont: score(FontEntry(fname='C:\\Windows\\Fonts\\mingliub.ttc', name='MingLiU-ExtB', style='normal', variant='normal', weight=400, stretch='normal', size='scalable')) = 10.05
2025-10-30 21:27:06,717 [DEBUG] findfont: score(FontEntry(fname='C:\\Windows\\Fonts\\constan.ttf', name='Constantia', style='normal', variant='normal', weight=400, stretch='normal', size='scalable')) = 10.05
2025-10-30 21:27:06,720 [DEBUG] findfont: score(FontEntry(fname='C:\\Windows\\Fonts\\seguisym.ttf', name='Segoe UI Symbol', style='normal', variant='normal', weight=400, stretch='normal', size='scalable')) = 10.05
2025-10-30 21:27:06,722 [DEBUG] findfont: score(FontEntry(fname='C:\\Windows\\Fonts\\DUBAI-BOLD.TTF', name='Dubai', style='normal', variant='normal', weight=700, stretch='normal', size='scalable')) = 10.335
2025-10-30 21:27:06,723 [DEBUG] findfont: score(FontEntry(fname='C:\\Windows\\Fonts\\verdana.ttf', name='Verdana', style='normal', variant='normal', weight=400, stretch='normal', size='scalable')) = 3.6863636363636365
2025-10-30 21:27:06,724 [DEBUG] findfont: score(FontEntry(fname='C:\\Windows\\Fonts\\malgunsl.ttf', name='Malgun Gothic', style='normal', variant='normal', weight=300, stretch='normal', size='scalable')) = 10.145
2025-10-30 21:27:06,725 [DEBUG] findfont: score(FontEntry(fname='C:\\Windows\\Fonts\\seguibl.ttf', name='Segoe UI', style='normal', variant='normal', weight=900, stretch='normal', size='scalable')) = 10.525
2025-10-30 21:27:06,727 [DEBUG] findfont: score(FontEntry(fname='C:\\Windows\\Fonts\\PERTIBD.TTF', name='Perpetua Titling MT', style='normal', variant='normal', weight=700, stretch='normal', size='scalable')) = 10.335
2025-10-30 21:27:06,733 [DEBUG] findfont: score(FontEntry(fname='C:\\Windows\\Fonts\\segoeuiz.ttf', name='Segoe UI', style='italic', variant='normal', weight=700, stretch='normal', size='scalable')) = 11.335
2025-10-30 21:27:06,736 [DEBUG] findfont: score(FontEntry(fname='C:\\Windows\\Fonts\\YuGothL.ttc', name='Yu Gothic', style='normal', variant='normal', weight=300, stretch='normal', size='scalable')) = 10.145
2025-10-30 21:27:06,737 [DEBUG] findfont: score(FontEntry(fname='C:\\Windows\\Fonts\\GILLUBCD.TTF', name='Gill Sans Ultra Bold Condensed', style='normal', variant='normal', weight=400, stretch='condensed', size='scalable')) = 10.25
2025-10-30 21:27:06,738 [DEBUG] findfont: score(FontEntry(fname='C:\\Windows\\Fonts\\micross.ttf', name='Microsoft Sans Serif', style='normal', variant='normal', weight=400, stretch='normal', size='scalable')) = 10.05
2025-10-30 21:27:06,740 [DEBUG] findfont: score(FontEntry(fname='C:\\Windows\\Fonts\\CALIFR.TTF', name='Californian FB', style='normal', variant='normal', weight=400, stretch='normal', size='scalable')) = 10.05
2025-10-30 21:27:06,741 [DEBUG] findfont: score(FontEntry(fname='C:\\Windows\\Fonts\\ROCKI.TTF', name='Rockwell', style='italic', variant='normal', weight=400, stretch='normal', size='scalable')) = 11.05
2025-10-30 21:27:06,744 [DEBUG] findfont: score(FontEntry(fname='C:\\Windows\\Fonts\\BOD_CR.TTF', name='Bodoni MT', style='normal', variant='normal', weight=400, stretch='condensed', size='scalable')) = 10.25
2025-10-30 21:27:06,746 [DEBUG] findfont: score(FontEntry(fname='C:\\Windows\\Fonts\\BOD_CB.TTF', name='Bodoni MT', style='normal', variant='normal', weight=700, stretch='condensed', size='scalable')) = 10.535
2025-10-30 21:27:06,750 [DEBUG] findfont: score(FontEntry(fname='C:\\Windows\\Fonts\\YuGothM.ttc', name='Yu Gothic', style='normal', variant='normal', weight=500, stretch='normal', size='scalable')) = 10.145
2025-10-30 21:27:06,751 [DEBUG] findfont: score(FontEntry(fname='C:\\Windows\\Fonts\\SegUIVar.ttf', name='Segoe UI Variable', style='normal', variant='normal', weight=400, stretch='normal', size='scalable')) = 10.05
2025-10-30 21:27:06,753 [DEBUG] findfont: score(FontEntry(fname='C:\\Windows\\Fonts\\trebucbd.ttf', name='Trebuchet MS', style='normal', variant='normal', weight=700, stretch='normal', size='scalable')) = 10.335
2025-10-30 21:27:06,754 [DEBUG] findfont: score(FontEntry(fname='C:\\Windows\\Fonts\\timesi.ttf', name='Times New Roman', style='italic', variant='normal', weight=400, stretch='normal', size='scalable')) = 11.05
2025-10-30 21:27:06,754 [DEBUG] findfont: score(FontEntry(fname='C:\\Windows\\Fonts\\MAIAN.TTF', name='Maiandra GD', style='normal', variant='normal', weight=400, stretch='normal', size='scalable')) = 10.05
2025-10-30 21:27:06,756 [DEBUG] findfont: score(FontEntry(fname='C:\\Windows\\Fonts\\BOOKOSB.TTF', name='Bookman Old Style', style='normal', variant='normal', weight=600, stretch='normal', size='scalable')) = 10.24
2025-10-30 21:27:06,757 [DEBUG] findfont: score(FontEntry(fname='C:\\Windows\\Fonts\\BOD_R.TTF', name='Bodoni MT', style='normal', variant='normal', weight=400, stretch='normal', size='scalable')) = 10.05
2025-10-30 21:27:06,759 [DEBUG] findfont: score(FontEntry(fname='C:\\Windows\\Fonts\\HTOWERTI.TTF', name='High Tower Text', style='italic', variant='normal', weight=400, stretch='normal', size='scalable')) = 11.05
2025-10-30 21:27:06,763 [DEBUG] findfont: score(FontEntry(fname='C:\\Windows\\Fonts\\msyi.ttf', name='Microsoft Yi Baiti', style='normal', variant='normal', weight=400, stretch='normal', size='scalable')) = 10.05
2025-10-30 21:27:06,770 [DEBUG] findfont: score(FontEntry(fname='C:\\Windows\\Fonts\\HPSimplified_Lt.ttf', name='HP Simplified', style='normal', variant='normal', weight=300, stretch='normal', size='scalable')) = 10.145
2025-10-30 21:27:06,785 [DEBUG] findfont: score(FontEntry(fname='C:\\Windows\\Fonts\\MATURASC.TTF', name='Matura MT Script Capitals', style='normal', variant='normal', weight=400, stretch='normal', size='scalable')) = 10.05
2025-10-30 21:27:06,790 [DEBUG] findfont: score(FontEntry(fname='C:\\Windows\\Fonts\\FRADMCN.TTF', name='Franklin Gothic Demi Cond', style='normal', variant='normal', weight=400, stretch='condensed', size='scalable')) = 10.25
2025-10-30 21:27:06,792 [DEBUG] findfont: score(FontEntry(fname='C:\\Windows\\Fonts\\GOUDOSB.TTF', name='Goudy Old Style', style='normal', variant='normal', weight=700, stretch='normal', size='scalable')) = 10.335
2025-10-30 21:27:06,806 [DEBUG] findfont: score(FontEntry(fname='C:\\Windows\\Fonts\\BKANT.TTF', name='Book Antiqua', style='normal', variant='normal', weight=400, stretch='normal', size='scalable')) = 10.05
2025-10-30 21:27:06,807 [DEBUG] findfont: score(FontEntry(fname='C:\\Windows\\Fonts\\OCRAEXT.TTF', name='OCR A Extended', style='normal', variant='normal', weight=400, stretch='expanded', size='scalable')) = 10.25
2025-10-30 21:27:06,808 [DEBUG] findfont: score(FontEntry(fname='C:\\Windows\\Fonts\\phagspab.ttf', name='Microsoft PhagsPa', style='normal', variant='normal', weight=700, stretch='normal', size='scalable')) = 10.335
2025-10-30 21:27:06,810 [DEBUG] findfont: score(FontEntry(fname='C:\\Windows\\Fonts\\BOD_CI.TTF', name='Bodoni MT', style='italic', variant='normal', weight=400, stretch='condensed', size='scalable')) = 11.25
2025-10-30 21:27:06,816 [DEBUG] findfont: score(FontEntry(fname='C:\\Windows\\Fonts\\trebucbi.ttf', name='Trebuchet MS', style='italic', variant='normal', weight=700, stretch='normal', size='scalable')) = 11.335
2025-10-30 21:27:06,817 [DEBUG] findfont: score(FontEntry(fname='C:\\Windows\\Fonts\\msyhbd.ttc', name='Microsoft YaHei', style='normal', variant='normal', weight=700, stretch='normal', size='scalable')) = 10.335
2025-10-30 21:27:06,819 [DEBUG] findfont: score(FontEntry(fname='C:\\Windows\\Fonts\\corbelb.ttf', name='Corbel', style='normal', variant='normal', weight=700, stretch='normal', size='scalable')) = 10.335
2025-10-30 21:27:06,820 [DEBUG] findfont: score(FontEntry(fname='C:\\Windows\\Fonts\\LFAXDI.TTF', name='Lucida Fax', style='italic', variant='normal', weight=600, stretch='normal', size='scalable')) = 11.24
2025-10-30 21:27:06,820 [DEBUG] findfont: score(FontEntry(fname='C:\\Windows\\Fonts\\cambria.ttc', name='Cambria', style='normal', variant='normal', weight=400, stretch='normal', size='scalable')) = 10.05
2025-10-30 21:27:06,821 [DEBUG] findfont: score(FontEntry(fname='C:\\Windows\\Fonts\\segoeuil.ttf', name='Segoe UI', style='normal', variant='normal', weight=300, stretch='normal', size='scalable')) = 10.145
2025-10-30 21:27:06,822 [DEBUG] findfont: score(FontEntry(fname='C:\\Windows\\Fonts\\GOUDOS.TTF', name='Goudy Old Style', style='normal', variant='normal', weight=400, stretch='normal', size='scalable')) = 10.05
2025-10-30 21:27:06,828 [DEBUG] findfont: score(FontEntry(fname='C:\\Windows\\Fonts\\BOOKOSI.TTF', name='Bookman Old Style', style='italic', variant='normal', weight=300, stretch='normal', size='scalable')) = 11.145
2025-10-30 21:27:06,830 [DEBUG] findfont: score(FontEntry(fname='C:\\Windows\\Fonts\\BRUSHSCI.TTF', name='Brush Script MT', style='italic', variant='normal', weight=400, stretch='normal', size='scalable')) = 11.05
2025-10-30 21:27:06,833 [DEBUG] findfont: score(FontEntry(fname='C:\\Windows\\Fonts\\TCBI____.TTF', name='Tw Cen MT', style='italic', variant='normal', weight=700, stretch='normal', size='scalable')) = 11.335
2025-10-30 21:27:06,834 [DEBUG] findfont: score(FontEntry(fname='C:\\Windows\\Fonts\\HATTEN.TTF', name='Haettenschweiler', style='normal', variant='normal', weight=400, stretch='normal', size='scalable')) = 10.05
2025-10-30 21:27:06,836 [DEBUG] findfont: score(FontEntry(fname='C:\\Windows\\Fonts\\ANTQUAB.TTF', name='Book Antiqua', style='normal', variant='normal', weight=700, stretch='normal', size='scalable')) = 10.335
2025-10-30 21:27:06,837 [DEBUG] findfont: score(FontEntry(fname='C:\\Windows\\Fonts\\palai.ttf', name='Palatino Linotype', style='italic', variant='normal', weight=400, stretch='normal', size='scalable')) = 11.05
2025-10-30 21:27:06,837 [DEBUG] findfont: score(FontEntry(fname='C:\\Windows\\Fonts\\PERI____.TTF', name='Perpetua', style='italic', variant='normal', weight=400, stretch='normal', size='scalable')) = 11.05
2025-10-30 21:27:06,838 [DEBUG] findfont: score(FontEntry(fname='C:\\Windows\\Fonts\\corbeli.ttf', name='Corbel', style='italic', variant='normal', weight=400, stretch='normal', size='scalable')) = 11.05
2025-10-30 21:27:06,839 [DEBUG] findfont: score(FontEntry(fname='C:\\Windows\\Fonts\\SegoeIcons.ttf', name='Segoe Fluent Icons', style='normal', variant='normal', weight=400, stretch='normal', size='scalable')) = 10.05
2025-10-30 21:27:06,840 [DEBUG] findfont: score(FontEntry(fname='C:\\Windows\\Fonts\\PAPYRUS.TTF', name='Papyrus', style='normal', variant='normal', weight=400, stretch='normal', size='scalable')) = 10.05
2025-10-30 21:27:06,841 [DEBUG] findfont: score(FontEntry(fname='C:\\Windows\\Fonts\\comici.ttf', name='Comic Sans MS', style='italic', variant='normal', weight=400, stretch='normal', size='scalable')) = 11.05
2025-10-30 21:27:06,841 [DEBUG] findfont: score(FontEntry(fname='C:\\Windows\\Fonts\\GILI____.TTF', name='Gill Sans MT', style='italic', variant='normal', weight=400, stretch='normal', size='scalable')) = 11.05
2025-10-30 21:27:06,842 [DEBUG] findfont: score(FontEntry(fname='C:\\Windows\\Fonts\\arialbi.ttf', name='Arial', style='italic', variant='normal', weight=700, stretch='normal', size='scalable')) = 7.698636363636363
2025-10-30 21:27:06,845 [DEBUG] findfont: score(FontEntry(fname='C:\\Windows\\Fonts\\l_10646.ttf', name='Lucida Sans Unicode', style='normal', variant='normal', weight=400, stretch='normal', size='scalable')) = 10.05
2025-10-30 21:27:06,848 [DEBUG] findfont: score(FontEntry(fname='C:\\Windows\\Fonts\\impact.ttf', name='Impact', style='normal', variant='normal', weight=400, stretch='normal', size='scalable')) = 10.05
2025-10-30 21:27:06,849 [DEBUG] findfont: score(FontEntry(fname='C:\\Windows\\Fonts\\CALISTI.TTF', name='Calisto MT', style='italic', variant='normal', weight=400, stretch='normal', size='scalable')) = 11.05
2025-10-30 21:27:06,851 [DEBUG] findfont: score(FontEntry(fname='C:\\Windows\\Fonts\\segoescb.ttf', name='Segoe Script', style='normal', variant='normal', weight=700, stretch='normal', size='scalable')) = 10.335
2025-10-30 21:27:06,851 [DEBUG] findfont: score(FontEntry(fname='C:\\Windows\\Fonts\\verdanaz.ttf', name='Verdana', style='italic', variant='normal', weight=700, stretch='normal', size='scalable')) = 4.971363636363637
2025-10-30 21:27:06,852 [DEBUG] findfont: score(FontEntry(fname='C:\\Windows\\Fonts\\ARIALNBI.TTF', name='Arial', style='italic', variant='normal', weight=700, stretch='condensed', size='scalable')) = 7.8986363636363635
2025-10-30 21:27:06,853 [DEBUG] findfont: score(FontEntry(fname='C:\\Windows\\Fonts\\OLDENGL.TTF', name='Old English Text MT', style='normal', variant='normal', weight=400, stretch='normal', size='scalable')) = 10.05
2025-10-30 21:27:06,854 [DEBUG] findfont: score(FontEntry(fname='C:\\Windows\\Fonts\\simsun.ttc', name='SimSun', style='normal', variant='normal', weight=400, stretch='normal', size='scalable')) = 10.05
2025-10-30 21:27:06,855 [DEBUG] findfont: score(FontEntry(fname='C:\\Windows\\Fonts\\comicz.ttf', name='Comic Sans MS', style='italic', variant='normal', weight=700, stretch='normal', size='scalable')) = 11.335
2025-10-30 21:27:06,856 [DEBUG] findfont: score(FontEntry(fname='C:\\Windows\\Fonts\\msgothic.ttc', name='MS Gothic', style='normal', variant='normal', weight=400, stretch='normal', size='scalable')) = 10.05
2025-10-30 21:27:06,857 [DEBUG] findfont: score(FontEntry(fname='C:\\Windows\\Fonts\\GARABD.TTF', name='Garamond', style='normal', variant='normal', weight=700, stretch='normal', size='scalable')) = 10.335
2025-10-30 21:27:06,858 [DEBUG] findfont: score(FontEntry(fname='C:\\Windows\\Fonts\\PERBI___.TTF', name='Perpetua', style='italic', variant='normal', weight=700, stretch='normal', size='scalable')) = 11.335
2025-10-30 21:27:06,859 [DEBUG] findfont: score(FontEntry(fname='C:\\Windows\\Fonts\\TCMI____.TTF', name='Tw Cen MT', style='italic', variant='normal', weight=400, stretch='normal', size='scalable')) = 11.05
2025-10-30 21:27:06,860 [DEBUG] findfont: score(FontEntry(fname='C:\\Windows\\Fonts\\VIVALDII.TTF', name='Vivaldi', style='italic', variant='normal', weight=400, stretch='normal', size='scalable')) = 11.05
2025-10-30 21:27:06,861 [DEBUG] findfont: score(FontEntry(fname='C:\\Windows\\Fonts\\ROCKBI.TTF', name='Rockwell', style='italic', variant='normal', weight=700, stretch='normal', size='scalable')) = 11.335
2025-10-30 21:27:06,862 [DEBUG] findfont: score(FontEntry(fname='C:\\Windows\\Fonts\\javatext.ttf', name='Javanese Text', style='normal', variant='normal', weight=400, stretch='normal', size='scalable')) = 10.05
2025-10-30 21:27:06,864 [DEBUG] findfont: score(FontEntry(fname='C:\\Windows\\Fonts\\BROADW.TTF', name='Broadway', style='normal', variant='normal', weight=400, stretch='normal', size='scalable')) = 10.05
2025-10-30 21:27:06,865 [DEBUG] findfont: score(FontEntry(fname='C:\\Windows\\Fonts\\OUTLOOK.TTF', name='MS Outlook', style='normal', variant='normal', weight=400, stretch='normal', size='scalable')) = 10.05
2025-10-30 21:27:06,866 [DEBUG] findfont: score(FontEntry(fname='C:\\Windows\\Fonts\\Inkfree.ttf', name='Ink Free', style='normal', variant='normal', weight=400, stretch='normal', size='scalable')) = 10.05
2025-10-30 21:27:06,867 [DEBUG] findfont: score(FontEntry(fname='C:\\Windows\\Fonts\\CALIFB.TTF', name='Californian FB', style='normal', variant='normal', weight=700, stretch='normal', size='scalable')) = 10.335
2025-10-30 21:27:06,868 [DEBUG] findfont: score(FontEntry(fname='C:\\Windows\\Fonts\\LCALLIG.TTF', name='Lucida Calligraphy', style='italic', variant='normal', weight=400, stretch='normal', size='scalable')) = 11.05
2025-10-30 21:27:06,868 [DEBUG] findfont: score(FontEntry(fname='C:\\Windows\\Fonts\\NIAGSOL.TTF', name='Niagara Solid', style='normal', variant='normal', weight=400, stretch='normal', size='scalable')) = 10.05
2025-10-30 21:27:06,869 [DEBUG] findfont: score(FontEntry(fname='C:\\Windows\\Fonts\\segmdl2.ttf', name='Segoe MDL2 Assets', style='normal', variant='normal', weight=400, stretch='normal', size='scalable')) = 10.05
2025-10-30 21:27:06,870 [DEBUG] findfont: score(FontEntry(fname='C:\\Windows\\Fonts\\cambriaz.ttf', name='Cambria', style='italic', variant='normal', weight=700, stretch='normal', size='scalable')) = 11.335
2025-10-30 21:27:06,870 [DEBUG] findfont: score(FontEntry(fname='C:\\Windows\\Fonts\\GILBI___.TTF', name='Gill Sans MT', style='italic', variant='normal', weight=700, stretch='normal', size='scalable')) = 11.335
2025-10-30 21:27:06,871 [DEBUG] findfont: score(FontEntry(fname='C:\\Windows\\Fonts\\MAGNETOB.TTF', name='Magneto', style='normal', variant='normal', weight=700, stretch='normal', size='scalable')) = 10.335
2025-10-30 21:27:06,872 [DEBUG] findfont: score(FontEntry(fname='C:\\Windows\\Fonts\\FRABKIT.TTF', name='Franklin Gothic Book', style='italic', variant='normal', weight=400, stretch='normal', size='scalable')) = 11.05
2025-10-30 21:27:06,872 [DEBUG] findfont: score(FontEntry(fname='C:\\Windows\\Fonts\\REFSAN.TTF', name='MS Reference Sans Serif', style='normal', variant='normal', weight=400, stretch='normal', size='scalable')) = 10.05
2025-10-30 21:27:06,873 [DEBUG] findfont: score(FontEntry(fname='C:\\Windows\\Fonts\\tahoma.ttf', name='Tahoma', style='normal', variant='normal', weight=400, stretch='normal', size='scalable')) = 10.05
2025-10-30 21:27:06,874 [DEBUG] findfont: score(FontEntry(fname='C:\\Windows\\Fonts\\cambriab.ttf', name='Cambria', style='normal', variant='normal', weight=700, stretch='normal', size='scalable')) = 10.335
2025-10-30 21:27:06,874 [DEBUG] findfont: score(FontEntry(fname='C:\\Windows\\Fonts\\JUICE___.TTF', name='Juice ITC', style='normal', variant='normal', weight=400, stretch='normal', size='scalable')) = 10.05
2025-10-30 21:27:06,875 [DEBUG] findfont: score(FontEntry(fname='C:\\Windows\\Fonts\\BOD_CBI.TTF', name='Bodoni MT', style='italic', variant='normal', weight=700, stretch='condensed', size='scalable')) = 11.535
2025-10-30 21:27:06,875 [DEBUG] findfont: score(FontEntry(fname='C:\\Windows\\Fonts\\HARLOWSI.TTF', name='Harlow Solid Italic', style='italic', variant='normal', weight=400, stretch='normal', size='scalable')) = 11.05
2025-10-30 21:27:06,877 [DEBUG] findfont: score(FontEntry(fname='C:\\Windows\\Fonts\\msyhl.ttc', name='Microsoft YaHei', style='normal', variant='normal', weight=290, stretch='normal', size='scalable')) = 10.1545
2025-10-30 21:27:06,878 [DEBUG] findfont: score(FontEntry(fname='C:\\Windows\\Fonts\\BOOKOS.TTF', name='Bookman Old Style', style='normal', variant='normal', weight=300, stretch='normal', size='scalable')) = 10.145
2025-10-30 21:27:06,879 [DEBUG] findfont: score(FontEntry(fname='C:\\Windows\\Fonts\\FRADMIT.TTF', name='Franklin Gothic Demi', style='italic', variant='normal', weight=400, stretch='normal', size='scalable')) = 11.05
2025-10-30 21:27:06,880 [DEBUG] findfont: score(FontEntry(fname='C:\\Windows\\Fonts\\SCHLBKI.TTF', name='Century Schoolbook', style='italic', variant='normal', weight=400, stretch='normal', size='scalable')) = 11.05
2025-10-30 21:27:06,881 [DEBUG] findfont: score(FontEntry(fname='C:\\Windows\\Fonts\\GILB____.TTF', name='Gill Sans MT', style='normal', variant='normal', weight=700, stretch='normal', size='scalable')) = 10.335
2025-10-30 21:27:06,882 [DEBUG] findfont: score(FontEntry(fname='C:\\Windows\\Fonts\\GOTHICB.TTF', name='Century Gothic', style='normal', variant='normal', weight=700, stretch='normal', size='scalable')) = 10.335
2025-10-30 21:27:06,883 [DEBUG] findfont: score(FontEntry(fname='C:\\Windows\\Fonts\\segoeuib.ttf', name='Segoe UI', style='normal', variant='normal', weight=700, stretch='normal', size='scalable')) = 10.335
2025-10-30 21:27:06,884 [DEBUG] findfont: score(FontEntry(fname='C:\\Windows\\Fonts\\Candarai.ttf', name='Candara', style='italic', variant='normal', weight=400, stretch='normal', size='scalable')) = 11.05
2025-10-30 21:27:06,885 [DEBUG] findfont: score(FontEntry(fname='C:\\Windows\\Fonts\\seguili.ttf', name='Segoe UI', style='italic', variant='normal', weight=300, stretch='normal', size='scalable')) = 11.145
2025-10-30 21:27:06,885 [DEBUG] findfont: score(FontEntry(fname='C:\\Windows\\Fonts\\arial.ttf', name='Arial', style='normal', variant='normal', weight=400, stretch='normal', size='scalable')) = 6.413636363636363
2025-10-30 21:27:06,886 [DEBUG] findfont: score(FontEntry(fname='C:\\Windows\\Fonts\\hpsimplifiedhans-light.ttf', name='HP Simplified Hans', style='normal', variant='normal', weight=300, stretch='normal', size='scalable')) = 10.145
2025-10-30 21:27:06,887 [DEBUG] findfont: score(FontEntry(fname='C:\\Windows\\Fonts\\ntailub.ttf', name='Microsoft New Tai Lue', style='normal', variant='normal', weight=700, stretch='normal', size='scalable')) = 10.335
2025-10-30 21:27:06,888 [DEBUG] findfont: score(FontEntry(fname='C:\\Windows\\Fonts\\seguisbi.ttf', name='Segoe UI', style='italic', variant='normal', weight=600, stretch='normal', size='scalable')) = 11.24
2025-10-30 21:27:06,889 [DEBUG] findfont: score(FontEntry(fname='C:\\Windows\\Fonts\\ANTQUAI.TTF', name='Book Antiqua', style='italic', variant='normal', weight=400, stretch='normal', size='scalable')) = 11.05
2025-10-30 21:27:06,890 [DEBUG] findfont: score(FontEntry(fname='C:\\Windows\\Fonts\\msjhl.ttc', name='Microsoft JhengHei', style='normal', variant='normal', weight=290, stretch='normal', size='scalable')) = 10.1545
2025-10-30 21:27:06,890 [DEBUG] findfont: score(FontEntry(fname='C:\\Windows\\Fonts\\calibrili.ttf', name='Calibri', style='italic', variant='normal', weight=300, stretch='normal', size='scalable')) = 11.145
2025-10-30 21:27:06,891 [DEBUG] findfont: score(FontEntry(fname='C:\\Windows\\Fonts\\TCCEB.TTF', name='Tw Cen MT Condensed Extra Bold', style='normal', variant='normal', weight=400, stretch='condensed', size='scalable')) = 10.25
2025-10-30 21:27:06,891 [DEBUG] findfont: score(FontEntry(fname='C:\\Windows\\Fonts\\georgiaz.ttf', name='Georgia', style='italic', variant='normal', weight=700, stretch='normal', size='scalable')) = 11.335
2025-10-30 21:27:06,892 [DEBUG] findfont: score(FontEntry(fname='C:\\Windows\\Fonts\\BASKVILL.TTF', name='Baskerville Old Face', style='normal', variant='normal', weight=400, stretch='normal', size='scalable')) = 10.05
2025-10-30 21:27:06,893 [DEBUG] findfont: score(FontEntry(fname='C:\\Windows\\Fonts\\CASTELAR.TTF', name='Castellar', style='normal', variant='normal', weight=400, stretch='normal', size='scalable')) = 10.05
2025-10-30 21:27:06,894 [DEBUG] findfont: score(FontEntry(fname='C:\\Windows\\Fonts\\DUBAI-REGULAR.TTF', name='Dubai', style='normal', variant='normal', weight=400, stretch='normal', size='scalable')) = 10.05
2025-10-30 21:27:06,895 [DEBUG] findfont: score(FontEntry(fname='C:\\Windows\\Fonts\\ONYX.TTF', name='Onyx', style='normal', variant='normal', weight=400, stretch='normal', size='scalable')) = 10.05
2025-10-30 21:27:06,895 [DEBUG] findfont: score(FontEntry(fname='C:\\Windows\\Fonts\\georgiab.ttf', name='Georgia', style='normal', variant='normal', weight=700, stretch='normal', size='scalable')) = 10.335
2025-10-30 21:27:06,897 [DEBUG] findfont: score(FontEntry(fname='C:\\Windows\\Fonts\\CENSCBK.TTF', name='Century Schoolbook', style='normal', variant='normal', weight=400, stretch='normal', size='scalable')) = 10.05
2025-10-30 21:27:06,898 [DEBUG] findfont: score(FontEntry(fname='C:\\Windows\\Fonts\\times.ttf', name='Times New Roman', style='normal', variant='normal', weight=400, stretch='normal', size='scalable')) = 10.05
2025-10-30 21:27:06,899 [DEBUG] findfont: score(FontEntry(fname='C:\\Windows\\Fonts\\DUBAI-MEDIUM.TTF', name='Dubai', style='normal', variant='normal', weight=500, stretch='normal', size='scalable')) = 10.145
2025-10-30 21:27:06,900 [DEBUG] findfont: score(FontEntry(fname='C:\\Windows\\Fonts\\ebrimabd.ttf', name='Ebrima', style='normal', variant='normal', weight=700, stretch='normal', size='scalable')) = 10.335
2025-10-30 21:27:06,900 [DEBUG] findfont: score(FontEntry(fname='C:\\Windows\\Fonts\\Candarab.ttf', name='Candara', style='normal', variant='normal', weight=700, stretch='normal', size='scalable')) = 10.335
2025-10-30 21:27:06,901 [DEBUG] findfont: score(FontEntry(fname='C:\\Windows\\Fonts\\BRLNSR.TTF', name='Berlin Sans FB', style='normal', variant='normal', weight=400, stretch='normal', size='scalable')) = 10.05
2025-10-30 21:27:06,902 [DEBUG] findfont: score(FontEntry(fname='C:\\Windows\\Fonts\\GLSNECB.TTF', name='Gill Sans MT Ext Condensed Bold', style='normal', variant='normal', weight=400, stretch='condensed', size='scalable')) = 10.25
2025-10-30 21:27:06,902 [DEBUG] findfont: score(FontEntry(fname='C:\\Windows\\Fonts\\KUNSTLER.TTF', name='Kunstler Script', style='normal', variant='normal', weight=400, stretch='normal', size='scalable')) = 10.05
2025-10-30 21:27:06,903 [DEBUG] findfont: score(FontEntry(fname='C:\\Windows\\Fonts\\ELEPHNT.TTF', name='Elephant', style='normal', variant='normal', weight=400, stretch='normal', size='scalable')) = 10.05
2025-10-30 21:27:06,904 [DEBUG] findfont: score(FontEntry(fname='C:\\Windows\\Fonts\\PERB____.TTF', name='Perpetua', style='normal', variant='normal', weight=700, stretch='normal', size='scalable')) = 10.335
2025-10-30 21:27:06,905 [DEBUG] findfont: score(FontEntry(fname='C:\\Windows\\Fonts\\BELL.TTF', name='Bell MT', style='normal', variant='normal', weight=400, stretch='normal', size='scalable')) = 10.05
2025-10-30 21:27:06,905 [DEBUG] findfont: score(FontEntry(fname='C:\\Windows\\Fonts\\verdanab.ttf', name='Verdana', style='normal', variant='normal', weight=700, stretch='normal', size='scalable')) = 3.9713636363636367
2025-10-30 21:27:06,906 [DEBUG] findfont: score(FontEntry(fname='C:\\Windows\\Fonts\\gadugi.ttf', name='Gadugi', style='normal', variant='normal', weight=400, stretch='normal', size='scalable')) = 10.05
2025-10-30 21:27:06,907 [DEBUG] findfont: score(FontEntry(fname='C:\\Windows\\Fonts\\calibrib.ttf', name='Calibri', style='normal', variant='normal', weight=700, stretch='normal', size='scalable')) = 10.335
2025-10-30 21:27:06,907 [DEBUG] findfont: score(FontEntry(fname='C:\\Windows\\Fonts\\BRLNSDB.TTF', name='Berlin Sans FB Demi', style='normal', variant='normal', weight=700, stretch='normal', size='scalable')) = 10.335
2025-10-30 21:27:06,908 [DEBUG] findfont: score(FontEntry(fname='C:\\Windows\\Fonts\\GILC____.TTF', name='Gill Sans MT Condensed', style='normal', variant='normal', weight=400, stretch='condensed', size='scalable')) = 10.25
2025-10-30 21:27:06,909 [DEBUG] findfont: score(FontEntry(fname='C:\\Windows\\Fonts\\CENTURY.TTF', name='Century', style='normal', variant='normal', weight=400, stretch='normal', size='scalable')) = 10.05
2025-10-30 21:27:06,909 [DEBUG] findfont: score(FontEntry(fname='C:\\Windows\\Fonts\\PER_____.TTF', name='Perpetua', style='normal', variant='normal', weight=400, stretch='normal', size='scalable')) = 10.05
2025-10-30 21:27:06,911 [DEBUG] findfont: score(FontEntry(fname='C:\\Windows\\Fonts\\AGENCYB.TTF', name='Agency FB', style='normal', variant='normal', weight=700, stretch='normal', size='scalable')) = 10.335
2025-10-30 21:27:06,915 [DEBUG] findfont: score(FontEntry(fname='C:\\Windows\\Fonts\\GOUDOSI.TTF', name='Goudy Old Style', style='italic', variant='normal', weight=400, stretch='normal', size='scalable')) = 11.05
2025-10-30 21:27:06,916 [DEBUG] findfont: score(FontEntry(fname='C:\\Windows\\Fonts\\calibrii.ttf', name='Calibri', style='italic', variant='normal', weight=400, stretch='normal', size='scalable')) = 11.05
2025-10-30 21:27:06,916 [DEBUG] findfont: score(FontEntry(fname='C:\\Windows\\Fonts\\arialbd.ttf', name='Arial', style='normal', variant='normal', weight=700, stretch='normal', size='scalable')) = 6.698636363636363
2025-10-30 21:27:06,917 [DEBUG] findfont: score(FontEntry(fname='C:\\Windows\\Fonts\\FTLTLT.TTF', name='Footlight MT Light', style='normal', variant='normal', weight=300, stretch='normal', size='scalable')) = 10.145
2025-10-30 21:27:06,918 [DEBUG] findfont: score(FontEntry(fname='C:\\Windows\\Fonts\\LTYPEB.TTF', name='Lucida Sans Typewriter', style='normal', variant='normal', weight=600, stretch='normal', size='scalable')) = 10.24
2025-10-30 21:27:06,919 [DEBUG] findfont: score(FontEntry(fname='C:\\Windows\\Fonts\\HPSimplified_LtIt.ttf', name='HP Simplified', style='italic', variant='normal', weight=300, stretch='normal', size='scalable')) = 11.145
2025-10-30 21:27:06,919 [DEBUG] findfont: score(FontEntry(fname='C:\\Windows\\Fonts\\symbol.ttf', name='Symbol', style='normal', variant='normal', weight=400, stretch='normal', size='scalable')) = 10.05
2025-10-30 21:27:06,920 [DEBUG] findfont: score(FontEntry(fname='C:\\Windows\\Fonts\\seguisli.ttf', name='Segoe UI', style='italic', variant='normal', weight=350, stretch='normal', size='scalable')) = 11.0975
2025-10-30 21:27:06,921 [DEBUG] findfont: score(FontEntry(fname='C:\\Windows\\Fonts\\BOD_BLAI.TTF', name='Bodoni MT', style='italic', variant='normal', weight=900, stretch='normal', size='scalable')) = 11.525
2025-10-30 21:27:06,922 [DEBUG] findfont: score(FontEntry(fname='C:\\Windows\\Fonts\\BELLB.TTF', name='Bell MT', style='normal', variant='normal', weight=700, stretch='normal', size='scalable')) = 10.335
2025-10-30 21:27:06,922 [DEBUG] findfont: score(FontEntry(fname='C:\\Windows\\Fonts\\tahomabd.ttf', name='Tahoma', style='normal', variant='normal', weight=700, stretch='normal', size='scalable')) = 10.335
2025-10-30 21:27:06,923 [DEBUG] findfont: score(FontEntry(fname='C:\\Windows\\Fonts\\BOD_BI.TTF', name='Bodoni MT', style='italic', variant='normal', weight=700, stretch='normal', size='scalable')) = 11.335
2025-10-30 21:27:06,923 [DEBUG] findfont: score(FontEntry(fname='C:\\Windows\\Fonts\\CALISTB.TTF', name='Calisto MT', style='normal', variant='normal', weight=700, stretch='normal', size='scalable')) = 10.335
2025-10-30 21:27:06,924 [DEBUG] findfont: score(FontEntry(fname='C:\\Windows\\Fonts\\SitkaVF-Italic.ttf', name='Sitka', style='italic', variant='normal', weight=400, stretch='normal', size='scalable')) = 11.05
2025-10-30 21:27:06,925 [DEBUG] findfont: score(FontEntry(fname='C:\\Windows\\Fonts\\YuGothB.ttc', name='Yu Gothic', style='normal', variant='normal', weight=700, stretch='normal', size='scalable')) = 10.335
2025-10-30 21:27:06,926 [DEBUG] findfont: score(FontEntry(fname='C:\\Windows\\Fonts\\IMPRISHA.TTF', name='Imprint MT Shadow', style='normal', variant='normal', weight=400, stretch='normal', size='scalable')) = 10.05
2025-10-30 21:27:06,927 [DEBUG] findfont: score(FontEntry(fname='C:\\Windows\\Fonts\\Candaraz.ttf', name='Candara', style='italic', variant='normal', weight=700, stretch='normal', size='scalable')) = 11.335
2025-10-30 21:27:06,928 [DEBUG] findfont: score(FontEntry(fname='C:\\Windows\\Fonts\\corbelz.ttf', name='Corbel', style='italic', variant='normal', weight=700, stretch='normal', size='scalable')) = 11.335
2025-10-30 21:27:06,931 [DEBUG] findfont: score(FontEntry(fname='C:\\Windows\\Fonts\\corbell.ttf', name='Corbel', style='normal', variant='normal', weight=300, stretch='normal', size='scalable')) = 10.145
2025-10-30 21:27:06,932 [DEBUG] findfont: score(FontEntry(fname='C:\\Windows\\Fonts\\msjhbd.ttc', name='Microsoft JhengHei', style='normal', variant='normal', weight=700, stretch='normal', size='scalable')) = 10.335
2025-10-30 21:27:06,933 [DEBUG] findfont: score(FontEntry(fname='C:\\Windows\\Fonts\\ARIALNI.TTF', name='Arial', style='italic', variant='normal', weight=400, stretch='condensed', size='scalable')) = 7.613636363636363
2025-10-30 21:27:06,933 [DEBUG] findfont: score(FontEntry(fname='C:\\Windows\\Fonts\\consolai.ttf', name='Consolas', style='italic', variant='normal', weight=400, stretch='normal', size='scalable')) = 11.05
2025-10-30 21:27:06,934 [DEBUG] findfont: score(FontEntry(fname='C:\\Windows\\Fonts\\consolaz.ttf', name='Consolas', style='italic', variant='normal', weight=700, stretch='normal', size='scalable')) = 11.335
2025-10-30 21:27:06,934 [DEBUG] findfont: score(FontEntry(fname='C:\\Windows\\Fonts\\FORTE.TTF', name='Forte', style='normal', variant='normal', weight=400, stretch='normal', size='scalable')) = 10.05
2025-10-30 21:27:06,935 [DEBUG] findfont: Matching sans\-serif:style=normal:variant=normal:weight=normal:stretch=normal:size=10.0 to DejaVu Sans ('C:\\Users\\Abhishek\\AppData\\Roaming\\Python\\Python313\\site-packages\\matplotlib\\mpl-data\\fonts\\ttf\\DejaVuSans.ttf') with score of 0.050000.
2025-10-30 21:27:07,115 [DEBUG] findfont: Matching sans\-serif:style=normal:variant=normal:weight=normal:stretch=normal:size=12.0.
2025-10-30 21:27:07,116 [DEBUG] findfont: score(FontEntry(fname='C:\\Users\\Abhishek\\AppData\\Roaming\\Python\\Python313\\site-packages\\matplotlib\\mpl-data\\fonts\\ttf\\cmr10.ttf', name='cmr10', style='normal', variant='normal', weight=400, stretch='normal', size='scalable')) = 10.05
2025-10-30 21:27:07,117 [DEBUG] findfont: score(FontEntry(fname='C:\\Users\\Abhishek\\AppData\\Roaming\\Python\\Python313\\site-packages\\matplotlib\\mpl-data\\fonts\\ttf\\DejaVuSansMono-Bold.ttf', name='DejaVu Sans Mono', style='normal', variant='normal', weight=700, stretch='normal', size='scalable')) = 10.335
2025-10-30 21:27:07,117 [DEBUG] findfont: score(FontEntry(fname='C:\\Users\\Abhishek\\AppData\\Roaming\\Python\\Python313\\site-packages\\matplotlib\\mpl-data\\fonts\\ttf\\STIXGeneralBol.ttf', name='STIXGeneral', style='normal', variant='normal', weight=700, stretch='normal', size='scalable')) = 10.335
2025-10-30 21:27:07,118 [DEBUG] findfont: score(FontEntry(fname='C:\\Users\\Abhishek\\AppData\\Roaming\\Python\\Python313\\site-packages\\matplotlib\\mpl-data\\fonts\\ttf\\cmb10.ttf', name='cmb10', style='normal', variant='normal', weight=400, stretch='normal', size='scalable')) = 10.05
2025-10-30 21:27:07,119 [DEBUG] findfont: score(FontEntry(fname='C:\\Users\\Abhishek\\AppData\\Roaming\\Python\\Python313\\site-packages\\matplotlib\\mpl-data\\fonts\\ttf\\cmss10.ttf', name='cmss10', style='normal', variant='normal', weight=400, stretch='normal', size='scalable')) = 10.05
2025-10-30 21:27:07,120 [DEBUG] findfont: score(FontEntry(fname='C:\\Users\\Abhishek\\AppData\\Roaming\\Python\\Python313\\site-packages\\matplotlib\\mpl-data\\fonts\\ttf\\DejaVuSans.ttf', name='DejaVu Sans', style='normal', variant='normal', weight=400, stretch='normal', size='scalable')) = 0.05
2025-10-30 21:27:07,121 [DEBUG] findfont: score(FontEntry(fname='C:\\Users\\Abhishek\\AppData\\Roaming\\Python\\Python313\\site-packages\\matplotlib\\mpl-data\\fonts\\ttf\\STIXSizFourSymBol.ttf', name='STIXSizeFourSym', style='normal', variant='normal', weight=700, stretch='normal', size='scalable')) = 10.335
2025-10-30 21:27:07,122 [DEBUG] findfont: score(FontEntry(fname='C:\\Users\\Abhishek\\AppData\\Roaming\\Python\\Python313\\site-packages\\matplotlib\\mpl-data\\fonts\\ttf\\STIXGeneralItalic.ttf', name='STIXGeneral', style='italic', variant='normal', weight=400, stretch='normal', size='scalable')) = 11.05
2025-10-30 21:27:07,122 [DEBUG] findfont: score(FontEntry(fname='C:\\Users\\Abhishek\\AppData\\Roaming\\Python\\Python313\\site-packages\\matplotlib\\mpl-data\\fonts\\ttf\\DejaVuSans-BoldOblique.ttf', name='DejaVu Sans', style='oblique', variant='normal', weight=700, stretch='normal', size='scalable')) = 1.335
2025-10-30 21:27:07,123 [DEBUG] findfont: score(FontEntry(fname='C:\\Users\\Abhishek\\AppData\\Roaming\\Python\\Python313\\site-packages\\matplotlib\\mpl-data\\fonts\\ttf\\DejaVuSans-Bold.ttf', name='DejaVu Sans', style='normal', variant='normal', weight=700, stretch='normal', size='scalable')) = 0.33499999999999996
2025-10-30 21:27:07,124 [DEBUG] findfont: score(FontEntry(fname='C:\\Users\\Abhishek\\AppData\\Roaming\\Python\\Python313\\site-packages\\matplotlib\\mpl-data\\fonts\\ttf\\STIXNonUni.ttf', name='STIXNonUnicode', style='normal', variant='normal', weight=400, stretch='normal', size='scalable')) = 10.05
2025-10-30 21:27:07,125 [DEBUG] findfont: score(FontEntry(fname='C:\\Users\\Abhishek\\AppData\\Roaming\\Python\\Python313\\site-packages\\matplotlib\\mpl-data\\fonts\\ttf\\DejaVuSansMono.ttf', name='DejaVu Sans Mono', style='normal', variant='normal', weight=400, stretch='normal', size='scalable')) = 10.05
2025-10-30 21:27:07,127 [DEBUG] findfont: score(FontEntry(fname='C:\\Users\\Abhishek\\AppData\\Roaming\\Python\\Python313\\site-packages\\matplotlib\\mpl-data\\fonts\\ttf\\STIXSizOneSymBol.ttf', name='STIXSizeOneSym', style='normal', variant='normal', weight=700, stretch='normal', size='scalable')) = 10.335
2025-10-30 21:27:07,129 [DEBUG] findfont: score(FontEntry(fname='C:\\Users\\Abhishek\\AppData\\Roaming\\Python\\Python313\\site-packages\\matplotlib\\mpl-data\\fonts\\ttf\\DejaVuSerif-Italic.ttf', name='DejaVu Serif', style='italic', variant='normal', weight=400, stretch='normal', size='scalable')) = 11.05
2025-10-30 21:27:07,131 [DEBUG] findfont: score(FontEntry(fname='C:\\Users\\Abhishek\\AppData\\Roaming\\Python\\Python313\\site-packages\\matplotlib\\mpl-data\\fonts\\ttf\\STIXNonUniBol.ttf', name='STIXNonUnicode', style='normal', variant='normal', weight=700, stretch='normal', size='scalable')) = 10.335
2025-10-30 21:27:07,133 [DEBUG] findfont: score(FontEntry(fname='C:\\Users\\Abhishek\\AppData\\Roaming\\Python\\Python313\\site-packages\\matplotlib\\mpl-data\\fonts\\ttf\\STIXSizFiveSymReg.ttf', name='STIXSizeFiveSym', style='normal', variant='normal', weight=400, stretch='normal', size='scalable')) = 10.05
2025-10-30 21:27:07,134 [DEBUG] findfont: score(FontEntry(fname='C:\\Users\\Abhishek\\AppData\\Roaming\\Python\\Python313\\site-packages\\matplotlib\\mpl-data\\fonts\\ttf\\DejaVuSerifDisplay.ttf', name='DejaVu Serif Display', style='normal', variant='normal', weight=400, stretch='normal', size='scalable')) = 10.05
2025-10-30 21:27:07,135 [DEBUG] findfont: score(FontEntry(fname='C:\\Users\\Abhishek\\AppData\\Roaming\\Python\\Python313\\site-packages\\matplotlib\\mpl-data\\fonts\\ttf\\STIXSizFourSymReg.ttf', name='STIXSizeFourSym', style='normal', variant='normal', weight=400, stretch='normal', size='scalable')) = 10.05
2025-10-30 21:27:07,136 [DEBUG] findfont: score(FontEntry(fname='C:\\Users\\Abhishek\\AppData\\Roaming\\Python\\Python313\\site-packages\\matplotlib\\mpl-data\\fonts\\ttf\\DejaVuSansMono-BoldOblique.ttf', name='DejaVu Sans Mono', style='oblique', variant='normal', weight=700, stretch='normal', size='scalable')) = 11.335
2025-10-30 21:27:07,137 [DEBUG] findfont: score(FontEntry(fname='C:\\Users\\Abhishek\\AppData\\Roaming\\Python\\Python313\\site-packages\\matplotlib\\mpl-data\\fonts\\ttf\\DejaVuSans-Oblique.ttf', name='DejaVu Sans', style='oblique', variant='normal', weight=400, stretch='normal', size='scalable')) = 1.05
2025-10-30 21:27:07,138 [DEBUG] findfont: score(FontEntry(fname='C:\\Users\\Abhishek\\AppData\\Roaming\\Python\\Python313\\site-packages\\matplotlib\\mpl-data\\fonts\\ttf\\STIXGeneralBolIta.ttf', name='STIXGeneral', style='italic', variant='normal', weight=700, stretch='normal', size='scalable')) = 11.335
2025-10-30 21:27:07,139 [DEBUG] findfont: score(FontEntry(fname='C:\\Users\\Abhishek\\AppData\\Roaming\\Python\\Python313\\site-packages\\matplotlib\\mpl-data\\fonts\\ttf\\DejaVuSerif.ttf', name='DejaVu Serif', style='normal', variant='normal', weight=400, stretch='normal', size='scalable')) = 10.05
2025-10-30 21:27:07,139 [DEBUG] findfont: score(FontEntry(fname='C:\\Users\\Abhishek\\AppData\\Roaming\\Python\\Python313\\site-packages\\matplotlib\\mpl-data\\fonts\\ttf\\cmsy10.ttf', name='cmsy10', style='normal', variant='normal', weight=400, stretch='normal', size='scalable')) = 10.05
2025-10-30 21:27:07,140 [DEBUG] findfont: score(FontEntry(fname='C:\\Users\\Abhishek\\AppData\\Roaming\\Python\\Python313\\site-packages\\matplotlib\\mpl-data\\fonts\\ttf\\STIXNonUniIta.ttf', name='STIXNonUnicode', style='italic', variant='normal', weight=400, stretch='normal', size='scalable')) = 11.05
2025-10-30 21:27:07,141 [DEBUG] findfont: score(FontEntry(fname='C:\\Users\\Abhishek\\AppData\\Roaming\\Python\\Python313\\site-packages\\matplotlib\\mpl-data\\fonts\\ttf\\STIXSizTwoSymReg.ttf', name='STIXSizeTwoSym', style='normal', variant='normal', weight=400, stretch='normal', size='scalable')) = 10.05
2025-10-30 21:27:07,142 [DEBUG] findfont: score(FontEntry(fname='C:\\Users\\Abhishek\\AppData\\Roaming\\Python\\Python313\\site-packages\\matplotlib\\mpl-data\\fonts\\ttf\\cmmi10.ttf', name='cmmi10', style='normal', variant='normal', weight=400, stretch='normal', size='scalable')) = 10.05
2025-10-30 21:27:07,143 [DEBUG] findfont: score(FontEntry(fname='C:\\Users\\Abhishek\\AppData\\Roaming\\Python\\Python313\\site-packages\\matplotlib\\mpl-data\\fonts\\ttf\\DejaVuSerif-Bold.ttf', name='DejaVu Serif', style='normal', variant='normal', weight=700, stretch='normal', size='scalable')) = 10.335
2025-10-30 21:27:07,144 [DEBUG] findfont: score(FontEntry(fname='C:\\Users\\Abhishek\\AppData\\Roaming\\Python\\Python313\\site-packages\\matplotlib\\mpl-data\\fonts\\ttf\\DejaVuSansDisplay.ttf', name='DejaVu Sans Display', style='normal', variant='normal', weight=400, stretch='normal', size='scalable')) = 10.05
2025-10-30 21:27:07,145 [DEBUG] findfont: score(FontEntry(fname='C:\\Users\\Abhishek\\AppData\\Roaming\\Python\\Python313\\site-packages\\matplotlib\\mpl-data\\fonts\\ttf\\DejaVuSansMono-Oblique.ttf', name='DejaVu Sans Mono', style='oblique', variant='normal', weight=400, stretch='normal', size='scalable')) = 11.05
2025-10-30 21:27:07,146 [DEBUG] findfont: score(FontEntry(fname='C:\\Users\\Abhishek\\AppData\\Roaming\\Python\\Python313\\site-packages\\matplotlib\\mpl-data\\fonts\\ttf\\STIXSizThreeSymBol.ttf', name='STIXSizeThreeSym', style='normal', variant='normal', weight=700, stretch='normal', size='scalable')) = 10.335
2025-10-30 21:27:07,147 [DEBUG] findfont: score(FontEntry(fname='C:\\Users\\Abhishek\\AppData\\Roaming\\Python\\Python313\\site-packages\\matplotlib\\mpl-data\\fonts\\ttf\\STIXSizThreeSymReg.ttf', name='STIXSizeThreeSym', style='normal', variant='normal', weight=400, stretch='normal', size='scalable')) = 10.05
2025-10-30 21:27:07,148 [DEBUG] findfont: score(FontEntry(fname='C:\\Users\\Abhishek\\AppData\\Roaming\\Python\\Python313\\site-packages\\matplotlib\\mpl-data\\fonts\\ttf\\cmex10.ttf', name='cmex10', style='normal', variant='normal', weight=400, stretch='normal', size='scalable')) = 10.05
2025-10-30 21:27:07,149 [DEBUG] findfont: score(FontEntry(fname='C:\\Users\\Abhishek\\AppData\\Roaming\\Python\\Python313\\site-packages\\matplotlib\\mpl-data\\fonts\\ttf\\cmtt10.ttf', name='cmtt10', style='normal', variant='normal', weight=400, stretch='normal', size='scalable')) = 10.05
2025-10-30 21:27:07,150 [DEBUG] findfont: score(FontEntry(fname='C:\\Users\\Abhishek\\AppData\\Roaming\\Python\\Python313\\site-packages\\matplotlib\\mpl-data\\fonts\\ttf\\STIXSizTwoSymBol.ttf', name='STIXSizeTwoSym', style='normal', variant='normal', weight=700, stretch='normal', size='scalable')) = 10.335
2025-10-30 21:27:07,150 [DEBUG] findfont: score(FontEntry(fname='C:\\Users\\Abhishek\\AppData\\Roaming\\Python\\Python313\\site-packages\\matplotlib\\mpl-data\\fonts\\ttf\\STIXGeneral.ttf', name='STIXGeneral', style='normal', variant='normal', weight=400, stretch='normal', size='scalable')) = 10.05
2025-10-30 21:27:07,151 [DEBUG] findfont: score(FontEntry(fname='C:\\Users\\Abhishek\\AppData\\Roaming\\Python\\Python313\\site-packages\\matplotlib\\mpl-data\\fonts\\ttf\\DejaVuSerif-BoldItalic.ttf', name='DejaVu Serif', style='italic', variant='normal', weight=700, stretch='normal', size='scalable')) = 11.335
2025-10-30 21:27:07,152 [DEBUG] findfont: score(FontEntry(fname='C:\\Users\\Abhishek\\AppData\\Roaming\\Python\\Python313\\site-packages\\matplotlib\\mpl-data\\fonts\\ttf\\STIXNonUniBolIta.ttf', name='STIXNonUnicode', style='italic', variant='normal', weight=700, stretch='normal', size='scalable')) = 11.335
2025-10-30 21:27:07,156 [DEBUG] findfont: score(FontEntry(fname='C:\\Users\\Abhishek\\AppData\\Roaming\\Python\\Python313\\site-packages\\matplotlib\\mpl-data\\fonts\\ttf\\STIXSizOneSymReg.ttf', name='STIXSizeOneSym', style='normal', variant='normal', weight=400, stretch='normal', size='scalable')) = 10.05
2025-10-30 21:27:07,162 [DEBUG] findfont: score(FontEntry(fname='C:\\Windows\\Fonts\\GOTHICBI.TTF', name='Century Gothic', style='italic', variant='normal', weight=700, stretch='normal', size='scalable')) = 11.335
2025-10-30 21:27:07,165 [DEBUG] findfont: score(FontEntry(fname='C:\\Windows\\Fonts\\seguiemj.ttf', name='Segoe UI Emoji', style='normal', variant='normal', weight=400, stretch='normal', size='scalable')) = 10.05
2025-10-30 21:27:07,169 [DEBUG] findfont: score(FontEntry(fname='C:\\Windows\\Fonts\\FRABK.TTF', name='Franklin Gothic Book', style='normal', variant='normal', weight=400, stretch='normal', size='scalable')) = 10.05
2025-10-30 21:27:07,175 [DEBUG] findfont: score(FontEntry(fname='C:\\Windows\\Fonts\\georgiai.ttf', name='Georgia', style='italic', variant='normal', weight=400, stretch='normal', size='scalable')) = 11.05
2025-10-30 21:27:07,186 [DEBUG] findfont: score(FontEntry(fname='C:\\Windows\\Fonts\\SNAP____.TTF', name='Snap ITC', style='normal', variant='normal', weight=400, stretch='normal', size='scalable')) = 10.05
2025-10-30 21:27:07,197 [DEBUG] findfont: score(FontEntry(fname='C:\\Windows\\Fonts\\segoepr.ttf', name='Segoe Print', style='normal', variant='normal', weight=400, stretch='normal', size='scalable')) = 10.05
2025-10-30 21:27:07,202 [DEBUG] findfont: score(FontEntry(fname='C:\\Windows\\Fonts\\seguisb.ttf', name='Segoe UI', style='normal', variant='normal', weight=600, stretch='normal', size='scalable')) = 10.24
2025-10-30 21:27:07,211 [DEBUG] findfont: score(FontEntry(fname='C:\\Windows\\Fonts\\FELIXTI.TTF', name='Felix Titling', style='normal', variant='normal', weight=400, stretch='normal', size='scalable')) = 10.05
2025-10-30 21:27:07,219 [DEBUG] findfont: score(FontEntry(fname='C:\\Windows\\Fonts\\GARA.TTF', name='Garamond', style='normal', variant='normal', weight=400, stretch='normal', size='scalable')) = 10.05
2025-10-30 21:27:07,223 [DEBUG] findfont: score(FontEntry(fname='C:\\Windows\\Fonts\\ariblk.ttf', name='Arial', style='normal', variant='normal', weight=900, stretch='normal', size='scalable')) = 6.888636363636364
2025-10-30 21:27:07,231 [DEBUG] findfont: score(FontEntry(fname='C:\\Windows\\Fonts\\Gabriola.ttf', name='Gabriola', style='normal', variant='normal', weight=400, stretch='normal', size='scalable')) = 10.05
2025-10-30 21:27:07,234 [DEBUG] findfont: score(FontEntry(fname='C:\\Windows\\Fonts\\ARIALN.TTF', name='Arial', style='normal', variant='normal', weight=400, stretch='condensed', size='scalable')) = 6.613636363636363
2025-10-30 21:27:07,237 [DEBUG] findfont: score(FontEntry(fname='C:\\Windows\\Fonts\\TCCM____.TTF', name='Tw Cen MT Condensed', style='normal', variant='normal', weight=400, stretch='condensed', size='scalable')) = 10.25
2025-10-30 21:27:07,238 [DEBUG] findfont: score(FontEntry(fname='C:\\Windows\\Fonts\\LATINWD.TTF', name='Wide Latin', style='normal', variant='normal', weight=400, stretch='expanded', size='scalable')) = 10.25
2025-10-30 21:27:07,240 [DEBUG] findfont: score(FontEntry(fname='C:\\Windows\\Fonts\\LTYPE.TTF', name='Lucida Sans Typewriter', style='normal', variant='normal', weight=400, stretch='normal', size='scalable')) = 10.05
2025-10-30 21:27:07,248 [DEBUG] findfont: score(FontEntry(fname='C:\\Windows\\Fonts\\BSSYM7.TTF', name='Bookshelf Symbol 7', style='normal', variant='normal', weight=400, stretch='normal', size='scalable')) = 10.05
2025-10-30 21:27:07,253 [DEBUG] findfont: score(FontEntry(fname='C:\\Windows\\Fonts\\GIL_____.TTF', name='Gill Sans MT', style='normal', variant='normal', weight=400, stretch='normal', size='scalable')) = 10.05
2025-10-30 21:27:07,254 [DEBUG] findfont: score(FontEntry(fname='C:\\Windows\\Fonts\\pala.ttf', name='Palatino Linotype', style='normal', variant='normal', weight=400, stretch='normal', size='scalable')) = 10.05
2025-10-30 21:27:07,255 [DEBUG] findfont: score(FontEntry(fname='C:\\Windows\\Fonts\\GARAIT.TTF', name='Garamond', style='italic', variant='normal', weight=400, stretch='normal', size='scalable')) = 11.05
2025-10-30 21:27:07,256 [DEBUG] findfont: score(FontEntry(fname='C:\\Windows\\Fonts\\CURLZ___.TTF', name='Curlz MT', style='normal', variant='normal', weight=400, stretch='normal', size='scalable')) = 10.05
2025-10-30 21:27:07,257 [DEBUG] findfont: score(FontEntry(fname='C:\\Windows\\Fonts\\corbelli.ttf', name='Corbel', style='italic', variant='normal', weight=300, stretch='normal', size='scalable')) = 11.145
2025-10-30 21:27:07,258 [DEBUG] findfont: score(FontEntry(fname='C:\\Windows\\Fonts\\COOPBL.TTF', name='Cooper Black', style='normal', variant='normal', weight=400, stretch='normal', size='scalable')) = 10.05
2025-10-30 21:27:07,258 [DEBUG] findfont: score(FontEntry(fname='C:\\Windows\\Fonts\\ARLRDBD.TTF', name='Arial Rounded MT Bold', style='normal', variant='normal', weight=400, stretch='normal', size='scalable')) = 10.05
2025-10-30 21:27:07,259 [DEBUG] findfont: score(FontEntry(fname='C:\\Windows\\Fonts\\trebuc.ttf', name='Trebuchet MS', style='normal', variant='normal', weight=400, stretch='normal', size='scalable')) = 10.05
2025-10-30 21:27:07,261 [DEBUG] findfont: score(FontEntry(fname='C:\\Windows\\Fonts\\LFAXD.TTF', name='Lucida Fax', style='normal', variant='normal', weight=600, stretch='normal', size='scalable')) = 10.24
2025-10-30 21:27:07,262 [DEBUG] findfont: score(FontEntry(fname='C:\\Windows\\Fonts\\courbi.ttf', name='Courier New', style='italic', variant='normal', weight=700, stretch='normal', size='scalable')) = 11.335
2025-10-30 21:27:07,263 [DEBUG] findfont: score(FontEntry(fname='C:\\Windows\\Fonts\\CALISTBI.TTF', name='Calisto MT', style='italic', variant='normal', weight=700, stretch='normal', size='scalable')) = 11.335
2025-10-30 21:27:07,264 [DEBUG] findfont: score(FontEntry(fname='C:\\Windows\\Fonts\\segoeuisl.ttf', name='Segoe UI', style='normal', variant='normal', weight=350, stretch='normal', size='scalable')) = 10.0975
2025-10-30 21:27:07,264 [DEBUG] findfont: score(FontEntry(fname='C:\\Windows\\Fonts\\couri.ttf', name='Courier New', style='italic', variant='normal', weight=400, stretch='normal', size='scalable')) = 11.05
2025-10-30 21:27:07,265 [DEBUG] findfont: score(FontEntry(fname='C:\\Windows\\Fonts\\SCRIPTBL.TTF', name='Script MT Bold', style='normal', variant='normal', weight=700, stretch='normal', size='scalable')) = 10.335
2025-10-30 21:27:07,266 [DEBUG] findfont: score(FontEntry(fname='C:\\Windows\\Fonts\\ELEPHNTI.TTF', name='Elephant', style='italic', variant='normal', weight=400, stretch='normal', size='scalable')) = 11.05
2025-10-30 21:27:07,266 [DEBUG] findfont: score(FontEntry(fname='C:\\Windows\\Fonts\\LSANS.TTF', name='Lucida Sans', style='normal', variant='normal', weight=400, stretch='normal', size='scalable')) = 10.05
2025-10-30 21:27:07,267 [DEBUG] findfont: score(FontEntry(fname='C:\\Windows\\Fonts\\RAVIE.TTF', name='Ravie', style='normal', variant='normal', weight=400, stretch='normal', size='scalable')) = 10.05
2025-10-30 21:27:07,268 [DEBUG] findfont: score(FontEntry(fname='C:\\Windows\\Fonts\\LTYPEO.TTF', name='Lucida Sans Typewriter', style='oblique', variant='normal', weight=400, stretch='normal', size='scalable')) = 11.05
2025-10-30 21:27:07,268 [DEBUG] findfont: score(FontEntry(fname='C:\\Windows\\Fonts\\framd.ttf', name='Franklin Gothic Medium', style='normal', variant='normal', weight=400, stretch='normal', size='scalable')) = 10.05
2025-10-30 21:27:07,269 [DEBUG] findfont: score(FontEntry(fname='C:\\Windows\\Fonts\\mmrtext.ttf', name='Myanmar Text', style='normal', variant='normal', weight=400, stretch='normal', size='scalable')) = 10.05
2025-10-30 21:27:07,269 [DEBUG] findfont: score(FontEntry(fname='C:\\Windows\\Fonts\\ENGR.TTF', name='Engravers MT', style='normal', variant='normal', weight=500, stretch='normal', size='scalable')) = 10.145
2025-10-30 21:27:07,270 [DEBUG] findfont: score(FontEntry(fname='C:\\Windows\\Fonts\\FREESCPT.TTF', name='Freestyle Script', style='normal', variant='normal', weight=400, stretch='normal', size='scalable')) = 10.05
2025-10-30 21:27:07,273 [DEBUG] findfont: score(FontEntry(fname='C:\\Windows\\Fonts\\BOD_B.TTF', name='Bodoni MT', style='normal', variant='normal', weight=700, stretch='normal', size='scalable')) = 10.335
2025-10-30 21:27:07,282 [DEBUG] findfont: score(FontEntry(fname='C:\\Windows\\Fonts\\segoeprb.ttf', name='Segoe Print', style='normal', variant='normal', weight=700, stretch='normal', size='scalable')) = 10.335
2025-10-30 21:27:07,286 [DEBUG] findfont: score(FontEntry(fname='C:\\Windows\\Fonts\\GOTHIC.TTF', name='Century Gothic', style='normal', variant='normal', weight=400, stretch='normal', size='scalable')) = 10.05
2025-10-30 21:27:07,287 [DEBUG] findfont: score(FontEntry(fname='C:\\Windows\\Fonts\\consola.ttf', name='Consolas', style='normal', variant='normal', weight=400, stretch='normal', size='scalable')) = 10.05
2025-10-30 21:27:07,288 [DEBUG] findfont: score(FontEntry(fname='C:\\Windows\\Fonts\\constani.ttf', name='Constantia', style='italic', variant='normal', weight=400, stretch='normal', size='scalable')) = 11.05
2025-10-30 21:27:07,288 [DEBUG] findfont: score(FontEntry(fname='C:\\Windows\\Fonts\\MOD20.TTF', name='Modern No. 20', style='normal', variant='normal', weight=400, stretch='normal', size='scalable')) = 10.05
2025-10-30 21:27:07,289 [DEBUG] findfont: score(FontEntry(fname='C:\\Windows\\Fonts\\BELLI.TTF', name='Bell MT', style='italic', variant='normal', weight=400, stretch='normal', size='scalable')) = 11.05
2025-10-30 21:27:07,290 [DEBUG] findfont: score(FontEntry(fname='C:\\Windows\\Fonts\\ARIALNB.TTF', name='Arial', style='normal', variant='normal', weight=700, stretch='condensed', size='scalable')) = 6.8986363636363635
2025-10-30 21:27:07,290 [DEBUG] findfont: score(FontEntry(fname='C:\\Windows\\Fonts\\LSANSD.TTF', name='Lucida Sans', style='normal', variant='normal', weight=600, stretch='normal', size='scalable')) = 10.24
2025-10-30 21:27:07,291 [DEBUG] findfont: score(FontEntry(fname='C:\\Windows\\Fonts\\COPRGTB.TTF', name='Copperplate Gothic Bold', style='normal', variant='normal', weight=400, stretch='normal', size='scalable')) = 10.05
2025-10-30 21:27:07,293 [DEBUG] findfont: score(FontEntry(fname='C:\\Windows\\Fonts\\ariali.ttf', name='Arial', style='italic', variant='normal', weight=400, stretch='normal', size='scalable')) = 7.413636363636363
2025-10-30 21:27:07,293 [DEBUG] findfont: score(FontEntry(fname='C:\\Windows\\Fonts\\ERASLGHT.TTF', name='Eras Light ITC', style='normal', variant='normal', weight=400, stretch='normal', size='scalable')) = 10.05
2025-10-30 21:27:07,294 [DEBUG] findfont: score(FontEntry(fname='C:\\Windows\\Fonts\\REFSPCL.TTF', name='MS Reference Specialty', style='normal', variant='normal', weight=400, stretch='normal', size='scalable')) = 10.05
2025-10-30 21:27:07,295 [DEBUG] findfont: score(FontEntry(fname='C:\\Windows\\Fonts\\WINGDNG3.TTF', name='Wingdings 3', style='normal', variant='normal', weight=400, stretch='normal', size='scalable')) = 10.05
2025-10-30 21:27:07,296 [DEBUG] findfont: score(FontEntry(fname='C:\\Windows\\Fonts\\GOUDYSTO.TTF', name='Goudy Stout', style='normal', variant='normal', weight=400, stretch='normal', size='scalable')) = 10.05
2025-10-30 21:27:07,297 [DEBUG] findfont: score(FontEntry(fname='C:\\Windows\\Fonts\\LFAXI.TTF', name='Lucida Fax', style='italic', variant='normal', weight=400, stretch='normal', size='scalable')) = 11.05
2025-10-30 21:27:07,298 [DEBUG] findfont: score(FontEntry(fname='C:\\Windows\\Fonts\\LeelUIsl.ttf', name='Leelawadee UI', style='normal', variant='normal', weight=350, stretch='normal', size='scalable')) = 10.0975
2025-10-30 21:27:07,298 [DEBUG] findfont: score(FontEntry(fname='C:\\Windows\\Fonts\\GOTHICI.TTF', name='Century Gothic', style='italic', variant='normal', weight=400, stretch='normal', size='scalable')) = 11.05
2025-10-30 21:27:07,299 [DEBUG] findfont: score(FontEntry(fname='C:\\Windows\\Fonts\\hpsimplifiedjpan-light.ttf', name='HP Simplified Jpan', style='normal', variant='normal', weight=300, stretch='normal', size='scalable')) = 10.145
2025-10-30 21:27:07,300 [DEBUG] findfont: score(FontEntry(fname='C:\\Windows\\Fonts\\PALSCRI.TTF', name='Palace Script MT', style='normal', variant='normal', weight=400, stretch='normal', size='scalable')) = 10.05
2025-10-30 21:27:07,300 [DEBUG] findfont: score(FontEntry(fname='C:\\Windows\\Fonts\\VINERITC.TTF', name='Viner Hand ITC', style='normal', variant='normal', weight=400, stretch='normal', size='scalable')) = 10.05
2025-10-30 21:27:07,301 [DEBUG] findfont: score(FontEntry(fname='C:\\Windows\\Fonts\\simsunb.ttf', name='SimSun-ExtB', style='normal', variant='normal', weight=400, stretch='normal', size='scalable')) = 10.05
2025-10-30 21:27:07,301 [DEBUG] findfont: score(FontEntry(fname='C:\\Windows\\Fonts\\webdings.ttf', name='Webdings', style='normal', variant='normal', weight=400, stretch='normal', size='scalable')) = 10.05
2025-10-30 21:27:07,302 [DEBUG] findfont: score(FontEntry(fname='C:\\Windows\\Fonts\\HPSimplified_Rg.ttf', name='HP Simplified', style='normal', variant='normal', weight=400, stretch='normal', size='scalable')) = 10.05
2025-10-30 21:27:07,303 [DEBUG] findfont: score(FontEntry(fname='C:\\Windows\\Fonts\\segoeuii.ttf', name='Segoe UI', style='italic', variant='normal', weight=400, stretch='normal', size='scalable')) = 11.05
2025-10-30 21:27:07,303 [DEBUG] findfont: score(FontEntry(fname='C:\\Windows\\Fonts\\calibriz.ttf', name='Calibri', style='italic', variant='normal', weight=700, stretch='normal', size='scalable')) = 11.335
2025-10-30 21:27:07,304 [DEBUG] findfont: score(FontEntry(fname='C:\\Windows\\Fonts\\BERNHC.TTF', name='Bernard MT Condensed', style='normal', variant='normal', weight=400, stretch='condensed', size='scalable')) = 10.25
2025-10-30 21:27:07,304 [DEBUG] findfont: score(FontEntry(fname='C:\\Windows\\Fonts\\LBRITED.TTF', name='Lucida Bright', style='normal', variant='normal', weight=600, stretch='normal', size='scalable')) = 10.24
2025-10-30 21:27:07,305 [DEBUG] findfont: score(FontEntry(fname='C:\\Windows\\Fonts\\calibril.ttf', name='Calibri', style='normal', variant='normal', weight=300, stretch='normal', size='scalable')) = 10.145
2025-10-30 21:27:07,306 [DEBUG] findfont: score(FontEntry(fname='C:\\Windows\\Fonts\\MTEXTRA.TTF', name='MT Extra', style='normal', variant='normal', weight=400, stretch='normal', size='scalable')) = 10.05
2025-10-30 21:27:07,306 [DEBUG] findfont: score(FontEntry(fname='C:\\Windows\\Fonts\\LBRITEI.TTF', name='Lucida Bright', style='italic', variant='normal', weight=400, stretch='normal', size='scalable')) = 11.05
2025-10-30 21:27:07,307 [DEBUG] findfont: score(FontEntry(fname='C:\\Windows\\Fonts\\Nirmala.ttc', name='Nirmala UI', style='normal', variant='normal', weight=400, stretch='normal', size='scalable')) = 10.05
2025-10-30 21:27:07,307 [DEBUG] findfont: score(FontEntry(fname='C:\\Windows\\Fonts\\cambriai.ttf', name='Cambria', style='italic', variant='normal', weight=400, stretch='normal', size='scalable')) = 11.05
2025-10-30 21:27:07,308 [DEBUG] findfont: score(FontEntry(fname='C:\\Windows\\Fonts\\PRISTINA.TTF', name='Pristina', style='normal', variant='normal', weight=400, stretch='normal', size='scalable')) = 10.05
2025-10-30 21:27:07,309 [DEBUG] findfont: score(FontEntry(fname='C:\\Windows\\Fonts\\SansSerifCollection.ttf', name='Sans Serif Collection', style='normal', variant='normal', weight=400, stretch='normal', size='scalable')) = 10.05
2025-10-30 21:27:07,310 [DEBUG] findfont: score(FontEntry(fname='C:\\Windows\\Fonts\\constanb.ttf', name='Constantia', style='normal', variant='normal', weight=700, stretch='normal', size='scalable')) = 10.335
2025-10-30 21:27:07,311 [DEBUG] findfont: score(FontEntry(fname='C:\\Windows\\Fonts\\TCM_____.TTF', name='Tw Cen MT', style='normal', variant='normal', weight=400, stretch='normal', size='scalable')) = 10.05
2025-10-30 21:27:07,312 [DEBUG] findfont: score(FontEntry(fname='C:\\Windows\\Fonts\\msjh.ttc', name='Microsoft JhengHei', style='normal', variant='normal', weight=400, stretch='normal', size='scalable')) = 10.05
2025-10-30 21:27:07,313 [DEBUG] findfont: score(FontEntry(fname='C:\\Windows\\Fonts\\sylfaen.ttf', name='Sylfaen', style='normal', variant='normal', weight=400, stretch='normal', size='scalable')) = 10.05
2025-10-30 21:27:07,314 [DEBUG] findfont: score(FontEntry(fname='C:\\Windows\\Fonts\\SCHLBKBI.TTF', name='Century Schoolbook', style='italic', variant='normal', weight=700, stretch='normal', size='scalable')) = 11.335
2025-10-30 21:27:07,315 [DEBUG] findfont: score(FontEntry(fname='C:\\Windows\\Fonts\\INFROMAN.TTF', name='Informal Roman', style='normal', variant='normal', weight=400, stretch='normal', size='scalable')) = 10.05
2025-10-30 21:27:07,315 [DEBUG] findfont: score(FontEntry(fname='C:\\Windows\\Fonts\\seguibli.ttf', name='Segoe UI', style='italic', variant='normal', weight=900, stretch='normal', size='scalable')) = 11.525
2025-10-30 21:27:07,316 [DEBUG] findfont: score(FontEntry(fname='C:\\Windows\\Fonts\\TCB_____.TTF', name='Tw Cen MT', style='normal', variant='normal', weight=700, stretch='normal', size='scalable')) = 10.335
2025-10-30 21:27:07,316 [DEBUG] findfont: score(FontEntry(fname='C:\\Windows\\Fonts\\WINGDNG2.TTF', name='Wingdings 2', style='normal', variant='normal', weight=400, stretch='normal', size='scalable')) = 10.05
2025-10-30 21:27:07,317 [DEBUG] findfont: score(FontEntry(fname='C:\\Windows\\Fonts\\FRAHVIT.TTF', name='Franklin Gothic Heavy', style='italic', variant='normal', weight=400, stretch='normal', size='scalable')) = 11.05
2025-10-30 21:27:07,317 [DEBUG] findfont: score(FontEntry(fname='C:\\Windows\\Fonts\\PERTILI.TTF', name='Perpetua Titling MT', style='normal', variant='normal', weight=300, stretch='normal', size='scalable')) = 10.145
2025-10-30 21:27:07,318 [DEBUG] findfont: score(FontEntry(fname='C:\\Windows\\Fonts\\LeelawUI.ttf', name='Leelawadee UI', style='normal', variant='normal', weight=400, stretch='normal', size='scalable')) = 10.05
2025-10-30 21:27:07,318 [DEBUG] findfont: score(FontEntry(fname='C:\\Windows\\Fonts\\CHILLER.TTF', name='Chiller', style='normal', variant='normal', weight=400, stretch='normal', size='scalable')) = 10.05
2025-10-30 21:27:07,319 [DEBUG] findfont: score(FontEntry(fname='C:\\Windows\\Fonts\\segoeui.ttf', name='Segoe UI', style='normal', variant='normal', weight=400, stretch='normal', size='scalable')) = 10.05
2025-10-30 21:27:07,320 [DEBUG] findfont: score(FontEntry(fname='C:\\Windows\\Fonts\\LFAX.TTF', name='Lucida Fax', style='normal', variant='normal', weight=400, stretch='normal', size='scalable')) = 10.05
2025-10-30 21:27:07,321 [DEBUG] findfont: score(FontEntry(fname='C:\\Windows\\Fonts\\CALIST.TTF', name='Calisto MT', style='normal', variant='normal', weight=400, stretch='normal', size='scalable')) = 10.05
2025-10-30 21:27:07,341 [DEBUG] findfont: score(FontEntry(fname='C:\\Windows\\Fonts\\palab.ttf', name='Palatino Linotype', style='normal', variant='normal', weight=700, stretch='normal', size='scalable')) = 10.335
2025-10-30 21:27:07,348 [DEBUG] findfont: score(FontEntry(fname='C:\\Windows\\Fonts\\CENTAUR.TTF', name='Centaur', style='normal', variant='normal', weight=400, stretch='normal', size='scalable')) = 10.05
2025-10-30 21:27:07,349 [DEBUG] findfont: score(FontEntry(fname='C:\\Windows\\Fonts\\LHANDW.TTF', name='Lucida Handwriting', style='italic', variant='normal', weight=400, stretch='normal', size='scalable')) = 11.05
2025-10-30 21:27:07,350 [DEBUG] findfont: score(FontEntry(fname='C:\\Windows\\Fonts\\segoesc.ttf', name='Segoe Script', style='normal', variant='normal', weight=400, stretch='normal', size='scalable')) = 10.05
2025-10-30 21:27:07,351 [DEBUG] findfont: score(FontEntry(fname='C:\\Windows\\Fonts\\palabi.ttf', name='Palatino Linotype', style='italic', variant='normal', weight=700, stretch='normal', size='scalable')) = 11.335
2025-10-30 21:27:07,352 [DEBUG] findfont: score(FontEntry(fname='C:\\Windows\\Fonts\\timesbd.ttf', name='Times New Roman', style='normal', variant='normal', weight=700, stretch='normal', size='scalable')) = 10.335
2025-10-30 21:27:07,353 [DEBUG] findfont: score(FontEntry(fname='C:\\Windows\\Fonts\\JOKERMAN.TTF', name='Jokerman', style='normal', variant='normal', weight=400, stretch='normal', size='scalable')) = 10.05
2025-10-30 21:27:07,354 [DEBUG] findfont: score(FontEntry(fname='C:\\Windows\\Fonts\\framdit.ttf', name='Franklin Gothic Medium', style='italic', variant='normal', weight=400, stretch='normal', size='scalable')) = 11.05
2025-10-30 21:27:07,355 [DEBUG] findfont: score(FontEntry(fname='C:\\Windows\\Fonts\\calibri.ttf', name='Calibri', style='normal', variant='normal', weight=400, stretch='normal', size='scalable')) = 10.05
2025-10-30 21:27:07,356 [DEBUG] findfont: score(FontEntry(fname='C:\\Windows\\Fonts\\georgia.ttf', name='Georgia', style='normal', variant='normal', weight=400, stretch='normal', size='scalable')) = 10.05
2025-10-30 21:27:07,357 [DEBUG] findfont: score(FontEntry(fname='C:\\Windows\\Fonts\\SCHLBKB.TTF', name='Century Schoolbook', style='normal', variant='normal', weight=700, stretch='normal', size='scalable')) = 10.335
2025-10-30 21:27:07,358 [DEBUG] findfont: score(FontEntry(fname='C:\\Windows\\Fonts\\ERASMD.TTF', name='Eras Medium ITC', style='normal', variant='normal', weight=400, stretch='normal', size='scalable')) = 10.05
2025-10-30 21:27:07,358 [DEBUG] findfont: score(FontEntry(fname='C:\\Windows\\Fonts\\COPRGTL.TTF', name='Copperplate Gothic Light', style='normal', variant='normal', weight=400, stretch='normal', size='scalable')) = 10.05
2025-10-30 21:27:07,360 [DEBUG] findfont: score(FontEntry(fname='C:\\Windows\\Fonts\\bahnschrift.ttf', name='Bahnschrift', style='normal', variant='normal', weight=400, stretch='normal', size='scalable')) = 10.05
2025-10-30 21:27:07,361 [DEBUG] findfont: score(FontEntry(fname='C:\\Windows\\Fonts\\BRITANIC.TTF', name='Britannic Bold', style='normal', variant='normal', weight=400, stretch='normal', size='scalable')) = 10.05
2025-10-30 21:27:07,362 [DEBUG] findfont: score(FontEntry(fname='C:\\Windows\\Fonts\\LSANSDI.TTF', name='Lucida Sans', style='italic', variant='normal', weight=600, stretch='normal', size='scalable')) = 11.24
2025-10-30 21:27:07,363 [DEBUG] findfont: score(FontEntry(fname='C:\\Windows\\Fonts\\HARNGTON.TTF', name='Harrington', style='normal', variant='normal', weight=400, stretch='normal', size='scalable')) = 10.05
2025-10-30 21:27:07,364 [DEBUG] findfont: score(FontEntry(fname='C:\\Windows\\Fonts\\BOD_PSTC.TTF', name='Bodoni MT', style='normal', variant='normal', weight=300, stretch='normal', size='scalable')) = 10.145
2025-10-30 21:27:07,365 [DEBUG] findfont: score(FontEntry(fname='C:\\Windows\\Fonts\\COLONNA.TTF', name='Colonna MT', style='normal', variant='normal', weight=400, stretch='normal', size='scalable')) = 10.05
2025-10-30 21:27:07,366 [DEBUG] findfont: score(FontEntry(fname='C:\\Windows\\Fonts\\monbaiti.ttf', name='Mongolian Baiti', style='normal', variant='normal', weight=400, stretch='normal', size='scalable')) = 10.05
2025-10-30 21:27:07,366 [DEBUG] findfont: score(FontEntry(fname='C:\\Windows\\Fonts\\HPSimplified_It.ttf', name='HP Simplified', style='italic', variant='normal', weight=400, stretch='normal', size='scalable')) = 11.05
2025-10-30 21:27:07,367 [DEBUG] findfont: score(FontEntry(fname='C:\\Windows\\Fonts\\SitkaVF.ttf', name='Sitka', style='normal', variant='normal', weight=400, stretch='normal', size='scalable')) = 10.05
2025-10-30 21:27:07,368 [DEBUG] findfont: score(FontEntry(fname='C:\\Windows\\Fonts\\ebrima.ttf', name='Ebrima', style='normal', variant='normal', weight=400, stretch='normal', size='scalable')) = 10.05
2025-10-30 21:27:07,368 [DEBUG] findfont: score(FontEntry(fname='C:\\Windows\\Fonts\\YuGothR.ttc', name='Yu Gothic', style='normal', variant='normal', weight=400, stretch='normal', size='scalable')) = 10.05
2025-10-30 21:27:07,369 [DEBUG] findfont: score(FontEntry(fname='C:\\Windows\\Fonts\\timesbi.ttf', name='Times New Roman', style='italic', variant='normal', weight=700, stretch='normal', size='scalable')) = 11.335
2025-10-30 21:27:07,370 [DEBUG] findfont: score(FontEntry(fname='C:\\Windows\\Fonts\\LBRITEDI.TTF', name='Lucida Bright', style='italic', variant='normal', weight=600, stretch='normal', size='scalable')) = 11.24
2025-10-30 21:27:07,371 [DEBUG] findfont: score(FontEntry(fname='C:\\Windows\\Fonts\\STENCIL.TTF', name='Stencil', style='normal', variant='normal', weight=400, stretch='normal', size='scalable')) = 10.05
2025-10-30 21:27:07,372 [DEBUG] findfont: score(FontEntry(fname='C:\\Windows\\Fonts\\lucon.ttf', name='Lucida Console', style='normal', variant='normal', weight=400, stretch='normal', size='scalable')) = 10.05
2025-10-30 21:27:07,372 [DEBUG] findfont: score(FontEntry(fname='C:\\Windows\\Fonts\\ITCKRIST.TTF', name='Kristen ITC', style='normal', variant='normal', weight=400, stretch='normal', size='scalable')) = 10.05
2025-10-30 21:27:07,373 [DEBUG] findfont: score(FontEntry(fname='C:\\Windows\\Fonts\\ALGER.TTF', name='Algerian', style='normal', variant='normal', weight=400, stretch='normal', size='scalable')) = 10.05
2025-10-30 21:27:07,374 [DEBUG] findfont: score(FontEntry(fname='C:\\Windows\\Fonts\\HPSimplified.ttf', name='HP Simplified', style='normal', variant='normal', weight=700, stretch='normal', size='scalable')) = 10.335
2025-10-30 21:27:07,374 [DEBUG] findfont: score(FontEntry(fname='C:\\Windows\\Fonts\\courbd.ttf', name='Courier New', style='normal', variant='normal', weight=700, stretch='normal', size='scalable')) = 10.335
2025-10-30 21:27:07,375 [DEBUG] findfont: score(FontEntry(fname='C:\\Windows\\Fonts\\SimsunExtG.ttf', name='SimSun-ExtG', style='normal', variant='normal', weight=400, stretch='normal', size='scalable')) = 10.05
2025-10-30 21:27:07,377 [DEBUG] findfont: score(FontEntry(fname='C:\\Windows\\Fonts\\HPSimplified_BdIt.ttf', name='HP Simplified', style='italic', variant='normal', weight=700, stretch='normal', size='scalable')) = 11.335
2025-10-30 21:27:07,379 [DEBUG] findfont: score(FontEntry(fname='C:\\Windows\\Fonts\\taileb.ttf', name='Microsoft Tai Le', style='normal', variant='normal', weight=700, stretch='normal', size='scalable')) = 10.335
2025-10-30 21:27:07,380 [DEBUG] findfont: score(FontEntry(fname='C:\\Windows\\Fonts\\FRADM.TTF', name='Franklin Gothic Demi', style='normal', variant='normal', weight=400, stretch='normal', size='scalable')) = 10.05
2025-10-30 21:27:07,381 [DEBUG] findfont: score(FontEntry(fname='C:\\Windows\\Fonts\\seguihis.ttf', name='Segoe UI Historic', style='normal', variant='normal', weight=400, stretch='normal', size='scalable')) = 10.05
2025-10-30 21:27:07,382 [DEBUG] findfont: score(FontEntry(fname='C:\\Windows\\Fonts\\wingding.ttf', name='Wingdings', style='normal', variant='normal', weight=400, stretch='normal', size='scalable')) = 10.05
2025-10-30 21:27:07,382 [DEBUG] findfont: score(FontEntry(fname='C:\\Windows\\Fonts\\BRLNSB.TTF', name='Berlin Sans FB', style='normal', variant='normal', weight=700, stretch='normal', size='scalable')) = 10.335
2025-10-30 21:27:07,383 [DEBUG] findfont: score(FontEntry(fname='C:\\Windows\\Fonts\\ROCC____.TTF', name='Rockwell Condensed', style='normal', variant='normal', weight=400, stretch='condensed', size='scalable')) = 10.25
2025-10-30 21:27:07,383 [DEBUG] findfont: score(FontEntry(fname='C:\\Windows\\Fonts\\NIAGENG.TTF', name='Niagara Engraved', style='normal', variant='normal', weight=400, stretch='normal', size='scalable')) = 10.05
2025-10-30 21:27:07,384 [DEBUG] findfont: score(FontEntry(fname='C:\\Windows\\Fonts\\mmrtextb.ttf', name='Myanmar Text', style='normal', variant='normal', weight=700, stretch='normal', size='scalable')) = 10.335
2025-10-30 21:27:07,384 [DEBUG] findfont: score(FontEntry(fname='C:\\Windows\\Fonts\\Candara.ttf', name='Candara', style='normal', variant='normal', weight=400, stretch='normal', size='scalable')) = 10.05
2025-10-30 21:27:07,385 [DEBUG] findfont: score(FontEntry(fname='C:\\Windows\\Fonts\\verdanai.ttf', name='Verdana', style='italic', variant='normal', weight=400, stretch='normal', size='scalable')) = 4.6863636363636365
2025-10-30 21:27:07,386 [DEBUG] findfont: score(FontEntry(fname='C:\\Windows\\Fonts\\FRAHV.TTF', name='Franklin Gothic Heavy', style='normal', variant='normal', weight=400, stretch='normal', size='scalable')) = 10.05
2025-10-30 21:27:07,386 [DEBUG] findfont: score(FontEntry(fname='C:\\Windows\\Fonts\\ITCEDSCR.TTF', name='Edwardian Script ITC', style='normal', variant='normal', weight=400, stretch='normal', size='scalable')) = 10.05
2025-10-30 21:27:07,387 [DEBUG] findfont: score(FontEntry(fname='C:\\Windows\\Fonts\\ROCK.TTF', name='Rockwell', style='normal', variant='normal', weight=400, stretch='normal', size='scalable')) = 10.05
2025-10-30 21:27:07,388 [DEBUG] findfont: score(FontEntry(fname='C:\\Windows\\Fonts\\BOOKOSBI.TTF', name='Bookman Old Style', style='italic', variant='normal', weight=600, stretch='normal', size='scalable')) = 11.24
2025-10-30 21:27:07,388 [DEBUG] findfont: score(FontEntry(fname='C:\\Windows\\Fonts\\LBRITE.TTF', name='Lucida Bright', style='normal', variant='normal', weight=400, stretch='normal', size='scalable')) = 10.05
2025-10-30 21:27:07,389 [DEBUG] findfont: score(FontEntry(fname='C:\\Windows\\Fonts\\consolab.ttf', name='Consolas', style='normal', variant='normal', weight=700, stretch='normal', size='scalable')) = 10.335
2025-10-30 21:27:07,389 [DEBUG] findfont: score(FontEntry(fname='C:\\Windows\\Fonts\\POORICH.TTF', name='Poor Richard', style='normal', variant='normal', weight=400, stretch='normal', size='scalable')) = 10.05
2025-10-30 21:27:07,390 [DEBUG] findfont: score(FontEntry(fname='C:\\Windows\\Fonts\\himalaya.ttf', name='Microsoft Himalaya', style='normal', variant='normal', weight=400, stretch='normal', size='scalable')) = 10.05
2025-10-30 21:27:07,390 [DEBUG] findfont: score(FontEntry(fname='C:\\Windows\\Fonts\\hpsimplifiedhans-regular.ttf', name='HP Simplified Hans', style='normal', variant='normal', weight=400, stretch='normal', size='scalable')) = 10.05
2025-10-30 21:27:07,391 [DEBUG] findfont: score(FontEntry(fname='C:\\Windows\\Fonts\\VLADIMIR.TTF', name='Vladimir Script', style='normal', variant='normal', weight=400, stretch='normal', size='scalable')) = 10.05
2025-10-30 21:27:07,391 [DEBUG] findfont: score(FontEntry(fname='C:\\Windows\\Fonts\\BOD_I.TTF', name='Bodoni MT', style='italic', variant='normal', weight=400, stretch='normal', size='scalable')) = 11.05
2025-10-30 21:27:07,392 [DEBUG] findfont: score(FontEntry(fname='C:\\Windows\\Fonts\\ERASBD.TTF', name='Eras Bold ITC', style='normal', variant='normal', weight=400, stretch='normal', size='scalable')) = 10.05
2025-10-30 21:27:07,394 [DEBUG] findfont: score(FontEntry(fname='C:\\Windows\\Fonts\\BAUHS93.TTF', name='Bauhaus 93', style='normal', variant='normal', weight=400, stretch='normal', size='scalable')) = 10.05
2025-10-30 21:27:07,396 [DEBUG] findfont: score(FontEntry(fname='C:\\Windows\\Fonts\\ROCKB.TTF', name='Rockwell', style='normal', variant='normal', weight=700, stretch='normal', size='scalable')) = 10.335
2025-10-30 21:27:07,398 [DEBUG] findfont: score(FontEntry(fname='C:\\Windows\\Fonts\\PARCHM.TTF', name='Parchment', style='normal', variant='normal', weight=400, stretch='normal', size='scalable')) = 10.05
2025-10-30 21:27:07,398 [DEBUG] findfont: score(FontEntry(fname='C:\\Windows\\Fonts\\ROCCB___.TTF', name='Rockwell Condensed', style='normal', variant='normal', weight=700, stretch='condensed', size='scalable')) = 10.535
2025-10-30 21:27:07,399 [DEBUG] findfont: score(FontEntry(fname='C:\\Windows\\Fonts\\SHOWG.TTF', name='Showcard Gothic', style='normal', variant='normal', weight=400, stretch='normal', size='scalable')) = 10.05
2025-10-30 21:27:07,399 [DEBUG] findfont: score(FontEntry(fname='C:\\Windows\\Fonts\\MISTRAL.TTF', name='Mistral', style='normal', variant='normal', weight=400, stretch='normal', size='scalable')) = 10.05
2025-10-30 21:27:07,400 [DEBUG] findfont: score(FontEntry(fname='C:\\Windows\\Fonts\\FRAMDCN.TTF', name='Franklin Gothic Medium Cond', style='normal', variant='normal', weight=400, stretch='condensed', size='scalable')) = 10.25
2025-10-30 21:27:07,401 [DEBUG] findfont: score(FontEntry(fname='C:\\Windows\\Fonts\\ITCBLKAD.TTF', name='Blackadder ITC', style='normal', variant='normal', weight=400, stretch='normal', size='scalable')) = 10.05
2025-10-30 21:27:07,401 [DEBUG] findfont: score(FontEntry(fname='C:\\Windows\\Fonts\\hpsimplifiedjpan-regular.ttf', name='HP Simplified Jpan', style='normal', variant='normal', weight=400, stretch='normal', size='scalable')) = 10.05
2025-10-30 21:27:07,402 [DEBUG] findfont: score(FontEntry(fname='C:\\Windows\\Fonts\\constanz.ttf', name='Constantia', style='italic', variant='normal', weight=700, stretch='normal', size='scalable')) = 11.335
2025-10-30 21:27:07,402 [DEBUG] findfont: score(FontEntry(fname='C:\\Windows\\Fonts\\LeelaUIb.ttf', name='Leelawadee UI', style='normal', variant='normal', weight=700, stretch='normal', size='scalable')) = 10.335
2025-10-30 21:27:07,403 [DEBUG] findfont: score(FontEntry(fname='C:\\Windows\\Fonts\\MTCORSVA.TTF', name='Monotype Corsiva', style='normal', variant='normal', weight=400, stretch='normal', size='scalable')) = 10.05
2025-10-30 21:27:07,404 [DEBUG] findfont: score(FontEntry(fname='C:\\Windows\\Fonts\\LTYPEBO.TTF', name='Lucida Sans Typewriter', style='oblique', variant='normal', weight=600, stretch='normal', size='scalable')) = 11.24
2025-10-30 21:27:07,404 [DEBUG] findfont: score(FontEntry(fname='C:\\Windows\\Fonts\\GILSANUB.TTF', name='Gill Sans Ultra Bold', style='normal', variant='normal', weight=400, stretch='normal', size='scalable')) = 10.05
2025-10-30 21:27:07,405 [DEBUG] findfont: score(FontEntry(fname='C:\\Windows\\Fonts\\BOD_BLAR.TTF', name='Bodoni MT', style='normal', variant='normal', weight=900, stretch='normal', size='scalable')) = 10.525
2025-10-30 21:27:07,405 [DEBUG] findfont: score(FontEntry(fname='C:\\Windows\\Fonts\\comicbd.ttf', name='Comic Sans MS', style='normal', variant='normal', weight=700, stretch='normal', size='scalable')) = 10.335
2025-10-30 21:27:07,406 [DEBUG] findfont: score(FontEntry(fname='C:\\Windows\\Fonts\\DUBAI-LIGHT.TTF', name='Dubai', style='normal', variant='normal', weight=300, stretch='normal', size='scalable')) = 10.145
2025-10-30 21:27:07,406 [DEBUG] findfont: score(FontEntry(fname='C:\\Windows\\Fonts\\msyh.ttc', name='Microsoft YaHei', style='normal', variant='normal', weight=400, stretch='normal', size='scalable')) = 10.05
2025-10-30 21:27:07,407 [DEBUG] findfont: score(FontEntry(fname='C:\\Windows\\Fonts\\CALIFI.TTF', name='Californian FB', style='italic', variant='normal', weight=400, stretch='normal', size='scalable')) = 11.05
2025-10-30 21:27:07,408 [DEBUG] findfont: score(FontEntry(fname='C:\\Windows\\Fonts\\TCCB____.TTF', name='Tw Cen MT Condensed', style='normal', variant='normal', weight=700, stretch='condensed', size='scalable')) = 10.535
2025-10-30 21:27:07,409 [DEBUG] findfont: score(FontEntry(fname='C:\\Windows\\Fonts\\corbel.ttf', name='Corbel', style='normal', variant='normal', weight=400, stretch='normal', size='scalable')) = 10.05
2025-10-30 21:27:07,410 [DEBUG] findfont: score(FontEntry(fname='C:\\Windows\\Fonts\\ERASDEMI.TTF', name='Eras Demi ITC', style='normal', variant='normal', weight=400, stretch='normal', size='scalable')) = 10.05
2025-10-30 21:27:07,411 [DEBUG] findfont: score(FontEntry(fname='C:\\Windows\\Fonts\\AGENCYR.TTF', name='Agency FB', style='normal', variant='normal', weight=400, stretch='normal', size='scalable')) = 10.05
2025-10-30 21:27:07,412 [DEBUG] findfont: score(FontEntry(fname='C:\\Windows\\Fonts\\Candaral.ttf', name='Candara', style='normal', variant='normal', weight=400, stretch='normal', size='scalable')) = 10.05
2025-10-30 21:27:07,413 [DEBUG] findfont: score(FontEntry(fname='C:\\Windows\\Fonts\\RAGE.TTF', name='Rage Italic', style='italic', variant='normal', weight=400, stretch='normal', size='scalable')) = 11.05
2025-10-30 21:27:07,414 [DEBUG] findfont: score(FontEntry(fname='C:\\Windows\\Fonts\\malgun.ttf', name='Malgun Gothic', style='normal', variant='normal', weight=400, stretch='normal', size='scalable')) = 10.05
2025-10-30 21:27:07,414 [DEBUG] findfont: score(FontEntry(fname='C:\\Windows\\Fonts\\ROCKEB.TTF', name='Rockwell Extra Bold', style='normal', variant='normal', weight=800, stretch='normal', size='scalable')) = 10.43
2025-10-30 21:27:07,415 [DEBUG] findfont: score(FontEntry(fname='C:\\Windows\\Fonts\\malgunbd.ttf', name='Malgun Gothic', style='normal', variant='normal', weight=700, stretch='normal', size='scalable')) = 10.335
2025-10-30 21:27:07,415 [DEBUG] findfont: score(FontEntry(fname='C:\\Windows\\Fonts\\ANTQUABI.TTF', name='Book Antiqua', style='italic', variant='normal', weight=700, stretch='normal', size='scalable')) = 11.335
2025-10-30 21:27:07,416 [DEBUG] findfont: score(FontEntry(fname='C:\\Windows\\Fonts\\Candarali.ttf', name='Candara', style='italic', variant='normal', weight=400, stretch='normal', size='scalable')) = 11.05
2025-10-30 21:27:07,417 [DEBUG] findfont: score(FontEntry(fname='C:\\Windows\\Fonts\\TEMPSITC.TTF', name='Tempus Sans ITC', style='normal', variant='normal', weight=400, stretch='normal', size='scalable')) = 10.05
2025-10-30 21:27:07,417 [DEBUG] findfont: score(FontEntry(fname='C:\\Windows\\Fonts\\trebucit.ttf', name='Trebuchet MS', style='italic', variant='normal', weight=400, stretch='normal', size='scalable')) = 11.05
2025-10-30 21:27:07,418 [DEBUG] findfont: score(FontEntry(fname='C:\\Windows\\Fonts\\mvboli.ttf', name='MV Boli', style='normal', variant='normal', weight=400, stretch='normal', size='scalable')) = 10.05
2025-10-30 21:27:07,418 [DEBUG] findfont: score(FontEntry(fname='C:\\Windows\\Fonts\\ntailu.ttf', name='Microsoft New Tai Lue', style='normal', variant='normal', weight=400, stretch='normal', size='scalable')) = 10.05
2025-10-30 21:27:07,419 [DEBUG] findfont: score(FontEntry(fname='C:\\Windows\\Fonts\\gadugib.ttf', name='Gadugi', style='normal', variant='normal', weight=700, stretch='normal', size='scalable')) = 10.335
2025-10-30 21:27:07,420 [DEBUG] findfont: score(FontEntry(fname='C:\\Windows\\Fonts\\cour.ttf', name='Courier New', style='normal', variant='normal', weight=400, stretch='normal', size='scalable')) = 10.05
2025-10-30 21:27:07,420 [DEBUG] findfont: score(FontEntry(fname='C:\\Windows\\Fonts\\taile.ttf', name='Microsoft Tai Le', style='normal', variant='normal', weight=400, stretch='normal', size='scalable')) = 10.05
2025-10-30 21:27:07,421 [DEBUG] findfont: score(FontEntry(fname='C:\\Windows\\Fonts\\BRADHITC.TTF', name='Bradley Hand ITC', style='normal', variant='normal', weight=400, stretch='normal', size='scalable')) = 10.05
2025-10-30 21:27:07,421 [DEBUG] findfont: score(FontEntry(fname='C:\\Windows\\Fonts\\FRSCRIPT.TTF', name='French Script MT', style='normal', variant='normal', weight=400, stretch='normal', size='scalable')) = 10.05
2025-10-30 21:27:07,422 [DEBUG] findfont: score(FontEntry(fname='C:\\Windows\\Fonts\\HTOWERT.TTF', name='High Tower Text', style='normal', variant='normal', weight=400, stretch='normal', size='scalable')) = 10.05
2025-10-30 21:27:07,423 [DEBUG] findfont: score(FontEntry(fname='C:\\Windows\\Fonts\\GLECB.TTF', name='Gloucester MT Extra Condensed', style='normal', variant='normal', weight=400, stretch='condensed', size='scalable')) = 10.25
2025-10-30 21:27:07,423 [DEBUG] findfont: score(FontEntry(fname='C:\\Windows\\Fonts\\PLAYBILL.TTF', name='Playbill', style='normal', variant='normal', weight=400, stretch='normal', size='scalable')) = 10.05
2025-10-30 21:27:07,424 [DEBUG] findfont: score(FontEntry(fname='C:\\Windows\\Fonts\\LSANSI.TTF', name='Lucida Sans', style='italic', variant='normal', weight=400, stretch='normal', size='scalable')) = 11.05
2025-10-30 21:27:07,424 [DEBUG] findfont: score(FontEntry(fname='C:\\Windows\\Fonts\\GIGI.TTF', name='Gigi', style='normal', variant='normal', weight=400, stretch='normal', size='scalable')) = 10.05
2025-10-30 21:27:07,425 [DEBUG] findfont: score(FontEntry(fname='C:\\Windows\\Fonts\\phagspa.ttf', name='Microsoft PhagsPa', style='normal', variant='normal', weight=400, stretch='normal', size='scalable')) = 10.05
2025-10-30 21:27:07,425 [DEBUG] findfont: score(FontEntry(fname='C:\\Windows\\Fonts\\comic.ttf', name='Comic Sans MS', style='normal', variant='normal', weight=400, stretch='normal', size='scalable')) = 10.05
2025-10-30 21:27:07,426 [DEBUG] findfont: score(FontEntry(fname='C:\\Windows\\Fonts\\mingliub.ttc', name='MingLiU-ExtB', style='normal', variant='normal', weight=400, stretch='normal', size='scalable')) = 10.05
2025-10-30 21:27:07,427 [DEBUG] findfont: score(FontEntry(fname='C:\\Windows\\Fonts\\constan.ttf', name='Constantia', style='normal', variant='normal', weight=400, stretch='normal', size='scalable')) = 10.05
2025-10-30 21:27:07,428 [DEBUG] findfont: score(FontEntry(fname='C:\\Windows\\Fonts\\seguisym.ttf', name='Segoe UI Symbol', style='normal', variant='normal', weight=400, stretch='normal', size='scalable')) = 10.05
2025-10-30 21:27:07,429 [DEBUG] findfont: score(FontEntry(fname='C:\\Windows\\Fonts\\DUBAI-BOLD.TTF', name='Dubai', style='normal', variant='normal', weight=700, stretch='normal', size='scalable')) = 10.335
2025-10-30 21:27:07,430 [DEBUG] findfont: score(FontEntry(fname='C:\\Windows\\Fonts\\verdana.ttf', name='Verdana', style='normal', variant='normal', weight=400, stretch='normal', size='scalable')) = 3.6863636363636365
2025-10-30 21:27:07,431 [DEBUG] findfont: score(FontEntry(fname='C:\\Windows\\Fonts\\malgunsl.ttf', name='Malgun Gothic', style='normal', variant='normal', weight=300, stretch='normal', size='scalable')) = 10.145
2025-10-30 21:27:07,431 [DEBUG] findfont: score(FontEntry(fname='C:\\Windows\\Fonts\\seguibl.ttf', name='Segoe UI', style='normal', variant='normal', weight=900, stretch='normal', size='scalable')) = 10.525
2025-10-30 21:27:07,432 [DEBUG] findfont: score(FontEntry(fname='C:\\Windows\\Fonts\\PERTIBD.TTF', name='Perpetua Titling MT', style='normal', variant='normal', weight=700, stretch='normal', size='scalable')) = 10.335
2025-10-30 21:27:07,432 [DEBUG] findfont: score(FontEntry(fname='C:\\Windows\\Fonts\\segoeuiz.ttf', name='Segoe UI', style='italic', variant='normal', weight=700, stretch='normal', size='scalable')) = 11.335
2025-10-30 21:27:07,433 [DEBUG] findfont: score(FontEntry(fname='C:\\Windows\\Fonts\\YuGothL.ttc', name='Yu Gothic', style='normal', variant='normal', weight=300, stretch='normal', size='scalable')) = 10.145
2025-10-30 21:27:07,433 [DEBUG] findfont: score(FontEntry(fname='C:\\Windows\\Fonts\\GILLUBCD.TTF', name='Gill Sans Ultra Bold Condensed', style='normal', variant='normal', weight=400, stretch='condensed', size='scalable')) = 10.25
2025-10-30 21:27:07,434 [DEBUG] findfont: score(FontEntry(fname='C:\\Windows\\Fonts\\micross.ttf', name='Microsoft Sans Serif', style='normal', variant='normal', weight=400, stretch='normal', size='scalable')) = 10.05
2025-10-30 21:27:07,435 [DEBUG] findfont: score(FontEntry(fname='C:\\Windows\\Fonts\\CALIFR.TTF', name='Californian FB', style='normal', variant='normal', weight=400, stretch='normal', size='scalable')) = 10.05
2025-10-30 21:27:07,436 [DEBUG] findfont: score(FontEntry(fname='C:\\Windows\\Fonts\\ROCKI.TTF', name='Rockwell', style='italic', variant='normal', weight=400, stretch='normal', size='scalable')) = 11.05
2025-10-30 21:27:07,436 [DEBUG] findfont: score(FontEntry(fname='C:\\Windows\\Fonts\\BOD_CR.TTF', name='Bodoni MT', style='normal', variant='normal', weight=400, stretch='condensed', size='scalable')) = 10.25
2025-10-30 21:27:07,437 [DEBUG] findfont: score(FontEntry(fname='C:\\Windows\\Fonts\\BOD_CB.TTF', name='Bodoni MT', style='normal', variant='normal', weight=700, stretch='condensed', size='scalable')) = 10.535
2025-10-30 21:27:07,438 [DEBUG] findfont: score(FontEntry(fname='C:\\Windows\\Fonts\\YuGothM.ttc', name='Yu Gothic', style='normal', variant='normal', weight=500, stretch='normal', size='scalable')) = 10.145
2025-10-30 21:27:07,438 [DEBUG] findfont: score(FontEntry(fname='C:\\Windows\\Fonts\\SegUIVar.ttf', name='Segoe UI Variable', style='normal', variant='normal', weight=400, stretch='normal', size='scalable')) = 10.05
2025-10-30 21:27:07,439 [DEBUG] findfont: score(FontEntry(fname='C:\\Windows\\Fonts\\trebucbd.ttf', name='Trebuchet MS', style='normal', variant='normal', weight=700, stretch='normal', size='scalable')) = 10.335
2025-10-30 21:27:07,439 [DEBUG] findfont: score(FontEntry(fname='C:\\Windows\\Fonts\\timesi.ttf', name='Times New Roman', style='italic', variant='normal', weight=400, stretch='normal', size='scalable')) = 11.05
2025-10-30 21:27:07,440 [DEBUG] findfont: score(FontEntry(fname='C:\\Windows\\Fonts\\MAIAN.TTF', name='Maiandra GD', style='normal', variant='normal', weight=400, stretch='normal', size='scalable')) = 10.05
2025-10-30 21:27:07,441 [DEBUG] findfont: score(FontEntry(fname='C:\\Windows\\Fonts\\BOOKOSB.TTF', name='Bookman Old Style', style='normal', variant='normal', weight=600, stretch='normal', size='scalable')) = 10.24
2025-10-30 21:27:07,441 [DEBUG] findfont: score(FontEntry(fname='C:\\Windows\\Fonts\\BOD_R.TTF', name='Bodoni MT', style='normal', variant='normal', weight=400, stretch='normal', size='scalable')) = 10.05
2025-10-30 21:27:07,443 [DEBUG] findfont: score(FontEntry(fname='C:\\Windows\\Fonts\\HTOWERTI.TTF', name='High Tower Text', style='italic', variant='normal', weight=400, stretch='normal', size='scalable')) = 11.05
2025-10-30 21:27:07,444 [DEBUG] findfont: score(FontEntry(fname='C:\\Windows\\Fonts\\msyi.ttf', name='Microsoft Yi Baiti', style='normal', variant='normal', weight=400, stretch='normal', size='scalable')) = 10.05
2025-10-30 21:27:07,446 [DEBUG] findfont: score(FontEntry(fname='C:\\Windows\\Fonts\\HPSimplified_Lt.ttf', name='HP Simplified', style='normal', variant='normal', weight=300, stretch='normal', size='scalable')) = 10.145
2025-10-30 21:27:07,447 [DEBUG] findfont: score(FontEntry(fname='C:\\Windows\\Fonts\\MATURASC.TTF', name='Matura MT Script Capitals', style='normal', variant='normal', weight=400, stretch='normal', size='scalable')) = 10.05
2025-10-30 21:27:07,448 [DEBUG] findfont: score(FontEntry(fname='C:\\Windows\\Fonts\\FRADMCN.TTF', name='Franklin Gothic Demi Cond', style='normal', variant='normal', weight=400, stretch='condensed', size='scalable')) = 10.25
2025-10-30 21:27:07,448 [DEBUG] findfont: score(FontEntry(fname='C:\\Windows\\Fonts\\GOUDOSB.TTF', name='Goudy Old Style', style='normal', variant='normal', weight=700, stretch='normal', size='scalable')) = 10.335
2025-10-30 21:27:07,449 [DEBUG] findfont: score(FontEntry(fname='C:\\Windows\\Fonts\\BKANT.TTF', name='Book Antiqua', style='normal', variant='normal', weight=400, stretch='normal', size='scalable')) = 10.05
2025-10-30 21:27:07,449 [DEBUG] findfont: score(FontEntry(fname='C:\\Windows\\Fonts\\OCRAEXT.TTF', name='OCR A Extended', style='normal', variant='normal', weight=400, stretch='expanded', size='scalable')) = 10.25
2025-10-30 21:27:07,450 [DEBUG] findfont: score(FontEntry(fname='C:\\Windows\\Fonts\\phagspab.ttf', name='Microsoft PhagsPa', style='normal', variant='normal', weight=700, stretch='normal', size='scalable')) = 10.335
2025-10-30 21:27:07,451 [DEBUG] findfont: score(FontEntry(fname='C:\\Windows\\Fonts\\BOD_CI.TTF', name='Bodoni MT', style='italic', variant='normal', weight=400, stretch='condensed', size='scalable')) = 11.25
2025-10-30 21:27:07,451 [DEBUG] findfont: score(FontEntry(fname='C:\\Windows\\Fonts\\trebucbi.ttf', name='Trebuchet MS', style='italic', variant='normal', weight=700, stretch='normal', size='scalable')) = 11.335
2025-10-30 21:27:07,452 [DEBUG] findfont: score(FontEntry(fname='C:\\Windows\\Fonts\\msyhbd.ttc', name='Microsoft YaHei', style='normal', variant='normal', weight=700, stretch='normal', size='scalable')) = 10.335
2025-10-30 21:27:07,452 [DEBUG] findfont: score(FontEntry(fname='C:\\Windows\\Fonts\\corbelb.ttf', name='Corbel', style='normal', variant='normal', weight=700, stretch='normal', size='scalable')) = 10.335
2025-10-30 21:27:07,453 [DEBUG] findfont: score(FontEntry(fname='C:\\Windows\\Fonts\\LFAXDI.TTF', name='Lucida Fax', style='italic', variant='normal', weight=600, stretch='normal', size='scalable')) = 11.24
2025-10-30 21:27:07,454 [DEBUG] findfont: score(FontEntry(fname='C:\\Windows\\Fonts\\cambria.ttc', name='Cambria', style='normal', variant='normal', weight=400, stretch='normal', size='scalable')) = 10.05
2025-10-30 21:27:07,454 [DEBUG] findfont: score(FontEntry(fname='C:\\Windows\\Fonts\\segoeuil.ttf', name='Segoe UI', style='normal', variant='normal', weight=300, stretch='normal', size='scalable')) = 10.145
2025-10-30 21:27:07,455 [DEBUG] findfont: score(FontEntry(fname='C:\\Windows\\Fonts\\GOUDOS.TTF', name='Goudy Old Style', style='normal', variant='normal', weight=400, stretch='normal', size='scalable')) = 10.05
2025-10-30 21:27:07,455 [DEBUG] findfont: score(FontEntry(fname='C:\\Windows\\Fonts\\BOOKOSI.TTF', name='Bookman Old Style', style='italic', variant='normal', weight=300, stretch='normal', size='scalable')) = 11.145
2025-10-30 21:27:07,456 [DEBUG] findfont: score(FontEntry(fname='C:\\Windows\\Fonts\\BRUSHSCI.TTF', name='Brush Script MT', style='italic', variant='normal', weight=400, stretch='normal', size='scalable')) = 11.05
2025-10-30 21:27:07,456 [DEBUG] findfont: score(FontEntry(fname='C:\\Windows\\Fonts\\TCBI____.TTF', name='Tw Cen MT', style='italic', variant='normal', weight=700, stretch='normal', size='scalable')) = 11.335
2025-10-30 21:27:07,457 [DEBUG] findfont: score(FontEntry(fname='C:\\Windows\\Fonts\\HATTEN.TTF', name='Haettenschweiler', style='normal', variant='normal', weight=400, stretch='normal', size='scalable')) = 10.05
2025-10-30 21:27:07,458 [DEBUG] findfont: score(FontEntry(fname='C:\\Windows\\Fonts\\ANTQUAB.TTF', name='Book Antiqua', style='normal', variant='normal', weight=700, stretch='normal', size='scalable')) = 10.335
2025-10-30 21:27:07,459 [DEBUG] findfont: score(FontEntry(fname='C:\\Windows\\Fonts\\palai.ttf', name='Palatino Linotype', style='italic', variant='normal', weight=400, stretch='normal', size='scalable')) = 11.05
2025-10-30 21:27:07,460 [DEBUG] findfont: score(FontEntry(fname='C:\\Windows\\Fonts\\PERI____.TTF', name='Perpetua', style='italic', variant='normal', weight=400, stretch='normal', size='scalable')) = 11.05
2025-10-30 21:27:07,461 [DEBUG] findfont: score(FontEntry(fname='C:\\Windows\\Fonts\\corbeli.ttf', name='Corbel', style='italic', variant='normal', weight=400, stretch='normal', size='scalable')) = 11.05
2025-10-30 21:27:07,463 [DEBUG] findfont: score(FontEntry(fname='C:\\Windows\\Fonts\\SegoeIcons.ttf', name='Segoe Fluent Icons', style='normal', variant='normal', weight=400, stretch='normal', size='scalable')) = 10.05
2025-10-30 21:27:07,464 [DEBUG] findfont: score(FontEntry(fname='C:\\Windows\\Fonts\\PAPYRUS.TTF', name='Papyrus', style='normal', variant='normal', weight=400, stretch='normal', size='scalable')) = 10.05
2025-10-30 21:27:07,464 [DEBUG] findfont: score(FontEntry(fname='C:\\Windows\\Fonts\\comici.ttf', name='Comic Sans MS', style='italic', variant='normal', weight=400, stretch='normal', size='scalable')) = 11.05
2025-10-30 21:27:07,465 [DEBUG] findfont: score(FontEntry(fname='C:\\Windows\\Fonts\\GILI____.TTF', name='Gill Sans MT', style='italic', variant='normal', weight=400, stretch='normal', size='scalable')) = 11.05
2025-10-30 21:27:07,466 [DEBUG] findfont: score(FontEntry(fname='C:\\Windows\\Fonts\\arialbi.ttf', name='Arial', style='italic', variant='normal', weight=700, stretch='normal', size='scalable')) = 7.698636363636363
2025-10-30 21:27:07,466 [DEBUG] findfont: score(FontEntry(fname='C:\\Windows\\Fonts\\l_10646.ttf', name='Lucida Sans Unicode', style='normal', variant='normal', weight=400, stretch='normal', size='scalable')) = 10.05
2025-10-30 21:27:07,467 [DEBUG] findfont: score(FontEntry(fname='C:\\Windows\\Fonts\\impact.ttf', name='Impact', style='normal', variant='normal', weight=400, stretch='normal', size='scalable')) = 10.05
2025-10-30 21:27:07,468 [DEBUG] findfont: score(FontEntry(fname='C:\\Windows\\Fonts\\CALISTI.TTF', name='Calisto MT', style='italic', variant='normal', weight=400, stretch='normal', size='scalable')) = 11.05
2025-10-30 21:27:07,468 [DEBUG] findfont: score(FontEntry(fname='C:\\Windows\\Fonts\\segoescb.ttf', name='Segoe Script', style='normal', variant='normal', weight=700, stretch='normal', size='scalable')) = 10.335
2025-10-30 21:27:07,469 [DEBUG] findfont: score(FontEntry(fname='C:\\Windows\\Fonts\\verdanaz.ttf', name='Verdana', style='italic', variant='normal', weight=700, stretch='normal', size='scalable')) = 4.971363636363637
2025-10-30 21:27:07,470 [DEBUG] findfont: score(FontEntry(fname='C:\\Windows\\Fonts\\ARIALNBI.TTF', name='Arial', style='italic', variant='normal', weight=700, stretch='condensed', size='scalable')) = 7.8986363636363635
2025-10-30 21:27:07,470 [DEBUG] findfont: score(FontEntry(fname='C:\\Windows\\Fonts\\OLDENGL.TTF', name='Old English Text MT', style='normal', variant='normal', weight=400, stretch='normal', size='scalable')) = 10.05
2025-10-30 21:27:07,471 [DEBUG] findfont: score(FontEntry(fname='C:\\Windows\\Fonts\\simsun.ttc', name='SimSun', style='normal', variant='normal', weight=400, stretch='normal', size='scalable')) = 10.05
2025-10-30 21:27:07,472 [DEBUG] findfont: score(FontEntry(fname='C:\\Windows\\Fonts\\comicz.ttf', name='Comic Sans MS', style='italic', variant='normal', weight=700, stretch='normal', size='scalable')) = 11.335
2025-10-30 21:27:07,472 [DEBUG] findfont: score(FontEntry(fname='C:\\Windows\\Fonts\\msgothic.ttc', name='MS Gothic', style='normal', variant='normal', weight=400, stretch='normal', size='scalable')) = 10.05
2025-10-30 21:27:07,473 [DEBUG] findfont: score(FontEntry(fname='C:\\Windows\\Fonts\\GARABD.TTF', name='Garamond', style='normal', variant='normal', weight=700, stretch='normal', size='scalable')) = 10.335
2025-10-30 21:27:07,473 [DEBUG] findfont: score(FontEntry(fname='C:\\Windows\\Fonts\\PERBI___.TTF', name='Perpetua', style='italic', variant='normal', weight=700, stretch='normal', size='scalable')) = 11.335
2025-10-30 21:27:07,474 [DEBUG] findfont: score(FontEntry(fname='C:\\Windows\\Fonts\\TCMI____.TTF', name='Tw Cen MT', style='italic', variant='normal', weight=400, stretch='normal', size='scalable')) = 11.05
2025-10-30 21:27:07,475 [DEBUG] findfont: score(FontEntry(fname='C:\\Windows\\Fonts\\VIVALDII.TTF', name='Vivaldi', style='italic', variant='normal', weight=400, stretch='normal', size='scalable')) = 11.05
2025-10-30 21:27:07,476 [DEBUG] findfont: score(FontEntry(fname='C:\\Windows\\Fonts\\ROCKBI.TTF', name='Rockwell', style='italic', variant='normal', weight=700, stretch='normal', size='scalable')) = 11.335
2025-10-30 21:27:07,477 [DEBUG] findfont: score(FontEntry(fname='C:\\Windows\\Fonts\\javatext.ttf', name='Javanese Text', style='normal', variant='normal', weight=400, stretch='normal', size='scalable')) = 10.05
2025-10-30 21:27:07,478 [DEBUG] findfont: score(FontEntry(fname='C:\\Windows\\Fonts\\BROADW.TTF', name='Broadway', style='normal', variant='normal', weight=400, stretch='normal', size='scalable')) = 10.05
2025-10-30 21:27:07,479 [DEBUG] findfont: score(FontEntry(fname='C:\\Windows\\Fonts\\OUTLOOK.TTF', name='MS Outlook', style='normal', variant='normal', weight=400, stretch='normal', size='scalable')) = 10.05
2025-10-30 21:27:07,480 [DEBUG] findfont: score(FontEntry(fname='C:\\Windows\\Fonts\\Inkfree.ttf', name='Ink Free', style='normal', variant='normal', weight=400, stretch='normal', size='scalable')) = 10.05
2025-10-30 21:27:07,481 [DEBUG] findfont: score(FontEntry(fname='C:\\Windows\\Fonts\\CALIFB.TTF', name='Californian FB', style='normal', variant='normal', weight=700, stretch='normal', size='scalable')) = 10.335
2025-10-30 21:27:07,481 [DEBUG] findfont: score(FontEntry(fname='C:\\Windows\\Fonts\\LCALLIG.TTF', name='Lucida Calligraphy', style='italic', variant='normal', weight=400, stretch='normal', size='scalable')) = 11.05
2025-10-30 21:27:07,482 [DEBUG] findfont: score(FontEntry(fname='C:\\Windows\\Fonts\\NIAGSOL.TTF', name='Niagara Solid', style='normal', variant='normal', weight=400, stretch='normal', size='scalable')) = 10.05
2025-10-30 21:27:07,483 [DEBUG] findfont: score(FontEntry(fname='C:\\Windows\\Fonts\\segmdl2.ttf', name='Segoe MDL2 Assets', style='normal', variant='normal', weight=400, stretch='normal', size='scalable')) = 10.05
2025-10-30 21:27:07,483 [DEBUG] findfont: score(FontEntry(fname='C:\\Windows\\Fonts\\cambriaz.ttf', name='Cambria', style='italic', variant='normal', weight=700, stretch='normal', size='scalable')) = 11.335
2025-10-30 21:27:07,484 [DEBUG] findfont: score(FontEntry(fname='C:\\Windows\\Fonts\\GILBI___.TTF', name='Gill Sans MT', style='italic', variant='normal', weight=700, stretch='normal', size='scalable')) = 11.335
2025-10-30 21:27:07,484 [DEBUG] findfont: score(FontEntry(fname='C:\\Windows\\Fonts\\MAGNETOB.TTF', name='Magneto', style='normal', variant='normal', weight=700, stretch='normal', size='scalable')) = 10.335
2025-10-30 21:27:07,485 [DEBUG] findfont: score(FontEntry(fname='C:\\Windows\\Fonts\\FRABKIT.TTF', name='Franklin Gothic Book', style='italic', variant='normal', weight=400, stretch='normal', size='scalable')) = 11.05
2025-10-30 21:27:07,486 [DEBUG] findfont: score(FontEntry(fname='C:\\Windows\\Fonts\\REFSAN.TTF', name='MS Reference Sans Serif', style='normal', variant='normal', weight=400, stretch='normal', size='scalable')) = 10.05
2025-10-30 21:27:07,486 [DEBUG] findfont: score(FontEntry(fname='C:\\Windows\\Fonts\\tahoma.ttf', name='Tahoma', style='normal', variant='normal', weight=400, stretch='normal', size='scalable')) = 10.05
2025-10-30 21:27:07,487 [DEBUG] findfont: score(FontEntry(fname='C:\\Windows\\Fonts\\cambriab.ttf', name='Cambria', style='normal', variant='normal', weight=700, stretch='normal', size='scalable')) = 10.335
2025-10-30 21:27:07,488 [DEBUG] findfont: score(FontEntry(fname='C:\\Windows\\Fonts\\JUICE___.TTF', name='Juice ITC', style='normal', variant='normal', weight=400, stretch='normal', size='scalable')) = 10.05
2025-10-30 21:27:07,488 [DEBUG] findfont: score(FontEntry(fname='C:\\Windows\\Fonts\\BOD_CBI.TTF', name='Bodoni MT', style='italic', variant='normal', weight=700, stretch='condensed', size='scalable')) = 11.535
2025-10-30 21:27:07,489 [DEBUG] findfont: score(FontEntry(fname='C:\\Windows\\Fonts\\HARLOWSI.TTF', name='Harlow Solid Italic', style='italic', variant='normal', weight=400, stretch='normal', size='scalable')) = 11.05
2025-10-30 21:27:07,490 [DEBUG] findfont: score(FontEntry(fname='C:\\Windows\\Fonts\\msyhl.ttc', name='Microsoft YaHei', style='normal', variant='normal', weight=290, stretch='normal', size='scalable')) = 10.1545
2025-10-30 21:27:07,490 [DEBUG] findfont: score(FontEntry(fname='C:\\Windows\\Fonts\\BOOKOS.TTF', name='Bookman Old Style', style='normal', variant='normal', weight=300, stretch='normal', size='scalable')) = 10.145
2025-10-30 21:27:07,491 [DEBUG] findfont: score(FontEntry(fname='C:\\Windows\\Fonts\\FRADMIT.TTF', name='Franklin Gothic Demi', style='italic', variant='normal', weight=400, stretch='normal', size='scalable')) = 11.05
2025-10-30 21:27:07,492 [DEBUG] findfont: score(FontEntry(fname='C:\\Windows\\Fonts\\SCHLBKI.TTF', name='Century Schoolbook', style='italic', variant='normal', weight=400, stretch='normal', size='scalable')) = 11.05
2025-10-30 21:27:07,493 [DEBUG] findfont: score(FontEntry(fname='C:\\Windows\\Fonts\\GILB____.TTF', name='Gill Sans MT', style='normal', variant='normal', weight=700, stretch='normal', size='scalable')) = 10.335
2025-10-30 21:27:07,494 [DEBUG] findfont: score(FontEntry(fname='C:\\Windows\\Fonts\\GOTHICB.TTF', name='Century Gothic', style='normal', variant='normal', weight=700, stretch='normal', size='scalable')) = 10.335
2025-10-30 21:27:07,495 [DEBUG] findfont: score(FontEntry(fname='C:\\Windows\\Fonts\\segoeuib.ttf', name='Segoe UI', style='normal', variant='normal', weight=700, stretch='normal', size='scalable')) = 10.335
2025-10-30 21:27:07,496 [DEBUG] findfont: score(FontEntry(fname='C:\\Windows\\Fonts\\Candarai.ttf', name='Candara', style='italic', variant='normal', weight=400, stretch='normal', size='scalable')) = 11.05
2025-10-30 21:27:07,497 [DEBUG] findfont: score(FontEntry(fname='C:\\Windows\\Fonts\\seguili.ttf', name='Segoe UI', style='italic', variant='normal', weight=300, stretch='normal', size='scalable')) = 11.145
2025-10-30 21:27:07,497 [DEBUG] findfont: score(FontEntry(fname='C:\\Windows\\Fonts\\arial.ttf', name='Arial', style='normal', variant='normal', weight=400, stretch='normal', size='scalable')) = 6.413636363636363
2025-10-30 21:27:07,498 [DEBUG] findfont: score(FontEntry(fname='C:\\Windows\\Fonts\\hpsimplifiedhans-light.ttf', name='HP Simplified Hans', style='normal', variant='normal', weight=300, stretch='normal', size='scalable')) = 10.145
2025-10-30 21:27:07,499 [DEBUG] findfont: score(FontEntry(fname='C:\\Windows\\Fonts\\ntailub.ttf', name='Microsoft New Tai Lue', style='normal', variant='normal', weight=700, stretch='normal', size='scalable')) = 10.335
2025-10-30 21:27:07,499 [DEBUG] findfont: score(FontEntry(fname='C:\\Windows\\Fonts\\seguisbi.ttf', name='Segoe UI', style='italic', variant='normal', weight=600, stretch='normal', size='scalable')) = 11.24
2025-10-30 21:27:07,500 [DEBUG] findfont: score(FontEntry(fname='C:\\Windows\\Fonts\\ANTQUAI.TTF', name='Book Antiqua', style='italic', variant='normal', weight=400, stretch='normal', size='scalable')) = 11.05
2025-10-30 21:27:07,501 [DEBUG] findfont: score(FontEntry(fname='C:\\Windows\\Fonts\\msjhl.ttc', name='Microsoft JhengHei', style='normal', variant='normal', weight=290, stretch='normal', size='scalable')) = 10.1545
2025-10-30 21:27:07,501 [DEBUG] findfont: score(FontEntry(fname='C:\\Windows\\Fonts\\calibrili.ttf', name='Calibri', style='italic', variant='normal', weight=300, stretch='normal', size='scalable')) = 11.145
2025-10-30 21:27:07,502 [DEBUG] findfont: score(FontEntry(fname='C:\\Windows\\Fonts\\TCCEB.TTF', name='Tw Cen MT Condensed Extra Bold', style='normal', variant='normal', weight=400, stretch='condensed', size='scalable')) = 10.25
2025-10-30 21:27:07,503 [DEBUG] findfont: score(FontEntry(fname='C:\\Windows\\Fonts\\georgiaz.ttf', name='Georgia', style='italic', variant='normal', weight=700, stretch='normal', size='scalable')) = 11.335
2025-10-30 21:27:07,503 [DEBUG] findfont: score(FontEntry(fname='C:\\Windows\\Fonts\\BASKVILL.TTF', name='Baskerville Old Face', style='normal', variant='normal', weight=400, stretch='normal', size='scalable')) = 10.05
2025-10-30 21:27:07,504 [DEBUG] findfont: score(FontEntry(fname='C:\\Windows\\Fonts\\CASTELAR.TTF', name='Castellar', style='normal', variant='normal', weight=400, stretch='normal', size='scalable')) = 10.05
2025-10-30 21:27:07,505 [DEBUG] findfont: score(FontEntry(fname='C:\\Windows\\Fonts\\DUBAI-REGULAR.TTF', name='Dubai', style='normal', variant='normal', weight=400, stretch='normal', size='scalable')) = 10.05
2025-10-30 21:27:07,505 [DEBUG] findfont: score(FontEntry(fname='C:\\Windows\\Fonts\\ONYX.TTF', name='Onyx', style='normal', variant='normal', weight=400, stretch='normal', size='scalable')) = 10.05
2025-10-30 21:27:07,506 [DEBUG] findfont: score(FontEntry(fname='C:\\Windows\\Fonts\\georgiab.ttf', name='Georgia', style='normal', variant='normal', weight=700, stretch='normal', size='scalable')) = 10.335
2025-10-30 21:27:07,506 [DEBUG] findfont: score(FontEntry(fname='C:\\Windows\\Fonts\\CENSCBK.TTF', name='Century Schoolbook', style='normal', variant='normal', weight=400, stretch='normal', size='scalable')) = 10.05
2025-10-30 21:27:07,507 [DEBUG] findfont: score(FontEntry(fname='C:\\Windows\\Fonts\\times.ttf', name='Times New Roman', style='normal', variant='normal', weight=400, stretch='normal', size='scalable')) = 10.05
2025-10-30 21:27:07,508 [DEBUG] findfont: score(FontEntry(fname='C:\\Windows\\Fonts\\DUBAI-MEDIUM.TTF', name='Dubai', style='normal', variant='normal', weight=500, stretch='normal', size='scalable')) = 10.145
2025-10-30 21:27:07,508 [DEBUG] findfont: score(FontEntry(fname='C:\\Windows\\Fonts\\ebrimabd.ttf', name='Ebrima', style='normal', variant='normal', weight=700, stretch='normal', size='scalable')) = 10.335
2025-10-30 21:27:07,510 [DEBUG] findfont: score(FontEntry(fname='C:\\Windows\\Fonts\\Candarab.ttf', name='Candara', style='normal', variant='normal', weight=700, stretch='normal', size='scalable')) = 10.335
2025-10-30 21:27:07,511 [DEBUG] findfont: score(FontEntry(fname='C:\\Windows\\Fonts\\BRLNSR.TTF', name='Berlin Sans FB', style='normal', variant='normal', weight=400, stretch='normal', size='scalable')) = 10.05
2025-10-30 21:27:07,514 [DEBUG] findfont: score(FontEntry(fname='C:\\Windows\\Fonts\\GLSNECB.TTF', name='Gill Sans MT Ext Condensed Bold', style='normal', variant='normal', weight=400, stretch='condensed', size='scalable')) = 10.25
2025-10-30 21:27:07,514 [DEBUG] findfont: score(FontEntry(fname='C:\\Windows\\Fonts\\KUNSTLER.TTF', name='Kunstler Script', style='normal', variant='normal', weight=400, stretch='normal', size='scalable')) = 10.05
2025-10-30 21:27:07,515 [DEBUG] findfont: score(FontEntry(fname='C:\\Windows\\Fonts\\ELEPHNT.TTF', name='Elephant', style='normal', variant='normal', weight=400, stretch='normal', size='scalable')) = 10.05
2025-10-30 21:27:07,516 [DEBUG] findfont: score(FontEntry(fname='C:\\Windows\\Fonts\\PERB____.TTF', name='Perpetua', style='normal', variant='normal', weight=700, stretch='normal', size='scalable')) = 10.335
2025-10-30 21:27:07,516 [DEBUG] findfont: score(FontEntry(fname='C:\\Windows\\Fonts\\BELL.TTF', name='Bell MT', style='normal', variant='normal', weight=400, stretch='normal', size='scalable')) = 10.05
2025-10-30 21:27:07,517 [DEBUG] findfont: score(FontEntry(fname='C:\\Windows\\Fonts\\verdanab.ttf', name='Verdana', style='normal', variant='normal', weight=700, stretch='normal', size='scalable')) = 3.9713636363636367
2025-10-30 21:27:07,518 [DEBUG] findfont: score(FontEntry(fname='C:\\Windows\\Fonts\\gadugi.ttf', name='Gadugi', style='normal', variant='normal', weight=400, stretch='normal', size='scalable')) = 10.05
2025-10-30 21:27:07,519 [DEBUG] findfont: score(FontEntry(fname='C:\\Windows\\Fonts\\calibrib.ttf', name='Calibri', style='normal', variant='normal', weight=700, stretch='normal', size='scalable')) = 10.335
2025-10-30 21:27:07,520 [DEBUG] findfont: score(FontEntry(fname='C:\\Windows\\Fonts\\BRLNSDB.TTF', name='Berlin Sans FB Demi', style='normal', variant='normal', weight=700, stretch='normal', size='scalable')) = 10.335
2025-10-30 21:27:07,521 [DEBUG] findfont: score(FontEntry(fname='C:\\Windows\\Fonts\\GILC____.TTF', name='Gill Sans MT Condensed', style='normal', variant='normal', weight=400, stretch='condensed', size='scalable')) = 10.25
2025-10-30 21:27:07,521 [DEBUG] findfont: score(FontEntry(fname='C:\\Windows\\Fonts\\CENTURY.TTF', name='Century', style='normal', variant='normal', weight=400, stretch='normal', size='scalable')) = 10.05
2025-10-30 21:27:07,522 [DEBUG] findfont: score(FontEntry(fname='C:\\Windows\\Fonts\\PER_____.TTF', name='Perpetua', style='normal', variant='normal', weight=400, stretch='normal', size='scalable')) = 10.05
2025-10-30 21:27:07,523 [DEBUG] findfont: score(FontEntry(fname='C:\\Windows\\Fonts\\AGENCYB.TTF', name='Agency FB', style='normal', variant='normal', weight=700, stretch='normal', size='scalable')) = 10.335
2025-10-30 21:27:07,523 [DEBUG] findfont: score(FontEntry(fname='C:\\Windows\\Fonts\\GOUDOSI.TTF', name='Goudy Old Style', style='italic', variant='normal', weight=400, stretch='normal', size='scalable')) = 11.05
2025-10-30 21:27:07,524 [DEBUG] findfont: score(FontEntry(fname='C:\\Windows\\Fonts\\calibrii.ttf', name='Calibri', style='italic', variant='normal', weight=400, stretch='normal', size='scalable')) = 11.05
2025-10-30 21:27:07,525 [DEBUG] findfont: score(FontEntry(fname='C:\\Windows\\Fonts\\arialbd.ttf', name='Arial', style='normal', variant='normal', weight=700, stretch='normal', size='scalable')) = 6.698636363636363
2025-10-30 21:27:07,525 [DEBUG] findfont: score(FontEntry(fname='C:\\Windows\\Fonts\\FTLTLT.TTF', name='Footlight MT Light', style='normal', variant='normal', weight=300, stretch='normal', size='scalable')) = 10.145
2025-10-30 21:27:07,526 [DEBUG] findfont: score(FontEntry(fname='C:\\Windows\\Fonts\\LTYPEB.TTF', name='Lucida Sans Typewriter', style='normal', variant='normal', weight=600, stretch='normal', size='scalable')) = 10.24
2025-10-30 21:27:07,528 [DEBUG] findfont: score(FontEntry(fname='C:\\Windows\\Fonts\\HPSimplified_LtIt.ttf', name='HP Simplified', style='italic', variant='normal', weight=300, stretch='normal', size='scalable')) = 11.145
2025-10-30 21:27:07,532 [DEBUG] findfont: score(FontEntry(fname='C:\\Windows\\Fonts\\symbol.ttf', name='Symbol', style='normal', variant='normal', weight=400, stretch='normal', size='scalable')) = 10.05
2025-10-30 21:27:07,533 [DEBUG] findfont: score(FontEntry(fname='C:\\Windows\\Fonts\\seguisli.ttf', name='Segoe UI', style='italic', variant='normal', weight=350, stretch='normal', size='scalable')) = 11.0975
2025-10-30 21:27:07,533 [DEBUG] findfont: score(FontEntry(fname='C:\\Windows\\Fonts\\BOD_BLAI.TTF', name='Bodoni MT', style='italic', variant='normal', weight=900, stretch='normal', size='scalable')) = 11.525
2025-10-30 21:27:07,534 [DEBUG] findfont: score(FontEntry(fname='C:\\Windows\\Fonts\\BELLB.TTF', name='Bell MT', style='normal', variant='normal', weight=700, stretch='normal', size='scalable')) = 10.335
2025-10-30 21:27:07,535 [DEBUG] findfont: score(FontEntry(fname='C:\\Windows\\Fonts\\tahomabd.ttf', name='Tahoma', style='normal', variant='normal', weight=700, stretch='normal', size='scalable')) = 10.335
2025-10-30 21:27:07,535 [DEBUG] findfont: score(FontEntry(fname='C:\\Windows\\Fonts\\BOD_BI.TTF', name='Bodoni MT', style='italic', variant='normal', weight=700, stretch='normal', size='scalable')) = 11.335
2025-10-30 21:27:07,536 [DEBUG] findfont: score(FontEntry(fname='C:\\Windows\\Fonts\\CALISTB.TTF', name='Calisto MT', style='normal', variant='normal', weight=700, stretch='normal', size='scalable')) = 10.335
2025-10-30 21:27:07,537 [DEBUG] findfont: score(FontEntry(fname='C:\\Windows\\Fonts\\SitkaVF-Italic.ttf', name='Sitka', style='italic', variant='normal', weight=400, stretch='normal', size='scalable')) = 11.05
2025-10-30 21:27:07,537 [DEBUG] findfont: score(FontEntry(fname='C:\\Windows\\Fonts\\YuGothB.ttc', name='Yu Gothic', style='normal', variant='normal', weight=700, stretch='normal', size='scalable')) = 10.335
2025-10-30 21:27:07,538 [DEBUG] findfont: score(FontEntry(fname='C:\\Windows\\Fonts\\IMPRISHA.TTF', name='Imprint MT Shadow', style='normal', variant='normal', weight=400, stretch='normal', size='scalable')) = 10.05
2025-10-30 21:27:07,539 [DEBUG] findfont: score(FontEntry(fname='C:\\Windows\\Fonts\\Candaraz.ttf', name='Candara', style='italic', variant='normal', weight=700, stretch='normal', size='scalable')) = 11.335
2025-10-30 21:27:07,540 [DEBUG] findfont: score(FontEntry(fname='C:\\Windows\\Fonts\\corbelz.ttf', name='Corbel', style='italic', variant='normal', weight=700, stretch='normal', size='scalable')) = 11.335
2025-10-30 21:27:07,541 [DEBUG] findfont: score(FontEntry(fname='C:\\Windows\\Fonts\\corbell.ttf', name='Corbel', style='normal', variant='normal', weight=300, stretch='normal', size='scalable')) = 10.145
2025-10-30 21:27:07,541 [DEBUG] findfont: score(FontEntry(fname='C:\\Windows\\Fonts\\msjhbd.ttc', name='Microsoft JhengHei', style='normal', variant='normal', weight=700, stretch='normal', size='scalable')) = 10.335
2025-10-30 21:27:07,542 [DEBUG] findfont: score(FontEntry(fname='C:\\Windows\\Fonts\\ARIALNI.TTF', name='Arial', style='italic', variant='normal', weight=400, stretch='condensed', size='scalable')) = 7.613636363636363
2025-10-30 21:27:07,545 [DEBUG] findfont: score(FontEntry(fname='C:\\Windows\\Fonts\\consolai.ttf', name='Consolas', style='italic', variant='normal', weight=400, stretch='normal', size='scalable')) = 11.05
2025-10-30 21:27:07,547 [DEBUG] findfont: score(FontEntry(fname='C:\\Windows\\Fonts\\consolaz.ttf', name='Consolas', style='italic', variant='normal', weight=700, stretch='normal', size='scalable')) = 11.335
2025-10-30 21:27:07,548 [DEBUG] findfont: score(FontEntry(fname='C:\\Windows\\Fonts\\FORTE.TTF', name='Forte', style='normal', variant='normal', weight=400, stretch='normal', size='scalable')) = 10.05
2025-10-30 21:27:07,548 [DEBUG] findfont: Matching sans\-serif:style=normal:variant=normal:weight=normal:stretch=normal:size=12.0 to DejaVu Sans ('C:\\Users\\Abhishek\\AppData\\Roaming\\Python\\Python313\\site-packages\\matplotlib\\mpl-data\\fonts\\ttf\\DejaVuSans.ttf') with score of 0.050000.
2025-10-30 21:27:07,930 [INFO] 192.168.1.28 - - [30/Oct/2025 21:27:07] "GET / HTTP/1.1" 200 -
2025-10-30 21:27:08,002 [INFO] 192.168.1.28 - - [30/Oct/2025 21:27:08] "[36mGET /static/style.css HTTP/1.1[0m" 304 -
2025-10-30 21:27:13,209 [INFO] 192.168.1.28 - - [30/Oct/2025 21:27:13] "GET /predict HTTP/1.1" 200 -
2025-10-30 21:27:13,268 [INFO] 192.168.1.28 - - [30/Oct/2025 21:27:13] "[36mGET /static/style.css HTTP/1.1[0m" 304 -
2025-10-30 21:27:13,303 [INFO] 192.168.1.28 - - [30/Oct/2025 21:27:13] "GET /api/history HTTP/1.1" 200 -
2025-10-30 21:27:13,333 [INFO] 192.168.1.28 - - [30/Oct/2025 21:27:13] "GET /stream_alerts HTTP/1.1" 200 -
2025-10-30 21:31:10,064 [INFO] 192.168.1.28 - - [30/Oct/2025 21:31:10] "GET /predict HTTP/1.1" 200 -
2025-10-30 21:31:10,130 [INFO] 192.168.1.28 - - [30/Oct/2025 21:31:10] "[36mGET /static/style.css HTTP/1.1[0m" 304 -
2025-10-30 21:31:10,189 [INFO] 192.168.1.28 - - [30/Oct/2025 21:31:10] "GET /api/history HTTP/1.1" 200 -
2025-10-30 21:31:10,208 [INFO] 192.168.1.28 - - [30/Oct/2025 21:31:10] "GET /stream_alerts HTTP/1.1" 200 -
2025-10-30 21:31:10,843 [INFO] 192.168.1.28 - - [30/Oct/2025 21:31:10] "GET /predict HTTP/1.1" 200 -
2025-10-30 21:31:10,880 [INFO] 192.168.1.28 - - [30/Oct/2025 21:31:10] "[36mGET /static/style.css HTTP/1.1[0m" 304 -
2025-10-30 21:31:10,907 [INFO] 192.168.1.28 - - [30/Oct/2025 21:31:10] "GET /api/history HTTP/1.1" 200 -
2025-10-30 21:31:10,923 [INFO] 192.168.1.28 - - [30/Oct/2025 21:31:10] "GET /stream_alerts HTTP/1.1" 200 -
2025-10-30 21:31:11,022 [INFO] 192.168.1.28 - - [30/Oct/2025 21:31:11] "GET /predict HTTP/1.1" 200 -
2025-10-30 21:31:11,076 [INFO] 192.168.1.28 - - [30/Oct/2025 21:31:11] "[36mGET /static/style.css HTTP/1.1[0m" 304 -
2025-10-30 21:31:11,110 [INFO] 192.168.1.28 - - [30/Oct/2025 21:31:11] "GET /api/history HTTP/1.1" 200 -
2025-10-30 21:31:11,126 [INFO] 192.168.1.28 - - [30/Oct/2025 21:31:11] "GET /stream_alerts HTTP/1.1" 200 -
2025-10-30 21:31:11,199 [INFO] 192.168.1.28 - - [30/Oct/2025 21:31:11] "GET /predict HTTP/1.1" 200 -
2025-10-30 21:31:11,248 [INFO] 192.168.1.28 - - [30/Oct/2025 21:31:11] "[36mGET /static/style.css HTTP/1.1[0m" 304 -
2025-10-30 21:31:11,274 [INFO] 192.168.1.28 - - [30/Oct/2025 21:31:11] "GET /api/history HTTP/1.1" 200 -
2025-10-30 21:31:11,292 [INFO] 192.168.1.28 - - [30/Oct/2025 21:31:11] "GET /stream_alerts HTTP/1.1" 200 -
2025-10-30 21:31:11,379 [INFO] 192.168.1.28 - - [30/Oct/2025 21:31:11] "GET /predict HTTP/1.1" 200 -
2025-10-30 21:31:11,418 [INFO] 192.168.1.28 - - [30/Oct/2025 21:31:11] "[36mGET /static/style.css HTTP/1.1[0m" 304 -
2025-10-30 21:31:11,444 [INFO] 192.168.1.28 - - [30/Oct/2025 21:31:11] "GET /api/history HTTP/1.1" 200 -
2025-10-30 21:31:11,459 [INFO] 192.168.1.28 - - [30/Oct/2025 21:31:11] "GET /stream_alerts HTTP/1.1" 200 -
2025-10-30 21:31:11,589 [INFO] 192.168.1.28 - - [30/Oct/2025 21:31:11] "GET /predict HTTP/1.1" 200 -
2025-10-30 21:31:11,625 [INFO] 192.168.1.28 - - [30/Oct/2025 21:31:11] "[36mGET /static/style.css HTTP/1.1[0m" 304 -
2025-10-30 21:31:11,643 [INFO] 192.168.1.28 - - [30/Oct/2025 21:31:11] "GET /api/history HTTP/1.1" 200 -
2025-10-30 21:31:11,657 [INFO] 192.168.1.28 - - [30/Oct/2025 21:31:11] "GET /stream_alerts HTTP/1.1" 200 -
2025-10-30 21:31:11,767 [INFO] 192.168.1.28 - - [30/Oct/2025 21:31:11] "GET /predict HTTP/1.1" 200 -
2025-10-30 21:31:11,806 [INFO] 192.168.1.28 - - [30/Oct/2025 21:31:11] "[36mGET /static/style.css HTTP/1.1[0m" 304 -
2025-10-30 21:31:11,826 [INFO] 192.168.1.28 - - [30/Oct/2025 21:31:11] "GET /api/history HTTP/1.1" 200 -
2025-10-30 21:31:11,840 [INFO] 192.168.1.28 - - [30/Oct/2025 21:31:11] "GET /stream_alerts HTTP/1.1" 200 -
2025-10-30 21:31:11,987 [INFO] 192.168.1.28 - - [30/Oct/2025 21:31:11] "GET /predict HTTP/1.1" 200 -
2025-10-30 21:31:12,027 [INFO] 192.168.1.28 - - [30/Oct/2025 21:31:12] "[36mGET /static/style.css HTTP/1.1[0m" 304 -
2025-10-30 21:31:12,049 [INFO] 192.168.1.28 - - [30/Oct/2025 21:31:12] "GET /api/history HTTP/1.1" 200 -
2025-10-30 21:31:12,066 [INFO] 192.168.1.28 - - [30/Oct/2025 21:31:12] "GET /stream_alerts HTTP/1.1" 200 -
2025-10-30 21:31:12,175 [INFO] 192.168.1.28 - - [30/Oct/2025 21:31:12] "GET /predict HTTP/1.1" 200 -
2025-10-30 21:31:12,207 [INFO] 192.168.1.28 - - [30/Oct/2025 21:31:12] "[36mGET /static/style.css HTTP/1.1[0m" 304 -
2025-10-30 21:31:12,227 [INFO] 192.168.1.28 - - [30/Oct/2025 21:31:12] "GET /api/history HTTP/1.1" 200 -
2025-10-30 21:31:12,242 [INFO] 192.168.1.28 - - [30/Oct/2025 21:31:12] "GET /stream_alerts HTTP/1.1" 200 -
2025-10-30 21:31:12,370 [INFO] 192.168.1.28 - - [30/Oct/2025 21:31:12] "GET /predict HTTP/1.1" 200 -
2025-10-30 21:31:12,404 [INFO] 192.168.1.28 - - [30/Oct/2025 21:31:12] "[36mGET /static/style.css HTTP/1.1[0m" 304 -
2025-10-30 21:31:12,422 [INFO] 192.168.1.28 - - [30/Oct/2025 21:31:12] "GET /api/history HTTP/1.1" 200 -
2025-10-30 21:31:12,432 [INFO] 192.168.1.28 - - [30/Oct/2025 21:31:12] "GET /stream_alerts HTTP/1.1" 200 -
2025-10-30 21:31:12,896 [INFO] 192.168.1.28 - - [30/Oct/2025 21:31:12] "GET /predict HTTP/1.1" 200 -
2025-10-30 21:31:12,928 [INFO] 192.168.1.28 - - [30/Oct/2025 21:31:12] "[36mGET /static/style.css HTTP/1.1[0m" 304 -
2025-10-30 21:31:12,946 [INFO] 192.168.1.28 - - [30/Oct/2025 21:31:12] "GET /api/history HTTP/1.1" 200 -
2025-10-30 21:31:12,959 [INFO] 192.168.1.28 - - [30/Oct/2025 21:31:12] "GET /stream_alerts HTTP/1.1" 200 -
2025-10-30 21:31:13,077 [INFO] 192.168.1.28 - - [30/Oct/2025 21:31:13] "GET /predict HTTP/1.1" 200 -
2025-10-30 21:31:13,116 [INFO] 192.168.1.28 - - [30/Oct/2025 21:31:13] "[36mGET /static/style.css HTTP/1.1[0m" 304 -
2025-10-30 21:31:13,140 [INFO] 192.168.1.28 - - [30/Oct/2025 21:31:13] "GET /api/history HTTP/1.1" 200 -
2025-10-30 21:31:13,152 [INFO] 192.168.1.28 - - [30/Oct/2025 21:31:13] "GET /stream_alerts HTTP/1.1" 200 -
2025-10-30 21:31:14,388 [INFO] 192.168.1.28 - - [30/Oct/2025 21:31:14] "GET /blocked_ips HTTP/1.1" 200 -
2025-10-30 21:31:14,437 [INFO] 192.168.1.28 - - [30/Oct/2025 21:31:14] "[36mGET /static/style.css HTTP/1.1[0m" 304 -
2025-10-30 21:31:15,516 [INFO] 192.168.1.28 - - [30/Oct/2025 21:31:15] "GET /logs HTTP/1.1" 200 -
2025-10-30 21:31:15,571 [INFO] 192.168.1.28 - - [30/Oct/2025 21:31:15] "[36mGET /static/style.css HTTP/1.1[0m" 304 -
2025-10-30 21:37:39,696 [INFO] 192.168.1.28 - - [30/Oct/2025 21:37:39] "GET /predict HTTP/1.1" 200 -
2025-10-30 21:37:39,734 [INFO] 192.168.1.28 - - [30/Oct/2025 21:37:39] "[36mGET /static/style.css HTTP/1.1[0m" 304 -
2025-10-30 21:37:39,781 [INFO] 192.168.1.28 - - [30/Oct/2025 21:37:39] "GET /api/history HTTP/1.1" 200 -
2025-10-30 21:37:39,796 [INFO] 192.168.1.28 - - [30/Oct/2025 21:37:39] "GET /stream_alerts HTTP/1.1" 200 -
2025-10-30 21:37:40,834 [INFO] 192.168.1.28 - - [30/Oct/2025 21:37:40] "GET /predict HTTP/1.1" 200 -
2025-10-30 21:37:40,875 [INFO] 192.168.1.28 - - [30/Oct/2025 21:37:40] "[36mGET /static/style.css HTTP/1.1[0m" 304 -
2025-10-30 21:37:40,900 [INFO] 192.168.1.28 - - [30/Oct/2025 21:37:40] "GET /api/history HTTP/1.1" 200 -
2025-10-30 21:37:40,914 [INFO] 192.168.1.28 - - [30/Oct/2025 21:37:40] "GET /stream_alerts HTTP/1.1" 200 -
2025-10-30 21:37:41,004 [INFO] 192.168.1.28 - - [30/Oct/2025 21:37:41] "GET /predict HTTP/1.1" 200 -
2025-10-30 21:37:41,035 [INFO] 192.168.1.28 - - [30/Oct/2025 21:37:41] "[36mGET /static/style.css HTTP/1.1[0m" 304 -
2025-10-30 21:37:41,051 [INFO] 192.168.1.28 - - [30/Oct/2025 21:37:41] "GET /api/history HTTP/1.1" 200 -
2025-10-30 21:37:41,065 [INFO] 192.168.1.28 - - [30/Oct/2025 21:37:41] "GET /stream_alerts HTTP/1.1" 200 -
2025-10-30 21:37:41,213 [INFO] 192.168.1.28 - - [30/Oct/2025 21:37:41] "GET /predict HTTP/1.1" 200 -
2025-10-30 21:37:41,244 [INFO] 192.168.1.28 - - [30/Oct/2025 21:37:41] "[36mGET /static/style.css HTTP/1.1[0m" 304 -
2025-10-30 21:37:41,262 [INFO] 192.168.1.28 - - [30/Oct/2025 21:37:41] "GET /api/history HTTP/1.1" 200 -
2025-10-30 21:37:41,273 [INFO] 192.168.1.28 - - [30/Oct/2025 21:37:41] "GET /stream_alerts HTTP/1.1" 200 -
2025-10-30 21:37:43,387 [INFO] 192.168.1.28 - - [30/Oct/2025 21:37:43] "[32mGET /logout HTTP/1.1[0m" 302 -
2025-10-30 21:37:43,407 [INFO] 192.168.1.28 - - [30/Oct/2025 21:37:43] "GET / HTTP/1.1" 200 -
2025-10-30 21:37:43,460 [INFO] 192.168.1.28 - - [30/Oct/2025 21:37:43] "[36mGET /static/style.css HTTP/1.1[0m" 304 -
